-- phpMyAdmin SQL Dump
-- version 4.3.11
-- http://www.phpmyadmin.net
--
-- Host: 127.0.0.1
-- Generation Time: Aug 16, 2017 at 07:03 AM
-- Server version: 5.6.24
-- PHP Version: 5.6.8

SET SQL_MODE = "NO_AUTO_VALUE_ON_ZERO";
SET time_zone = "+00:00";


/*!40101 SET @OLD_CHARACTER_SET_CLIENT=@@CHARACTER_SET_CLIENT */;
/*!40101 SET @OLD_CHARACTER_SET_RESULTS=@@CHARACTER_SET_RESULTS */;
/*!40101 SET @OLD_COLLATION_CONNECTION=@@COLLATION_CONNECTION */;
/*!40101 SET NAMES utf8 */;

--
-- Database: `dbdrive`
--

-- --------------------------------------------------------

--
-- Table structure for table `admin`
--

CREATE TABLE IF NOT EXISTS `admin` (
  `status` varchar(255) DEFAULT NULL COMMENT '1 =>active , 0 =>inactive',
  `user_type` varchar(255) DEFAULT NULL COMMENT '1 => admin ,2 =>manager ,3 =>operator',
  `id` int(11) NOT NULL,
  `username` varchar(255) DEFAULT NULL,
  `password` varchar(255) DEFAULT NULL,
  `first_name` varchar(250) DEFAULT NULL,
  `last_name` varchar(250) DEFAULT NULL,
  `email` varchar(250) DEFAULT NULL,
  `profile_picture` varchar(255) DEFAULT NULL,
  `created_date` varchar(255) DEFAULT NULL
) ENGINE=InnoDB AUTO_INCREMENT=7 DEFAULT CHARSET=latin1;

--
-- Dumping data for table `admin`
--

INSERT INTO `admin` (`status`, `user_type`, `id`, `username`, `password`, `first_name`, `last_name`, `email`, `profile_picture`, `created_date`) VALUES
('1', '1', 1, 'admin', '21232f297a57a5a743894a0e4a801fc3', 'john', 'smith', 'john.smith@gmail.com', 'uploads/admin/1.png', '2017-02-01'),
('1', '3', 5, 'vijaykumar', 'd41d8cd98f00b204e9800998ecf8427e', 'vijay', 'shunmugavel', 'vijayshun@gmail.com', 'uploads/1493268680_46.png', '2017-04-27 06:50:11 AM'),
('1', '2', 6, 'sunny', 'c515b35bcc2601d8bdc84ee559d63388', 'sunny', 'mars', 'sunny@gmail.com', 'uploads/1493278742_Wagon.png', '2017-04-27 09:38:10 AM');

-- --------------------------------------------------------

--
-- Table structure for table `admin_role`
--

CREATE TABLE IF NOT EXISTS `admin_role` (
  `id` int(11) NOT NULL,
  `rolename` varchar(255) DEFAULT NULL,
  `created_date` varchar(255) DEFAULT NULL
) ENGINE=MyISAM AUTO_INCREMENT=15 DEFAULT CHARSET=latin1;

--
-- Dumping data for table `admin_role`
--

INSERT INTO `admin_role` (`id`, `rolename`, `created_date`) VALUES
(1, 'Admin', '2017-03-01 12:09:35'),
(2, 'Manager', '2017-03-01 12:09:40'),
(3, 'Operator', '2017-03-10 12:54:24');

-- --------------------------------------------------------

--
-- Table structure for table `admin_role_pages`
--

CREATE TABLE IF NOT EXISTS `admin_role_pages` (
  `p_id` int(11) NOT NULL,
  `pages` varchar(255) DEFAULT NULL
) ENGINE=MyISAM AUTO_INCREMENT=128 DEFAULT CHARSET=latin1;

--
-- Dumping data for table `admin_role_pages`
--

INSERT INTO `admin_role_pages` (`p_id`, `pages`) VALUES
(1, 'Admin/edit_profile'),
(2, 'Admin/login-form'),
(3, 'Cardirectory/add-cardirectory'),
(4, 'Cardirectory/edit-cardirectory'),
(5, 'Cardirectory/gallery'),
(6, 'Cardirectory/view-cardirectory'),
(7, 'Cardirectory/view-cardirectorypopup'),
(8, 'Cardirectory/view-car-gallery'),
(9, 'Category/view-Category'),
(10, 'Category/edit-Category'),
(14, 'Color/add-color'),
(15, 'Color/edit-color'),
(16, 'Dealer/add-dealer'),
(17, 'Dealer/edit-dealer'),
(18, 'Dealer/view-dealer'),
(19, 'Dealer/view-dealerpopup'),
(20, 'Discount/add-discount'),
(21, 'Discount/edit-discount'),
(22, 'Discount/view-discount'),
(23, 'FAQ/add-faq'),
(24, 'FAQ/edit-faq'),
(25, 'FAQ/view-faq'),
(26, 'Feature/add-feature'),
(27, 'Feature/edit-feature'),
(28, 'Fuel/add-fuel'),
(29, 'Fuel/edit-fuel'),
(30, 'Home/Dashboard'),
(31, 'Insurance/add-insurance'),
(32, 'Insurance/edit-insurance'),
(33, 'Make/add-make'),
(34, 'Make/edit-make'),
(35, 'Model/add-model'),
(36, 'Model/edit-model'),
(96, 'Role/role'),
(38, 'Package/edit-package'),
(39, 'Package/view-package'),
(97, 'Translation/chronologypopup/add_chronology'),
(41, 'Payment/add-payment'),
(42, 'Payment/edit-payment'),
(43, 'Payment/view-payment'),
(44, 'Payment/view-paymentpopup'),
(45, 'Renter/add-renter'),
(46, 'Renter/edit-renter'),
(47, 'Renter/view-renter'),
(48, 'Renter/view-renterpopup'),
(49, 'Role/role-management'),
(50, 'Settings/add-settings'),
(51, 'Showroom/add-showroom'),
(52, 'Showroom/edit-showroom'),
(53, 'Showroom/view-showroom'),
(54, 'Showroom/view-showroompopup'),
(55, 'Staff/add-Staff'),
(56, 'Staff/edit-Staff'),
(57, 'Staff/view-Staff'),
(58, 'Role/role_management'),
(59, 'Home/Dashboard'),
(60, 'Renter/add-cojockeys'),
(61, 'Renter/edit-cojockeys'),
(62, 'Renter/add-licence'),
(63, 'Renter/edit-licence'),
(64, 'Location/location'),
(65, 'Location/edit-location'),
(66, 'Deal/add-deal'),
(67, 'Deal/edit-deal'),
(68, 'Deal/view-deal'),
(69, 'Deal/view-dealpopup'),
(70, 'Role/add-role'),
(71, 'Role/edit-role'),
(72, 'Carpayment/add-carpayment'),
(73, 'Carpayment/edit-carpayment'),
(74, 'Carpayment/view-carpayment'),
(75, 'Carpayment/view-cpaymentpopup'),
(76, 'Place/add-place'),
(77, 'Place/edit-place'),
(78, 'Duration/add-duration'),
(79, 'Duration/edit-duration'),
(80, 'Tariff/add-tariff'),
(81, 'Tariff/edit-tariff'),
(82, 'Tariff/tariff-package'),
(83, 'Tariff/tariff-packageedit'),
(84, 'Tariff/view-tariffpackage'),
(85, 'Commute/add-commute'),
(86, 'Commute/edit-commute'),
(87, 'Commute/commute-package'),
(88, 'Commute/commute-editpackage'),
(89, 'Commute/view-commutepackage'),
(90, 'Translation/Home/add_home'),
(91, 'Translation/Home/edit_home'),
(92, 'Translation/Home/view_home'),
(93, 'Translation/Login/add_login'),
(98, 'Translation/chronologypopup/edit_chronology'),
(94, 'Translation/Login/edit_login'),
(95, 'Translation/Login/view_login'),
(99, 'Translation/chronologypopup/view_chronology'),
(100, 'Translation/Commute/add_commute'),
(101, 'Translation/Commute/edit_commute'),
(102, 'Translation/Commute/view_commute'),
(103, 'Translation/coupebooking/add_coupebooking'),
(104, 'Translation/coupebooking/edit_coupebooking'),
(105, 'Translation/coupebooking/view_coupebooking'),
(108, 'Translation/Deal/add_deal'),
(109, 'Translation/Deal/edit_deal'),
(110, 'Translation/Deal/view_deal'),
(117, 'Translation/Offer/add_offers'),
(118, 'Translation/Offer/edit_offers'),
(119, 'Translation/Offer/view_offers'),
(120, 'Translation/Tariff/add_tariff'),
(121, 'Translation/Tariff/edit_tariff'),
(122, 'Translation/Tariff/view_tariff'),
(123, 'Caroffer/add_caroffer'),
(124, 'Caroffer/edit_caroffer'),
(125, 'Translation/Renter/add_renter'),
(126, 'Translation/Renter/edit_renter'),
(127, 'Translation/Renter/view_renter');

-- --------------------------------------------------------

--
-- Table structure for table `admin_role_permission`
--

CREATE TABLE IF NOT EXISTS `admin_role_permission` (
  `id` int(11) NOT NULL,
  `role_id` varchar(255) DEFAULT NULL,
  `page_id` varchar(500) DEFAULT NULL,
  `created_by` varchar(250) DEFAULT NULL,
  `created_on` varchar(250) DEFAULT NULL
) ENGINE=MyISAM AUTO_INCREMENT=47 DEFAULT CHARSET=latin1;

--
-- Dumping data for table `admin_role_permission`
--

INSERT INTO `admin_role_permission` (`id`, `role_id`, `page_id`, `created_by`, `created_on`) VALUES
(1, '1', '1,2,3,4,5,6,7,8,9,10,11,12,13,14,15,16,17,18,19,20,21,22,23,24,25,26,27,28,29,30,31,32,33,34,35,36,37,38,39,40,41,42,43,44,45,46,47,48,49,50,51,52,53,54,55,56,57,58,59,60,61,62,63,64,65,66,67,68,69,70,71,72,73,74,75,76,77,78,79,80,81,82,83,84,85,86,87,88,89,90,91,92,93,94,95,96,97,98,99,100,101,102,103,104,105,106,107,108,109,110,111,112,113,114,115,116,117,118,119,120,121,122,123,124,125,126,127', NULL, '2017-03-10 07:41:40');

-- --------------------------------------------------------

--
-- Table structure for table `car_booking`
--

CREATE TABLE IF NOT EXISTS `car_booking` (
  `status` int(1) DEFAULT '1' COMMENT '1 => pending , 2 => completed , 3 =>cancelled , 4=> car running',
  `listing_id` int(11) DEFAULT NULL,
  `renter_id` int(11) DEFAULT NULL,
  `location_id` int(11) NOT NULL,
  `sub_location_id` int(11) DEFAULT NULL,
  `tariff_id` int(11) NOT NULL,
  `id` int(11) NOT NULL,
  `amount` varchar(255) DEFAULT NULL,
  `from_date` varchar(255) DEFAULT NULL,
  `to_date` varchar(255) DEFAULT NULL,
  `from_time` varchar(255) DEFAULT NULL,
  `to_time` varchar(255) DEFAULT NULL,
  `total_date` varchar(255) DEFAULT NULL,
  `from_full_date` varchar(255) DEFAULT NULL,
  `to_full_date` varchar(255) DEFAULT NULL,
  `updated_on` varchar(255) DEFAULT NULL
) ENGINE=MyISAM AUTO_INCREMENT=6 DEFAULT CHARSET=latin1;

-- --------------------------------------------------------

--
-- Table structure for table `car_category`
--

CREATE TABLE IF NOT EXISTS `car_category` (
  `id` int(11) NOT NULL,
  `name` varchar(250) DEFAULT NULL,
  `image` varchar(255) DEFAULT NULL,
  `created_on` varchar(255) NOT NULL,
  `created_by` varchar(255) NOT NULL
) ENGINE=MyISAM AUTO_INCREMENT=17 DEFAULT CHARSET=latin1;

--
-- Dumping data for table `car_category`
--

INSERT INTO `car_category` (`id`, `name`, `image`, `created_on`, `created_by`) VALUES
(1, 'Hatchback', 'uploads/category/luxury.png', '2017-03-22  15:49:57', '1'),
(2, 'Sedan', 'uploads/category/branded.png', '2017-03-22  15:49:58', '1'),
(7, 'SUV', 'uploads/category/luxury.png', '2017-03-22  15:49:59', '1'),
(8, 'Wagon', 'uploads/category/branded.png', '2017-03-22  15:49:60', '1'),
(9, 'Sports', 'uploads/category/luxury.png', '2017-03-22  15:49:61', '1'),
(10, 'Sports Utility', 'uploads/category/branded.png', '2017-03-22  15:49:62', '1'),
(11, 'Coupe', 'uploads/category/luxury.png', '2017-03-22  15:49:63', '1'),
(12, 'Luxury', 'uploads/category/branded.png', '2017-03-22  15:49:64', '1'),
(13, 'Pickup Truck', 'uploads/category/luxury.png', '2017-03-22  15:49:65', '1'),
(14, 'Van', 'uploads/category/branded.png', '2017-03-22  15:49:66', '1'),
(15, 'Branded', 'uploads/category/luxury.png', '2017-03-22  15:49:66', '1');

-- --------------------------------------------------------

--
-- Table structure for table `car_color`
--

CREATE TABLE IF NOT EXISTS `car_color` (
  `id` int(11) NOT NULL,
  `color_name` varchar(250) DEFAULT NULL,
  `created_on` varchar(255) DEFAULT NULL,
  `created_by` varchar(255) DEFAULT NULL
) ENGINE=MyISAM AUTO_INCREMENT=23 DEFAULT CHARSET=latin1;

--
-- Dumping data for table `car_color`
--

INSERT INTO `car_color` (`id`, `color_name`, `created_on`, `created_by`) VALUES
(1, 'Silver', '2017-03-22  12:36:20', '1'),
(7, 'Grey', '2017-03-22  12:36:29', '1'),
(9, 'Red', '2017-03-22  12:36:32', '1'),
(10, 'Blue', '2017-03-22  12:36:36', '1'),
(11, 'Beige', '2017-03-22  12:36:39', '1'),
(12, 'Yellow', '2017-03-22  12:36:45', '1'),
(13, 'Green', '2017-03-22  12:36:53', '1'),
(14, 'Brown', '2017-03-22  12:36:57', '1'),
(15, 'Burgundy', '2017-03-22  12:37:07', '1'),
(16, 'Charcoal', '2017-03-22  12:37:12', '1'),
(17, 'Gold', '2017-03-22  12:37:16', '1'),
(18, 'Pink', '2017-03-22  12:37:19', '1'),
(19, 'Purple', '2017-03-22  12:37:23', '1'),
(20, 'Tan', '2017-03-22  12:37:26', '1'),
(21, 'Turquoise', '2017-03-22  12:37:30', '1');

-- --------------------------------------------------------

--
-- Table structure for table `car_feature`
--

CREATE TABLE IF NOT EXISTS `car_feature` (
  `id` int(11) NOT NULL,
  `name` varchar(200) DEFAULT NULL,
  `created_on` varchar(255) DEFAULT NULL,
  `created_by` varchar(255) DEFAULT NULL
) ENGINE=MyISAM AUTO_INCREMENT=33 DEFAULT CHARSET=utf8;

--
-- Dumping data for table `car_feature`
--

INSERT INTO `car_feature` (`id`, `name`, `created_on`, `created_by`) VALUES
(1, 'Air Conditioning', NULL, NULL),
(2, 'Cassette Player', NULL, NULL),
(3, 'CD Player', NULL, NULL),
(4, 'Leather Seats', NULL, NULL),
(5, 'Navigation System', NULL, NULL),
(6, 'Power Door Locks', NULL, NULL),
(7, 'Power Drivers Seat', NULL, NULL),
(8, 'Power Windows', NULL, NULL),
(9, 'Stability Control', NULL, NULL),
(10, 'Power Sunroof', NULL, NULL),
(11, 'Traction Control', NULL, NULL),
(12, 'Tire Pressure Monitoring System (TPMS)', NULL, NULL),
(13, 'Automatic climate control', NULL, NULL),
(14, 'Rear air conditioning', NULL, NULL),
(15, 'Side-step running boards', NULL, NULL),
(16, 'Antilock Brake System', NULL, NULL),
(17, 'Electric Mirrors', NULL, NULL),
(18, 'DVD Player', NULL, NULL),
(19, 'Remote Starter', NULL, NULL),
(20, 'Anti-Theft System', NULL, NULL),
(21, 'Heated Seat', NULL, NULL),
(22, 'Power Passenger Seat', NULL, NULL),
(23, 'Power Mirrors', NULL, NULL),
(24, 'Leather Steering Wheel', NULL, NULL),
(25, 'Digital Info Center', NULL, NULL),
(26, 'Rear Defogger', NULL, NULL),
(27, 'Fog Lights', NULL, NULL),
(28, 'Intermittent Wipers', NULL, NULL),
(29, 'Leather Interior Surface', NULL, NULL),
(30, 'Side Airbags', NULL, NULL),
(31, 'Security System', NULL, NULL),
(32, 'All wheel drive', NULL, NULL);

-- --------------------------------------------------------

--
-- Table structure for table `car_fuel`
--

CREATE TABLE IF NOT EXISTS `car_fuel` (
  `id` int(6) NOT NULL,
  `name` varchar(100) DEFAULT NULL,
  `created_on` varchar(255) DEFAULT NULL,
  `created_by` varchar(255) DEFAULT NULL
) ENGINE=MyISAM AUTO_INCREMENT=11 DEFAULT CHARSET=utf8;

--
-- Dumping data for table `car_fuel`
--

INSERT INTO `car_fuel` (`id`, `name`, `created_on`, `created_by`) VALUES
(1, 'Biodiesel', NULL, NULL),
(2, 'CNG', NULL, NULL),
(3, 'Diesel', NULL, NULL),
(4, 'Electric', NULL, NULL),
(5, 'Ethanol-FFV', NULL, NULL),
(6, 'Gasoline', NULL, NULL),
(7, 'Hybrid-Electric', NULL, NULL),
(8, 'Steam', NULL, NULL),
(9, 'Other', NULL, NULL);

-- --------------------------------------------------------

--
-- Table structure for table `car_gallery`
--

CREATE TABLE IF NOT EXISTS `car_gallery` (
  `status` int(1) NOT NULL DEFAULT '1',
  `id` int(11) NOT NULL,
  `listing_id` int(11) DEFAULT NULL,
  `picture` varchar(250) DEFAULT NULL,
  `created_on` varchar(250) DEFAULT NULL,
  `created_by` varchar(250) DEFAULT NULL
) ENGINE=MyISAM AUTO_INCREMENT=12 DEFAULT CHARSET=latin1;

--
-- Dumping data for table `car_gallery`
--

INSERT INTO `car_gallery` (`status`, `id`, `listing_id`, `picture`, `created_on`, `created_by`) VALUES
(1, 1, 1, 'assets/uploads/1493273598_branded.png', '27-04-2017  11:48:47', '1'),
(1, 2, 1, 'assets/uploads/1493273598_Hatchback.png', '27-04-2017  11:48:47', '1'),
(1, 3, 1, 'assets/uploads/1493273598_luxury.png', '27-04-2017  11:48:47', '1'),
(1, 4, 1, 'assets/uploads/1493273598_Sedan.png', '27-04-2017  11:48:47', '1'),
(1, 5, 1, 'assets/uploads/1493273598_SUV.png', '27-04-2017  11:48:47', '1'),
(1, 6, 1, 'assets/uploads/1493273598_Wagon.png', '27-04-2017  11:48:47', '1'),
(1, 7, 1, 'assets/uploads/1493273640_branded.png', '27-04-2017  11:48:47', '1'),
(1, 8, 1, 'assets/uploads/1493273640_Hatchback.png', '27-04-2017  11:48:47', '1'),
(1, 9, 1, 'assets/uploads/1493273640_SUV.png', '27-04-2017  11:48:47', '1'),
(1, 11, 1, 'assets/uploads/1493273936_IMG_FC3507-E0061F-6126AB-B7B3B7-FEB398-9EDFB4.jpg', '27-04-2017  11:48:47', '1');

-- --------------------------------------------------------

--
-- Table structure for table `car_insurance`
--

CREATE TABLE IF NOT EXISTS `car_insurance` (
  `id` int(11) NOT NULL,
  `name` varchar(250) DEFAULT NULL,
  `created_on` varchar(255) DEFAULT NULL,
  `created_by` varchar(255) DEFAULT NULL
) ENGINE=MyISAM AUTO_INCREMENT=5 DEFAULT CHARSET=latin1;

--
-- Dumping data for table `car_insurance`
--

INSERT INTO `car_insurance` (`id`, `name`, `created_on`, `created_by`) VALUES
(1, '3rd party', '2017-03-22  12:42:30', '1'),
(2, 'Comprehensive', '2017-03-22  12:42:32', '1'),
(3, 'Excess', '2017-03-22  12:42:34', '1');

-- --------------------------------------------------------

--
-- Table structure for table `car_listing`
--

CREATE TABLE IF NOT EXISTS `car_listing` (
  `status` int(1) NOT NULL DEFAULT '1',
  `from_date` varchar(255) DEFAULT NULL,
  `to_date` varchar(255) DEFAULT NULL,
  `id` int(11) NOT NULL,
  `dealer_id` int(11) DEFAULT NULL,
  `showroom_id` int(11) DEFAULT NULL,
  `car_name` varchar(250) DEFAULT NULL,
  `listing_title` varchar(250) DEFAULT NULL,
  `make` varchar(250) DEFAULT NULL,
  `model` varchar(250) DEFAULT NULL,
  `model_year` varchar(250) DEFAULT NULL,
  `main_image` varchar(250) DEFAULT NULL,
  `seats` int(11) DEFAULT NULL,
  `price_km` varchar(255) DEFAULT NULL,
  `category` varchar(250) DEFAULT NULL,
  `stock` varchar(250) DEFAULT NULL,
  `condition` varchar(250) DEFAULT NULL,
  `vin` varchar(250) DEFAULT NULL,
  `odometer` varchar(250) DEFAULT NULL,
  `torque` varchar(250) DEFAULT NULL,
  `interior_color` varchar(250) DEFAULT NULL,
  `exterior_color` varchar(250) DEFAULT NULL,
  `engine` varchar(250) DEFAULT NULL,
  `doors` varchar(250) DEFAULT NULL,
  `transmission` varchar(250) DEFAULT NULL,
  `top_speed` varchar(250) DEFAULT NULL,
  `drive_train` varchar(250) DEFAULT NULL,
  `fuel_type` varchar(250) DEFAULT NULL,
  `horse_power` varchar(250) DEFAULT NULL,
  `insurance` varchar(250) NOT NULL,
  `car_features` varchar(250) DEFAULT NULL,
  `car_description` longtext,
  `touring_capacity` varchar(250) DEFAULT NULL,
  `created_on` varchar(255) NOT NULL,
  `created_by` varchar(255) NOT NULL
) ENGINE=MyISAM AUTO_INCREMENT=12 DEFAULT CHARSET=latin1;

--
-- Dumping data for table `car_listing`
--

INSERT INTO `car_listing` (`status`, `from_date`, `to_date`, `id`, `dealer_id`, `showroom_id`, `car_name`, `listing_title`, `make`, `model`, `model_year`, `main_image`, `seats`, `price_km`, `category`, `stock`, `condition`, `vin`, `odometer`, `torque`, `interior_color`, `exterior_color`, `engine`, `doors`, `transmission`, `top_speed`, `drive_train`, `fuel_type`, `horse_power`, `insurance`, `car_features`, `car_description`, `touring_capacity`, `created_on`, `created_by`) VALUES
(1, '', '', 1, 1, 1, 'Suzuki XL', 'Suzuki XL', '128', '5148', '2000', 'uploads/1493369575_16.png', 4, '70', '12', '1234', 'New', 'TX12233', '23111', '12123', '7', '7', '1221223', '4', 'Automatic', '300', 'eeeee', '2', '323233', '2', '2,3,4', 'testtesttesttesttesttesttesttest', '788955', '2017-04-27  10:35:31', '1'),
(1, '', '', 3, 2, 5, 'Audi Super', 'Audi Super', '10', '327', '2000', 'uploads/1493369575_16.png', 4, '70', '12', '1234', 'New', 'TX12233', '23111', '12123', '7', '7', '1221223', '4', 'Automatic', '300', 'eeeee', '2', '323233', '2', '2,3,4', 'testtesttesttesttesttesttesttest', '788955', '2017-04-27  10:35:31', '1'),
(1, '', '', 2, 2, 4, 'Bentley super', 'Bentley super', '12', '787', '2016', 'uploads/1493369543_29.png', 4, '100', '12', '1253', 'New', 'TAz123', '11', '123', '21', '20', '1425653', '2', 'Automatic', '260', 'GOOD', '2', '325', '1', '3', 'FGH', '1199 cc', '2017-04-27  12:42:49', '1'),
(1, '', '', 4, 3, 2, 'BMW Cyber', 'BMW Cyber', '11', '525', '2016', 'uploads/1493369543_29.png', 4, '100', '12', '1253', 'New', 'TAz123', '11', '123', '21', '20', '1425653', '2', 'Automatic', '260', 'GOOD', '2', '325', '1', '3', 'FGH', '1199 cc', '2017-04-27  12:42:49', '1'),
(1, '', '', 5, 2, 4, 'Nissan', 'Honda Cars', '2', '34', '2017', 'uploads/1493725646_nissan.jpg', 5, '100', '1', '1234', 'New', '1234', '11', '1234', '14', '10', '1122', '2', 'Automatic', '260', 'good', '2', '115', '1', '2', 'Lorem ipsum dolor sit amet, amet in erat montes, habitant lacus vel laoreet, wisi arcu ad quis risus eu, vehicula curabitur erat praesent ut justo, amet cras magna neque condimentum erat. Ut ultricies per wisi ut, molestie non vitae. Integer sapien augue lorem rutrum, risus etiam, nunc mauris ipsum et auctor. Egestas faucibus integer dolor. Risus ipsum, venenatis mauris mauris cursus lectus justo. Elit aenean arcu amet adipiscing vel, cras vel sapien luctus quis, in nulla phasellus ac, vestibulum orci nec mattis blandit in dolor, autem in. Eget felis leo aliquam, sed placerat pellentesque, eleifend sed morbi erat a debitis, feugiat id duis et. Eget lectus duis neque velit.', '1199 cc', '2017-05-02  16:14:11', '1'),
(1, '', '', 6, 3, 2, 'Porche', 'Porche Car', '6', '241', '2016', 'uploads/1493722977_porche.jpg', 5, '100', '2', '20', 'New', '6325417', '11', '123', '9', '1', '1425653', '3', 'Manual', '260', 'good', '7', '325', '3', '3,4,6', 'Lorem ipsum dolor sit amet, amet in erat montes, habitant lacus vel laoreet, wisi arcu ad quis risus eu, vehicula curabitur erat praesent ut justo, amet cras magna neque condimentum erat. Ut ultricies per wisi ut, molestie non vitae. Integer sapien augue lorem rutrum, risus etiam, nunc mauris ipsum et auctor. Egestas faucibus integer dolor. Risus ipsum, venenatis mauris mauris cursus lectus justo. Elit aenean arcu amet adipiscing vel, cras vel sapien luctus quis, in nulla phasellus ac, vestibulum orci nec mattis blandit in dolor, autem in. Eget felis leo aliquam, sed placerat pellentesque, eleifend sed morbi erat a debitis, feugiat id duis et. Eget lectus duis neque velit.', '1199 cc', '2017-05-02  16:28:12', '1'),
(1, '', '', 7, 3, 3, 'Audi', 'Audi  Cars', '18', '1202', '2016', 'uploads/1493724001_4fd646e3fa01c250b586caf283a48f5c.png', 5, '100', '12', '15', 'New', '6325417', '11', '123', '19', '10', '5h21', '3', 'Manual', '260', 'good', '4', '325', '2', '2,3,4', 'Lorem ipsum dolor sit amet, amet in erat montes, habitant lacus vel laoreet, wisi arcu ad quis risus eu, vehicula curabitur erat praesent ut justo, amet cras magna neque condimentum erat. Ut ultricies per wisi ut, molestie non vitae. Integer sapien augue lorem rutrum, risus etiam, nunc mauris ipsum et auctor. Egestas faucibus integer dolor. Risus ipsum, venenatis mauris mauris cursus lectus justo. Elit aenean arcu amet adipiscing vel, cras vel sapien luctus quis, in nulla phasellus ac, vestibulum orci nec mattis blandit in dolor, autem in. Eget felis leo aliquam, sed placerat pellentesque, eleifend sed morbi erat a debitis, feugiat id duis et. Eget lectus duis neque velit.', '1199 cc', '2017-05-02  16:41:45', '1'),
(1, '', '', 8, 2, 4, 'Ferrari', 'Ferrari Cars', '13', '1047', '2017', 'uploads/1493724788_ferrari.jpg', 5, '100', '12', '10', 'New', '6325417', '11', '123', '20', '12', '1425653', '4', 'Tiptronic', '260', 'good', '7', '325', '2', '4,9,15', 'Lorem ipsum dolor sit amet, amet in erat montes, habitant lacus vel laoreet, wisi arcu ad quis risus eu, vehicula curabitur erat praesent ut justo, amet cras magna neque condimentum erat. Ut ultricies per wisi ut, molestie non vitae. Integer sapien augue lorem rutrum, risus etiam, nunc mauris ipsum et auctor. Egestas faucibus integer dolor. Risus ipsum, venenatis mauris mauris cursus lectus justo. Elit aenean arcu amet adipiscing vel, cras vel sapien luctus quis, in nulla phasellus ac, vestibulum orci nec mattis blandit in dolor, autem in. Eget felis leo aliquam, sed placerat pellentesque, eleifend sed morbi erat a debitis, feugiat id duis et. Eget lectus duis neque velit.', '1199 cc', '2017-05-02  17:00:28', '1'),
(1, '', '', 9, 2, 5, 'Ford', 'Ford Cars', '15', '1112', '2016', 'uploads/1493725238_ford.jpg', 5, '1041', '15', '1022', 'New', '6325417', '11', '123', '19', '14', '1425653', '4', 'Manual', '260', 'good', '6', '325', '3', '2,4,5,6', 'Lorem ipsum dolor sit amet, amet in erat montes, habitant lacus vel laoreet, wisi arcu ad quis risus eu, vehicula curabitur erat praesent ut justo, amet cras magna neque condimentum erat. Ut ultricies per wisi ut, molestie non vitae. Integer sapien augue lorem rutrum, risus etiam, nunc mauris ipsum et auctor. Egestas faucibus integer dolor. Risus ipsum, venenatis mauris mauris cursus lectus justo. Elit aenean arcu amet adipiscing vel, cras vel sapien luctus quis, in nulla phasellus ac, vestibulum orci nec mattis blandit in dolor, autem in. Eget felis leo aliquam, sed placerat pellentesque, eleifend sed morbi erat a debitis, feugiat id duis et. Eget lectus duis neque velit.', '1199 cc', '2017-05-02  17:08:12', '1'),
(1, '', '', 10, 3, 2, 'Hyundai', 'aHyundai', '12', '802', '2017', 'uploads/1493725954_hundayi.jpg', 5, '100', '2', '1234', 'New', '6325417', '11', '123', '15', '15', '1425653', '5', 'Manual', '260', 'good', '4', '325', '1', '3,4', 'Lorem ipsum dolor sit amet, amet in erat montes, habitant lacus vel laoreet, wisi arcu ad quis risus eu, vehicula curabitur erat praesent ut justo, amet cras magna neque condimentum erat. Ut ultricies per wisi ut, molestie non vitae. Integer sapien augue lorem rutrum, risus etiam, nunc mauris ipsum et auctor. Egestas faucibus integer dolor. Risus ipsum, venenatis mauris mauris cursus lectus justo. Elit aenean arcu amet adipiscing vel, cras vel sapien luctus quis, in nulla phasellus ac, vestibulum orci nec mattis blandit in dolor, autem in. Eget felis leo aliquam, sed placerat pellentesque, eleifend sed morbi erat a debitis, feugiat id duis et. Eget lectus duis neque velit.', '1199 cc', '2017-05-02  17:21:05', '1'),
(1, '', '', 11, 3, 8, 'volvo', 'Volvo cars', '7', '242', '2016', 'uploads/1493726786_volvo.jpg', 5, '100', '14', '1234', 'New', '6325417', '11', '123', '11', '15', '1425653', '5', 'Manual', '260', 'good', '6', '325', '3', '2,4', 'Lorem ipsum dolor sit amet, amet in erat montes, habitant lacus vel laoreet, wisi arcu ad quis risus eu, vehicula curabitur erat praesent ut justo, amet cras magna neque condimentum erat. Ut ultricies per wisi ut, molestie non vitae. Integer sapien augue lorem rutrum, risus etiam, nunc mauris ipsum et auctor. Egestas faucibus integer dolor. Risus ipsum, venenatis mauris mauris cursus lectus justo. Elit aenean arcu amet adipiscing vel, cras vel sapien luctus quis, in nulla phasellus ac, vestibulum orci nec mattis blandit in dolor, autem in. Eget felis leo aliquam, sed placerat pellentesque, eleifend sed morbi erat a debitis, feugiat id duis et. Eget lectus duis neque velit.', '1199 cc', '2017-05-02  17:34:43', '1');

-- --------------------------------------------------------

--
-- Table structure for table `car_make`
--

CREATE TABLE IF NOT EXISTS `car_make` (
  `id` int(11) NOT NULL,
  `name` varchar(120) DEFAULT NULL,
  `name_slug` varchar(120) DEFAULT NULL,
  `created_on` varchar(255) DEFAULT NULL,
  `created_by` varchar(255) DEFAULT NULL
) ENGINE=MyISAM AUTO_INCREMENT=145 DEFAULT CHARSET=utf8;

--
-- Dumping data for table `car_make`
--

INSERT INTO `car_make` (`id`, `name`, `name_slug`, `created_on`, `created_by`) VALUES
(1, 'ABT', 'abt', NULL, NULL),
(2, 'AC Schnitzer', 'ac-schnitzer', NULL, NULL),
(3, 'Acura', 'acura', NULL, NULL),
(4, 'Alfa Romeo', 'alfa-romeo', NULL, NULL),
(5, 'Alpina', 'alpina', NULL, NULL),
(6, 'Arrinera', 'arrinera', NULL, NULL),
(7, 'Artega', 'artega', NULL, NULL),
(8, 'Ascari', 'ascari', NULL, NULL),
(9, 'Aston Martin', 'aston-martin', NULL, NULL),
(10, 'Audi', 'audi', NULL, NULL),
(11, 'BMW', 'bmw', NULL, NULL),
(12, 'Bentley', 'bentley', NULL, NULL),
(13, 'Bertone', 'bertone', NULL, NULL),
(14, 'Brabus', 'brabus', NULL, NULL),
(15, 'Breckland', 'breckland', NULL, NULL),
(16, 'Bugatti', 'bugatti', NULL, NULL),
(17, 'Buick', 'buick', NULL, NULL),
(18, 'Cadillac', 'cadillac', NULL, NULL),
(19, 'Caparo', 'caparo', NULL, NULL),
(20, 'Carlsson', 'carlsson', NULL, NULL),
(21, 'Caterham', 'caterham', NULL, NULL),
(22, 'Chevrolet', 'chevrolet', NULL, NULL),
(23, 'Chrysler', 'chrysler', NULL, NULL),
(24, 'Citroen', 'citroen', NULL, NULL),
(25, 'Covini', 'covini', NULL, NULL),
(26, 'Dacia', 'dacia', NULL, NULL),
(27, 'Daewoo', 'daewoo', NULL, NULL),
(28, 'Daihatsu', 'daihatsu', NULL, NULL),
(29, 'Daimler', 'daimler', NULL, NULL),
(30, 'De Tomaso', 'de-tomaso', NULL, NULL),
(31, 'Devon', 'devon', NULL, NULL),
(32, 'Dodge', 'dodge', NULL, NULL),
(33, 'Donkervoort', 'donkervoort', NULL, NULL),
(34, 'EDAG', 'edag', NULL, NULL),
(35, 'Edo', 'edo', NULL, NULL),
(36, 'Elfin', 'elfin', NULL, NULL),
(37, 'Eterniti', 'eterniti', NULL, NULL),
(38, 'FM Auto', 'fm-auto', NULL, NULL),
(39, 'FPV', 'fpv', NULL, NULL),
(40, 'Farbio', 'farbio', NULL, NULL),
(41, 'Ferrari', 'ferrari', NULL, NULL),
(42, 'Fiat', 'fiat', NULL, NULL),
(43, 'Fisker', 'fisker', NULL, NULL),
(44, 'Ford', 'ford', NULL, NULL),
(45, 'GM', 'gm', NULL, NULL),
(46, 'GMC', 'gmc', NULL, NULL),
(47, 'GTA', 'gta', NULL, NULL),
(48, 'Gordon Murray', 'gordon-murray', NULL, NULL),
(49, 'Gumpert', 'gumpert', NULL, NULL),
(50, 'HSV', 'hsv', NULL, NULL),
(51, 'Hamann', 'hamann', NULL, NULL),
(52, 'Hennessey', 'hennessey', NULL, NULL),
(53, 'Holden', 'holden', NULL, NULL),
(54, 'Honda', 'honda', NULL, NULL),
(55, 'Hummer', 'hummer', NULL, NULL),
(56, 'Hyundai', 'hyundai', NULL, NULL),
(57, 'Infiniti', 'infiniti', NULL, NULL),
(58, 'Isuzu', 'isuzu', NULL, NULL),
(59, 'Italdesign', 'italdesign', NULL, NULL),
(60, 'Iveco', 'iveco', NULL, NULL),
(61, 'Jaguar', 'jaguar', NULL, NULL),
(62, 'Jeep', 'jeep', NULL, NULL),
(63, 'KTM', 'ktm', NULL, NULL),
(64, 'Kia', 'kia', NULL, NULL),
(65, 'Kleemann', 'kleemann', NULL, NULL),
(66, 'Koenigsegg', 'koenigsegg', NULL, NULL),
(67, 'LCC', 'lcc', NULL, NULL),
(68, 'Lada', 'lada', NULL, NULL),
(69, 'Lamborghini', 'lamborghini', NULL, NULL),
(70, 'Lancia', 'lancia', NULL, NULL),
(71, 'Land Rover', 'land-rover', NULL, NULL),
(72, 'Leblanc', 'leblanc', NULL, NULL),
(73, 'Lexus', 'lexus', NULL, NULL),
(74, 'Lincoln', 'lincoln', NULL, NULL),
(75, 'Lobini', 'lobini', NULL, NULL),
(76, 'Loremo', 'loremo', NULL, NULL),
(77, 'Lotus', 'lotus', NULL, NULL),
(78, 'MG', 'mg', NULL, NULL),
(79, 'Mansory', 'mansory', NULL, NULL),
(80, 'Marcos', 'marcos', NULL, NULL),
(81, 'Maserati', 'maserati', NULL, NULL),
(82, 'Maybach', 'maybach', NULL, NULL),
(83, 'Mazda', 'mazda', NULL, NULL),
(84, 'Mazel', 'mazel', NULL, NULL),
(85, 'McLaren', 'mclaren', NULL, NULL),
(86, 'Mercedes-Benz', 'mercedes-benz', NULL, NULL),
(87, 'Mercury', 'mercury', NULL, NULL),
(88, 'Mindset', 'mindset', NULL, NULL),
(89, 'Mini', 'mini', NULL, NULL),
(90, 'Mitsubishi', 'mitsubishi', NULL, NULL),
(91, 'Mitsuoka', 'mitsuoka', NULL, NULL),
(92, 'Morgan', 'morgan', NULL, NULL),
(93, 'Nismo', 'nismo', NULL, NULL),
(94, 'Nissan', 'nissan', NULL, NULL),
(95, 'Noble', 'noble', NULL, NULL),
(96, 'ORCA', 'orca', NULL, NULL),
(97, 'Oldsmobile', 'oldsmobile', NULL, NULL),
(98, 'Opel', 'opel', NULL, NULL),
(99, 'PGO', 'pgo', NULL, NULL),
(100, 'Pagani', 'pagani', NULL, NULL),
(101, 'Panoz', 'panoz', NULL, NULL),
(102, 'Peugeot', 'peugeot', NULL, NULL),
(103, 'Pininfarina', 'pininfarina', NULL, NULL),
(104, 'Plymouth', 'plymouth', NULL, NULL),
(105, 'Pontiac', 'pontiac', NULL, NULL),
(106, 'Porsche', 'porsche', NULL, NULL),
(107, 'Proton', 'proton', NULL, NULL),
(108, 'Renault', 'renault', NULL, NULL),
(109, 'Rinspeed', 'rinspeed', NULL, NULL),
(110, 'Rolls-Royce', 'rolls-royce', NULL, NULL),
(111, 'Rover', 'rover', NULL, NULL),
(112, 'Saab', 'saab', NULL, NULL),
(113, 'Saleen', 'saleen', NULL, NULL),
(114, 'Saturn', 'saturn', NULL, NULL),
(115, 'Scion', 'scion', NULL, NULL),
(116, 'Seat', 'seat', NULL, NULL),
(117, 'Singer', 'singer', NULL, NULL),
(118, 'Skoda', 'skoda', NULL, NULL),
(119, 'Smart', 'smart', NULL, NULL),
(120, 'Spada', 'spada', NULL, NULL),
(121, 'Spyker', 'spyker', NULL, NULL),
(122, 'SsangYong', 'ssangyong', NULL, NULL),
(123, 'Startech', 'startech', NULL, NULL),
(124, 'Stola', 'stola', NULL, NULL),
(125, 'Strosek', 'strosek', NULL, NULL),
(126, 'StudioTorino', 'studiotorino', NULL, NULL),
(127, 'Subaru', 'subaru', NULL, NULL),
(128, 'Suzuki', 'suzuki', NULL, NULL),
(129, 'TVR', 'tvr', NULL, NULL),
(130, 'TechArt', 'techart', NULL, NULL),
(131, 'Tesla', 'tesla', NULL, NULL),
(132, 'Think', 'think', NULL, NULL),
(133, 'Toyota', 'toyota', NULL, NULL),
(134, 'Tramontana', 'tramontana', NULL, NULL),
(135, 'Valmet', 'valmet', NULL, NULL),
(136, 'Vauxhall', 'vauxhall', NULL, NULL),
(137, 'Venturi', 'venturi', NULL, NULL),
(138, 'Volkswagen', 'volkswagen', NULL, NULL),
(139, 'Volvo', 'volvo', NULL, NULL),
(140, 'Wald', 'wald', NULL, NULL),
(141, 'Wiesmann', 'wiesmann', NULL, NULL),
(142, 'Yes', 'yes', NULL, NULL),
(143, 'Zagato', 'zagato', NULL, NULL),
(144, 'Zenvo', 'zenvo', NULL, NULL);

-- --------------------------------------------------------

--
-- Table structure for table `car_model`
--

CREATE TABLE IF NOT EXISTS `car_model` (
  `id` int(11) NOT NULL,
  `make_id` int(11) DEFAULT NULL,
  `name` varchar(100) DEFAULT NULL,
  `created_on` varchar(255) DEFAULT NULL,
  `created_by` varchar(255) DEFAULT NULL
) ENGINE=MyISAM AUTO_INCREMENT=5724 DEFAULT CHARSET=utf8;

--
-- Dumping data for table `car_model`
--

INSERT INTO `car_model` (`id`, `make_id`, `name`, `created_on`, `created_by`) VALUES
(1, 1, 'Audi R8', NULL, NULL),
(2, 1, 'Audi AS5', NULL, NULL),
(3, 1, 'Audi TT-R', NULL, NULL),
(4, 1, 'Audi TT', NULL, NULL),
(5, 1, 'Audi Q7', NULL, NULL),
(6, 1, 'Audi Allroad Quattro', NULL, NULL),
(7, 1, 'VW Polo', NULL, NULL),
(8, 1, 'VW Passat', NULL, NULL),
(9, 1, 'VW Golf GTI', NULL, NULL),
(10, 1, 'VW Golf', NULL, NULL),
(11, 1, 'Audi AS6 Avant', NULL, NULL),
(12, 1, 'Audi AS4 Avant', NULL, NULL),
(13, 1, 'Audi AS4', NULL, NULL),
(14, 1, 'Audi AS3', NULL, NULL),
(15, 1, 'Audi AS6', NULL, NULL),
(16, 1, 'Audi AS400', NULL, NULL),
(17, 1, 'Audi AS3 Sportback', NULL, NULL),
(18, 1, 'VW Touran', NULL, NULL),
(19, 1, 'VW Touareg', NULL, NULL),
(20, 1, 'VW Sporting Van T5', NULL, NULL),
(21, 1, 'VW New Beetle Cabriolet', NULL, NULL),
(22, 1, 'Audi RS6 Avant', NULL, NULL),
(23, 1, 'Audi AS8', NULL, NULL),
(24, 1, 'Audi AS4 Cabriolet', NULL, NULL),
(25, 1, 'Skoda Superb', NULL, NULL),
(26, 1, 'Skoda Fabia', NULL, NULL),
(27, 1, 'Seat Leon', NULL, NULL),
(28, 1, 'Audi allroad quattro', NULL, NULL),
(29, 1, 'Audi TT Sport Roadster', NULL, NULL),
(30, 1, 'Audi TT Sport', NULL, NULL),
(31, 1, 'Audi TT-Limited Wide Body', NULL, NULL),
(32, 1, 'Audi TT-Limited II', NULL, NULL),
(33, 1, 'Audi TT-Limited', NULL, NULL),
(34, 2, 'ACS5 5Series E39', NULL, NULL),
(35, 2, 'ACS5 Sport S Concept', NULL, NULL),
(36, 2, '99d Concept', NULL, NULL),
(37, 2, 'AC Schnitzer BMW X6 M', NULL, NULL),
(38, 2, 'AC Schnitzer BMW X1', NULL, NULL),
(39, 2, 'BMW X6 Falcon', NULL, NULL),
(40, 2, 'BMW X5 Falcon', NULL, NULL),
(41, 2, 'BMW M3 Cabrio', NULL, NULL),
(42, 2, 'ACS1 1-Series Cabrio', NULL, NULL),
(43, 2, 'Mini Cooper R56', NULL, NULL),
(44, 2, 'GP3.10 Concept', NULL, NULL),
(45, 2, 'BMW Z4 Profile Concept', NULL, NULL),
(46, 2, 'ACS4 Z4 Sport Coupe', NULL, NULL),
(47, 2, 'ACS4 Z4 M Roadster', NULL, NULL),
(48, 2, 'ACS3 Sport BMW M3', NULL, NULL),
(49, 2, 'ACS3 3-Series E93 Cabrio', NULL, NULL),
(50, 2, 'ACS3 3-Series E92 Coupe', NULL, NULL),
(51, 2, 'ACS1 BMW 1-Series Coupe', NULL, NULL),
(52, 2, 'Tension Street Version', NULL, NULL),
(53, 2, 'ACS7 7Series E65', NULL, NULL),
(54, 2, 'ACS6 Sport M6', NULL, NULL),
(55, 2, 'X5 E53', NULL, NULL),
(56, 2, 'Tension M6 Concept', NULL, NULL),
(57, 2, 'ACS5 Sport M5 E60', NULL, NULL),
(58, 2, 'ACS3 3Series E91 Touring', NULL, NULL),
(59, 2, 'ACS3 3Series E90', NULL, NULL),
(60, 2, 'ACS1 1Series E87', NULL, NULL),
(61, 2, 'Mini Cooper Covertible', NULL, NULL),
(62, 2, 'Mini CooperS', NULL, NULL),
(63, 2, 'Mini', NULL, NULL),
(64, 2, 'ACS6 6Series E64 Convertible', NULL, NULL),
(65, 2, 'ACS6 6Series E63 Coupe', NULL, NULL),
(66, 2, 'ACS5 5Series E61 Touring', NULL, NULL),
(67, 2, 'ACS5 5Series E60', NULL, NULL),
(68, 2, 'ACS3 X3', NULL, NULL),
(69, 2, 'ACS3 3Series E46 Coupe', NULL, NULL),
(70, 2, 'ACS3 3Series E46 Convertible', NULL, NULL),
(71, 2, 'Topster', NULL, NULL),
(72, 2, 'ACS4 Z4', NULL, NULL),
(73, 2, 'ACS3 3Series E46 M3 Sport', NULL, NULL),
(74, 2, 'X5 E53', NULL, NULL),
(75, 2, 'ACS7 7Series E65', NULL, NULL),
(76, 2, 'ACS3 3Series E46 Touring', NULL, NULL),
(77, 2, 'ACS3 3Series E46 Compact', NULL, NULL),
(78, 2, 'ACS3 3Series E46', NULL, NULL),
(79, 2, 'X-Road', NULL, NULL),
(80, 2, 'ACS5 5Series E39 Touring', NULL, NULL),
(81, 2, 'ACS5 5Series E39 M5', NULL, NULL),
(82, 3, '3.2 CL Type-S', NULL, NULL),
(83, 3, '3.2 TL', NULL, NULL),
(84, 3, 'Advanced Sedan Concept', NULL, NULL),
(85, 3, 'Advanced Sports Car Concept', NULL, NULL),
(86, 3, 'ILX', NULL, NULL),
(87, 3, 'ILX Concept', NULL, NULL),
(88, 3, 'Integra', NULL, NULL),
(89, 3, 'MDX', NULL, NULL),
(90, 3, 'MD-X Concept', NULL, NULL),
(91, 3, 'NSX', NULL, NULL),
(92, 3, 'NSX Concept', NULL, NULL),
(93, 3, 'NS-X Prototype', NULL, NULL),
(94, 3, 'NSX sketches', NULL, NULL),
(95, 3, 'NSX-T', NULL, NULL),
(96, 3, 'RDX', NULL, NULL),
(97, 3, 'RDX Concept', NULL, NULL),
(98, 3, 'RDX Prototype', NULL, NULL),
(99, 3, 'RL', NULL, NULL),
(100, 3, 'RL ASPEC Concept', NULL, NULL),
(101, 3, 'RL Prototype', NULL, NULL),
(102, 3, 'RL with ASPEC Performance Package', NULL, NULL),
(103, 3, 'RLX Concept', NULL, NULL),
(104, 3, 'RSX', NULL, NULL),
(105, 3, 'RSX A-Spec Concept', NULL, NULL),
(106, 3, 'RSX Type-S', NULL, NULL),
(107, 3, 'TL', NULL, NULL),
(108, 3, 'TL 25 Hours of Thunderhill', NULL, NULL),
(109, 3, 'TL ASPEC Concept', NULL, NULL),
(110, 3, 'TL Type-S', NULL, NULL),
(111, 3, 'TL with ASPEC Performance Package', NULL, NULL),
(112, 3, 'TSX', NULL, NULL),
(113, 3, 'TSX A-Spec Concept', NULL, NULL),
(114, 3, 'TSX Sedan', NULL, NULL),
(115, 3, 'TSX Sport Wagon', NULL, NULL),
(116, 3, 'TSX V6', NULL, NULL),
(117, 3, 'ZDX', NULL, NULL),
(118, 3, 'ZDX Concept', NULL, NULL),
(119, 4, 'Disco Volante Touring Concept', NULL, NULL),
(120, 4, 'TZ3 Stradale', NULL, NULL),
(121, 4, 'Giulietta', NULL, NULL),
(122, 4, '4C Concept', NULL, NULL),
(123, 4, 'TZ3 Corsa', NULL, NULL),
(124, 4, 'Pandion Concept', NULL, NULL),
(125, 4, 'MiTo Quadrifoglio Verde', NULL, NULL),
(126, 4, 'MiTo 1.4 MultiAir', NULL, NULL),
(127, 4, '2uettottanta Concept', NULL, NULL),
(128, 4, '159 1750 TBi', NULL, NULL),
(129, 4, 'MiTo UK Version', NULL, NULL),
(130, 4, 'MiTo GTA Concept', NULL, NULL),
(131, 4, 'Mi.To', NULL, NULL),
(132, 4, 'Brera S', NULL, NULL),
(133, 4, '8C Spider', NULL, NULL),
(134, 4, '159 Sportwagon', NULL, NULL),
(135, 4, '159', NULL, NULL),
(136, 4, 'GT Q2', NULL, NULL),
(137, 4, '8c Competizione', NULL, NULL),
(138, 4, '147 Q2', NULL, NULL),
(139, 4, '147 Murphy and Nye', NULL, NULL),
(140, 4, '147 CnC', NULL, NULL),
(141, 4, 'Spider UK Version', NULL, NULL),
(142, 4, 'Spider', NULL, NULL),
(143, 4, '159 Sportwagon', NULL, NULL),
(144, 4, 'Brera UK Version', NULL, NULL),
(145, 4, 'Brera', NULL, NULL),
(146, 4, '159', NULL, NULL),
(147, 4, 'Visconti Concept ItalDesign', NULL, NULL),
(148, 4, '8C Competizione', NULL, NULL),
(149, 4, '166', NULL, NULL),
(150, 4, '156 GTA Autodelta', NULL, NULL),
(151, 4, '156 Crosswagon Q4', NULL, NULL),
(152, 4, '156 Crosswagon', NULL, NULL),
(153, 4, '147 5door', NULL, NULL),
(154, 4, '147 3door', NULL, NULL),
(155, 4, 'Spider', NULL, NULL),
(156, 4, 'Kamal Concept', NULL, NULL),
(157, 4, 'GTV', NULL, NULL),
(158, 4, 'GT', NULL, NULL),
(159, 4, '156 Sportwagon 2.0 JTD', NULL, NULL),
(160, 4, '156 GTA Autodelta', NULL, NULL),
(161, 4, '156 2.4 JTD', NULL, NULL),
(162, 4, '147 TI', NULL, NULL),
(163, 4, '147 JTD 16V', NULL, NULL),
(164, 4, '147 GTA', NULL, NULL),
(165, 4, '147', NULL, NULL),
(166, 4, '166', NULL, NULL),
(167, 4, '156', NULL, NULL),
(168, 4, '146', NULL, NULL),
(169, 4, '145', NULL, NULL),
(170, 4, 'Nuvola Concept', NULL, NULL),
(171, 4, '155 2.5 V6 TI DTM', NULL, NULL),
(172, 4, '155', NULL, NULL),
(173, 4, '164 Proteo Concept', NULL, NULL),
(174, 4, 'Spider', NULL, NULL),
(175, 4, 'RZ', NULL, NULL),
(176, 4, '75 1.8i Turbo', NULL, NULL),
(177, 4, '75', NULL, NULL),
(178, 4, '75 1.8i Turbo TCC', NULL, NULL),
(179, 4, '164', NULL, NULL),
(180, 4, '75 1.8i Turbo Evoluzione', NULL, NULL),
(181, 4, '33 1.5 4x4', NULL, NULL),
(182, 4, 'Spider', NULL, NULL),
(183, 4, 'Giulietta 2.0 Turbodelta', NULL, NULL),
(184, 4, 'Arna', NULL, NULL),
(185, 4, 'Alfasud Sprint Quadrifoglio Verde', NULL, NULL),
(186, 4, 'Alfasud Sprint Grand Prix', NULL, NULL),
(187, 4, 'Alfa 6', NULL, NULL),
(188, 4, '33 1.5 Giardinetta 4x4', NULL, NULL),
(189, 4, 'Alfetta 2.0', NULL, NULL),
(190, 4, '182 T Formula 1', NULL, NULL),
(191, 4, 'Alfetta GTV 6 2.5i', NULL, NULL),
(192, 4, 'Alfasud Sprint 1.5 Veloce', NULL, NULL),
(193, 4, '2.0i TS Formula 3', NULL, NULL),
(194, 4, 'Brabham Formula 1', NULL, NULL),
(195, 4, 'Alfetta GTV 2.0', NULL, NULL),
(196, 4, 'Alfasud 1.2', NULL, NULL),
(197, 4, '2000 Berlina', NULL, NULL),
(198, 4, 'Montreal', NULL, NULL),
(199, 4, 'Giulia Coupe GT Junior Z', NULL, NULL),
(200, 4, 'Giulia Coupe 1300 GTA Junior', NULL, NULL),
(201, 4, 'Spider', NULL, NULL),
(202, 4, 'Giulia Coupe 1300 GT Junior', NULL, NULL),
(203, 4, 'Giulia Berlina', NULL, NULL),
(204, 4, '2600 Spider', NULL, NULL),
(205, 4, 'Giulietta Sprint', NULL, NULL),
(206, 4, 'Giulietta SZ', NULL, NULL),
(207, 4, 'Giulietta Sprint', NULL, NULL),
(208, 4, 'Giulietta Sprint', NULL, NULL),
(209, 4, 'Giulietta Spider', NULL, NULL),
(210, 4, 'Giulietta Berlina', NULL, NULL),
(211, 4, '750 Competizione', NULL, NULL),
(212, 4, 'Giulietta Sprint', NULL, NULL),
(213, 4, '2000 Sport Spider', NULL, NULL),
(214, 4, 'C 52 Disco Volante 2000 Spider', NULL, NULL),
(215, 4, 'Tipo 159 Alfetta', NULL, NULL),
(216, 4, '1900', NULL, NULL),
(217, 4, '158', NULL, NULL),
(218, 4, '6C 2300 Villa DEste', NULL, NULL),
(219, 4, '412', NULL, NULL),
(220, 4, 'Tipo 158 Alfetta', NULL, NULL),
(221, 4, '6C 2300 Mille Miglia', NULL, NULL),
(222, 4, '8C 2300', NULL, NULL),
(223, 4, '6C 1500 Sport', NULL, NULL),
(224, 4, 'P2', NULL, NULL),
(225, 4, 'RM Sport', NULL, NULL),
(226, 4, 'RL', NULL, NULL),
(227, 5, 'B7', NULL, NULL),
(228, 5, 'B6 Bi-Turbo Coupe', NULL, NULL),
(229, 5, 'B6 Bi-Turbo Convertible', NULL, NULL),
(230, 5, 'B3 GT3', NULL, NULL),
(231, 5, 'B5 Bi-Turbo Touring', NULL, NULL),
(232, 5, 'B5 Bi-Turbo', NULL, NULL),
(233, 5, 'B7 Bi-Turbo Allrad', NULL, NULL),
(234, 5, 'B7 Bi-Turbo', NULL, NULL),
(235, 5, 'D3 Bi-Turbo Coupe', NULL, NULL),
(236, 5, 'B3 Bi-Turbo', NULL, NULL),
(237, 5, 'D3', NULL, NULL),
(238, 5, 'B6 Cabrio', NULL, NULL),
(239, 5, 'B6', NULL, NULL),
(240, 5, 'B5', NULL, NULL),
(241, 6, 'Arrinera Supercar', NULL, NULL),
(242, 7, 'GT', NULL, NULL),
(243, 8, 'A10', NULL, NULL),
(244, 9, 'AM 310 Vanquish', NULL, NULL),
(245, 9, 'AMR1', NULL, NULL),
(246, 9, 'AMV8 Concept Car', NULL, NULL),
(247, 9, 'Bulldog Concept Car', NULL, NULL),
(248, 9, 'Coal Scuttle', NULL, NULL),
(249, 9, 'Cygnet', NULL, NULL),
(250, 9, 'Cygnet Concept', NULL, NULL),
(251, 9, 'DB AR1', NULL, NULL),
(252, 9, 'DB Mark III', NULL, NULL),
(253, 9, 'DB1', NULL, NULL),
(254, 9, 'DB2', NULL, NULL),
(255, 9, 'DB3', NULL, NULL),
(256, 9, 'DB3S', NULL, NULL),
(257, 9, 'DB4', NULL, NULL),
(258, 9, 'DB4 GT', NULL, NULL),
(259, 9, 'DB4 GT Zagato', NULL, NULL),
(260, 9, 'DB5', NULL, NULL),
(261, 9, 'DB6', NULL, NULL),
(262, 9, 'DB6 Volante', NULL, NULL),
(263, 9, 'DB6 Volante SWB', NULL, NULL),
(264, 9, 'DB7', NULL, NULL),
(265, 9, 'DB7 GT', NULL, NULL),
(266, 9, 'DB7 Vantage', NULL, NULL),
(267, 9, 'DB7 Vantage Volante', NULL, NULL),
(268, 9, 'DB7 Vantage Zagato', NULL, NULL),
(269, 9, 'DB7 Volante', NULL, NULL),
(270, 9, 'DB9', NULL, NULL),
(271, 9, 'DB9 LM', NULL, NULL),
(272, 9, 'DB9 Volante', NULL, NULL),
(273, 9, 'DB9 Volante', NULL, NULL),
(274, 9, 'DB9 Volante', NULL, NULL),
(275, 9, 'DBR1', NULL, NULL),
(276, 9, 'DBR4', NULL, NULL),
(277, 9, 'DBR9', NULL, NULL),
(278, 9, 'DBR9 Prototype', NULL, NULL),
(279, 9, 'DBRS9', NULL, NULL),
(280, 9, 'DBS', NULL, NULL),
(281, 9, 'DBS Carbon Edition', NULL, NULL),
(282, 9, 'DBS Infa Red', NULL, NULL),
(283, 9, 'DBS Lightning Silver', NULL, NULL),
(284, 9, 'DBS Racing Green', NULL, NULL),
(285, 9, 'DBS Volante', NULL, NULL),
(286, 9, 'DBSC Touring', NULL, NULL),
(287, 9, 'Lagonda', NULL, NULL),
(288, 9, 'Lagonda Concept', NULL, NULL),
(289, 9, 'Lagonda M45 Tourer', NULL, NULL),
(290, 9, 'Lagonda V12 Rapide', NULL, NULL),
(291, 9, 'Lagonda Vignale Concept Car', NULL, NULL),
(292, 9, 'One-77', NULL, NULL),
(293, 9, 'Project Vantage Concept Car', NULL, NULL),
(294, 9, 'Rapide', NULL, NULL),
(295, 9, 'Rapide Concept', NULL, NULL),
(296, 9, 'V12 Vanquish', NULL, NULL),
(297, 9, 'V12 Vantage', NULL, NULL),
(298, 9, 'V12 Vantage Roadster', NULL, NULL),
(299, 9, 'V12 Vantage RS Concept', NULL, NULL),
(300, 9, 'V12 Zagato', NULL, NULL),
(301, 9, 'V12 Zagato Concept', NULL, NULL),
(302, 9, 'V12 Zagato Racecar', NULL, NULL),
(303, 9, 'V8', NULL, NULL),
(304, 9, 'V8 Coupe', NULL, NULL),
(305, 9, 'V8 Vantage', NULL, NULL),
(306, 9, 'V8 Vantage Le Mans', NULL, NULL),
(307, 9, 'V8 Vantage N24', NULL, NULL),
(308, 9, 'V8 Vantage N400', NULL, NULL),
(309, 9, 'V8 Vantage N420', NULL, NULL),
(310, 9, 'V8 Vantage N420 Roadster', NULL, NULL),
(311, 9, 'V8 Vantage Roadster', NULL, NULL),
(312, 9, 'V8 Vantage Roadster', NULL, NULL),
(313, 9, 'V8 Vantage S', NULL, NULL),
(314, 9, 'V8 Vantage S Roadster', NULL, NULL),
(315, 9, 'V8 Vantage Volante', NULL, NULL),
(316, 9, 'V8 Vantage Volante LWB', NULL, NULL),
(317, 9, 'V8 Volante', NULL, NULL),
(318, 9, 'V8 Zagato', NULL, NULL),
(319, 9, 'V8 Zagato Volante', NULL, NULL),
(320, 9, 'Vanquish S V12', NULL, NULL),
(321, 9, 'Vantage GT3', NULL, NULL),
(322, 9, 'Vantage GT4', NULL, NULL),
(323, 9, 'Vantage GT4', NULL, NULL),
(324, 9, 'Virage', NULL, NULL),
(325, 9, 'Virage Volante', NULL, NULL),
(326, 9, 'Zagato Vanquish Roadster Concept', NULL, NULL),
(327, 10, 'S3', NULL, NULL),
(328, 10, '90', NULL, NULL),
(329, 10, '100', NULL, NULL),
(330, 10, '200', NULL, NULL),
(331, 10, '100 Avant', NULL, NULL),
(332, 10, '100 Avant quattro', NULL, NULL),
(333, 10, '200 Avant', NULL, NULL),
(334, 10, '80 Avant', NULL, NULL),
(335, 10, '90 quattro', NULL, NULL),
(336, 10, 'A1', NULL, NULL),
(337, 10, 'A1 amplified', NULL, NULL),
(338, 10, 'A1 clubsport quattro Concept', NULL, NULL),
(339, 10, 'A1 e-tron Concept', NULL, NULL),
(340, 10, 'A1 quattro', NULL, NULL),
(341, 10, 'A1 Sportback', NULL, NULL),
(342, 10, 'A1 Sportback Concept', NULL, NULL),
(343, 10, 'A2', NULL, NULL),
(344, 10, 'A2 Concept', NULL, NULL),
(345, 10, 'A3', NULL, NULL),
(346, 10, 'A3 2.0 TDI 3-door', NULL, NULL),
(347, 10, 'A3 2.0T', NULL, NULL),
(348, 10, 'A3 3.2 V6 3-door', NULL, NULL),
(349, 10, 'A3 3-door', NULL, NULL),
(350, 10, 'A3 5-door', NULL, NULL),
(351, 10, 'A3 Cabriolet', NULL, NULL),
(352, 10, 'A3 Concept', NULL, NULL),
(353, 10, 'A3 e-tron Concept', NULL, NULL),
(354, 10, 'A3 Sportback', NULL, NULL),
(355, 10, 'A3 Sportback quattro', NULL, NULL),
(356, 10, 'A3 Sportback S-line', NULL, NULL),
(357, 10, 'A3 TDI clubsport quattro Concept', NULL, NULL),
(358, 10, 'A3 US Version', NULL, NULL),
(359, 10, 'A4', NULL, NULL),
(360, 10, 'A4 2.0T', NULL, NULL),
(361, 10, 'A4 3.0 TDI quattro', NULL, NULL),
(362, 10, 'A4 3.2 quattro', NULL, NULL),
(363, 10, 'A4 allroad quattro', NULL, NULL),
(364, 10, 'A4 Avant', NULL, NULL),
(365, 10, 'A4 Avant 3.2 quattro', NULL, NULL),
(366, 10, 'A4 Cabriolet', NULL, NULL),
(367, 10, 'A4 Cabriolet 1.8 T', NULL, NULL),
(368, 10, 'A4 Cabriolet 1.9 TDI', NULL, NULL),
(369, 10, 'A4 Cabriolet 2.4', NULL, NULL),
(370, 10, 'A4 Cabriolet 3.0', NULL, NULL),
(371, 10, 'A4 DTM Edition', NULL, NULL),
(372, 10, 'A4 TDI Concept e', NULL, NULL),
(373, 10, 'A4 US Version', NULL, NULL),
(374, 10, 'A5', NULL, NULL),
(375, 10, 'A5 3.0 TDI quattro', NULL, NULL),
(376, 10, 'A5 Cabriolet', NULL, NULL),
(377, 10, 'A5 Coupe', NULL, NULL),
(378, 10, 'A5 DTM', NULL, NULL),
(379, 10, 'A5 Sportback', NULL, NULL),
(380, 10, 'A6', NULL, NULL),
(381, 10, 'A6 3.0 TDI quattro', NULL, NULL),
(382, 10, 'A6 3.2', NULL, NULL),
(383, 10, 'A6 4.2 quattro', NULL, NULL),
(384, 10, 'A6 4.2 quattro Sline', NULL, NULL),
(385, 10, 'A6 allroad quattro', NULL, NULL),
(386, 10, 'A6 Avant', NULL, NULL),
(387, 10, 'A6 Hybrid', NULL, NULL),
(388, 10, 'A6 L e-tron Concept', NULL, NULL),
(389, 10, 'A6L', NULL, NULL),
(390, 10, 'A7 Sportback', NULL, NULL),
(391, 10, 'A8', NULL, NULL),
(392, 10, 'A8 3.0 TDI quattro', NULL, NULL),
(393, 10, 'A8 3.2 FSI quattro', NULL, NULL),
(394, 10, 'A8 3.3 TDI quattro', NULL, NULL),
(395, 10, 'A8 3.7 quattro', NULL, NULL),
(396, 10, 'A8 4.0 TDI quattro', NULL, NULL),
(397, 10, 'A8 4.2', NULL, NULL),
(398, 10, 'A8 4.2 quattro', NULL, NULL),
(399, 10, 'A8 4.2 TDI quattro', NULL, NULL),
(400, 10, 'A8 Hybrid', NULL, NULL),
(401, 10, 'A8 Hybrid Concept', NULL, NULL),
(402, 10, 'A8 L', NULL, NULL),
(403, 10, 'A8 L 3.0 quattro', NULL, NULL),
(404, 10, 'A8 L 4.2', NULL, NULL),
(405, 10, 'A8 L 4.2 quattro', NULL, NULL),
(406, 10, 'A8 L 6.0 quattro', NULL, NULL),
(407, 10, 'A8 L 6.0 W12 quattro', NULL, NULL),
(408, 10, 'A8 L Hybrid', NULL, NULL),
(409, 10, 'A8 L Security', NULL, NULL),
(410, 10, 'A8 L W12', NULL, NULL),
(411, 10, 'A8 Security', NULL, NULL),
(412, 10, 'A8L 4.2 TDI quattro', NULL, NULL),
(413, 10, 'A8L W12 quattro', NULL, NULL),
(414, 10, 'allroad quattro', NULL, NULL),
(415, 10, 'allroad quattro 2.5 TDI', NULL, NULL),
(416, 10, 'allroad quattro 2.7T', NULL, NULL),
(417, 10, 'allroad quattro 4.2', NULL, NULL),
(418, 10, 'Allroad quattro Concept', NULL, NULL),
(419, 10, 'allroad quattro V6 2.7T', NULL, NULL),
(420, 10, 'allroad quattro V8 4.2', NULL, NULL),
(421, 10, 'Avantissimo Concept', NULL, NULL),
(422, 10, 'Avus quattro Concept', NULL, NULL),
(423, 10, 'Cabriolet', NULL, NULL),
(424, 10, 'Coupe', NULL, NULL),
(425, 10, 'Coupe GT', NULL, NULL),
(426, 10, 'Cross Cabriolet quattro Concept', NULL, NULL),
(427, 10, 'Cross Coupe quattro Concept', NULL, NULL),
(428, 10, 'Crosslane Coupe Concept', NULL, NULL),
(429, 10, 'e-bike Worthersee Concept', NULL, NULL),
(430, 10, 'e-tron Concept', NULL, NULL),
(431, 10, 'e-tron Spyder Concept', NULL, NULL),
(432, 10, 'Imperator', NULL, NULL),
(433, 10, 'Le Mans quattro Concept', NULL, NULL),
(434, 10, 'metroproject quattro Concept', NULL, NULL),
(435, 10, 'Nuvolari quattro Concept', NULL, NULL),
(436, 10, 'Pikes Peake quattro Concept', NULL, NULL),
(437, 10, 'Q3', NULL, NULL),
(438, 10, 'Q3 Jinlong Yufeng Concept', NULL, NULL),
(439, 10, 'Q5', NULL, NULL),
(440, 10, 'Q5 Custom Concept', NULL, NULL),
(441, 10, 'Q5 Hybrid quattro', NULL, NULL),
(442, 10, 'Q7', NULL, NULL),
(443, 10, 'Q7 Hybrid Concept', NULL, NULL),
(444, 10, 'Q7 V12 TDI', NULL, NULL),
(445, 10, 'Q7 V12 TDI Concept', NULL, NULL),
(446, 10, 'quattro', NULL, NULL),
(447, 10, 'quattro Concept', NULL, NULL),
(448, 10, 'quattro Spyder Concept', NULL, NULL),
(449, 10, 'R18', NULL, NULL),
(450, 10, 'R8', NULL, NULL),
(451, 10, 'R8 Exclusive Selection', NULL, NULL),
(452, 10, 'R8 GT', NULL, NULL),
(453, 10, 'R8 GT Spyder', NULL, NULL),
(454, 10, 'R8 GT3', NULL, NULL),
(455, 10, 'R8 Spyder 4.2 FSI quattro', NULL, NULL),
(456, 10, 'R8 Spyder 5.2 FSI quattro', NULL, NULL),
(457, 10, 'R8 TDI Le Mans Concept', NULL, NULL),
(458, 10, 'R8 V10', NULL, NULL),
(459, 10, 'R8 V10 5.2 FSI quattro', NULL, NULL),
(460, 10, 'R8 V10 plus', NULL, NULL),
(461, 10, 'R8 V10 Spyder', NULL, NULL),
(462, 10, 'R8 V12 TDI Concept', NULL, NULL),
(463, 10, 'R8R', NULL, NULL),
(464, 10, 'Roadjet Concept', NULL, NULL),
(465, 10, 'Rosemeyer Concept', NULL, NULL),
(466, 10, 'RS 4 Avant', NULL, NULL),
(467, 10, 'RS 4 Cabriolet', NULL, NULL),
(468, 10, 'RS Q3 Concept', NULL, NULL),
(469, 10, 'RS2 Avant', NULL, NULL),
(470, 10, 'RS3 Sportback', NULL, NULL),
(471, 10, 'RS4', NULL, NULL),
(472, 10, 'RS4 Avant', NULL, NULL),
(473, 10, 'RS4 Cabriolet', NULL, NULL),
(474, 10, 'RS5', NULL, NULL),
(475, 10, 'RS5 Cabriolet', NULL, NULL),
(476, 10, 'RS6', NULL, NULL),
(477, 10, 'RS6 Avant', NULL, NULL),
(478, 10, 'RS6 Avant UK Version', NULL, NULL),
(479, 10, 'RS6 plus', NULL, NULL),
(480, 10, 'RS6 Sedan', NULL, NULL),
(481, 10, 'RSQ Concept', NULL, NULL),
(482, 10, 'S3', NULL, NULL),
(483, 10, 'S3 Sportback', NULL, NULL),
(484, 10, 'S4', NULL, NULL),
(485, 10, 'S4 Avant', NULL, NULL),
(486, 10, 'S4 Cabriolet', NULL, NULL),
(487, 10, 'S5', NULL, NULL),
(488, 10, 'S5 Sportback', NULL, NULL),
(489, 10, 'S6', NULL, NULL),
(490, 10, 'S6 Avant', NULL, NULL),
(491, 10, 'S7 Sportback', NULL, NULL),
(492, 10, 'S8', NULL, NULL),
(493, 10, 'Shooting Brake Concept', NULL, NULL),
(494, 10, 'Sport quattro', NULL, NULL),
(495, 10, 'Sport quattro S1', NULL, NULL),
(496, 10, 'Sportback Concept', NULL, NULL),
(497, 10, 'SQ5 TDI', NULL, NULL),
(498, 10, 'Steppenwolf Concept', NULL, NULL),
(499, 10, 'TT 3.2 DSG quattro', NULL, NULL),
(500, 10, 'TT clubsport quattro Concept', NULL, NULL),
(501, 10, 'TT Coupe', NULL, NULL),
(502, 10, 'TT Coupe 1.8T', NULL, NULL),
(503, 10, 'TT Coupe 3.2', NULL, NULL),
(504, 10, 'TT Coupe Concept', NULL, NULL),
(505, 10, 'TT Coupe S-line', NULL, NULL),
(506, 10, 'TT GT4 Concept', NULL, NULL),
(507, 10, 'TT quattro sport', NULL, NULL),
(508, 10, 'TT Roadster', NULL, NULL),
(509, 10, 'TT Roadster 1.8T', NULL, NULL),
(510, 10, 'TT Roadster 2.0 TFSI', NULL, NULL),
(511, 10, 'TT Roadster 3.2', NULL, NULL),
(512, 10, 'TT Roadster 3.2 quattro', NULL, NULL),
(513, 10, 'TT Roadster Hardtop', NULL, NULL),
(514, 10, 'TT RS', NULL, NULL),
(515, 10, 'TT RS plus', NULL, NULL),
(516, 10, 'TT RS Roadster', NULL, NULL),
(517, 10, 'TTS Concept', NULL, NULL),
(518, 10, 'TTS Coupe', NULL, NULL),
(519, 10, 'TTS Roadster', NULL, NULL),
(520, 10, 'Union Type C', NULL, NULL),
(521, 10, 'Urban Concept', NULL, NULL),
(522, 10, 'Urban Spyder Concept', NULL, NULL),
(523, 10, 'V8', NULL, NULL),
(524, 10, 'V8L quattro', NULL, NULL),
(525, 11, '120d', NULL, NULL),
(526, 11, '120i', NULL, NULL),
(527, 11, '120i UK Version', NULL, NULL),
(528, 11, '128i Convertible', NULL, NULL),
(529, 11, '130i', NULL, NULL),
(530, 11, '130i M-Package', NULL, NULL),
(531, 11, '135i Convertible', NULL, NULL),
(532, 11, '135i Coupe', NULL, NULL),
(533, 11, '1-Series', NULL, NULL),
(534, 11, '1-Series 3-door', NULL, NULL),
(535, 11, '1-Series 5-door', NULL, NULL),
(536, 11, '1-Series Cabrio', NULL, NULL),
(537, 11, '1-Series Convertible', NULL, NULL),
(538, 11, '1-Series Convertible UK Version', NULL, NULL),
(539, 11, '1-Series Coupe', NULL, NULL),
(540, 11, '1-Series M Coupe', NULL, NULL),
(541, 11, '5 ActiveHybrid', NULL, NULL),
(542, 11, '3 ActiveHybrid', NULL, NULL),
(543, 11, '1-Series M Coupe MotoGP Safety Car', NULL, NULL),
(544, 11, '1-Series M Coupe UK Version', NULL, NULL),
(545, 11, '1-Series M Coupe US Version', NULL, NULL),
(546, 11, '1-Series Range', NULL, NULL),
(547, 11, '1-Series Sport Line', NULL, NULL),
(548, 11, '1-Series tii Concept', NULL, NULL),
(549, 11, '1-Series Urban Line', NULL, NULL),
(550, 11, '320Cd Convertible', NULL, NULL),
(551, 11, '320d', NULL, NULL),
(552, 11, '320d EfficientDynamics', NULL, NULL),
(553, 11, '320d Touring', NULL, NULL),
(554, 11, '320si', NULL, NULL),
(555, 11, '320si E90 WTCC', NULL, NULL),
(556, 11, '325i Touring', NULL, NULL),
(557, 11, '325ti Compact', NULL, NULL),
(558, 11, '328 Hommage Concept', NULL, NULL),
(559, 11, '330Cd Coupe', NULL, NULL),
(560, 11, '330Ci Convertible', NULL, NULL),
(561, 11, '330Ci Coupe', NULL, NULL),
(562, 11, '330i', NULL, NULL),
(563, 11, '330i M-Package', NULL, NULL),
(564, 11, '335d BluePerformance', NULL, NULL),
(565, 11, '335i Convertible', NULL, NULL),
(566, 11, '335i Coupe', NULL, NULL),
(567, 11, '335is Coupe', NULL, NULL),
(568, 11, '3-Series', NULL, NULL),
(569, 11, '3-Series Compact', NULL, NULL),
(570, 11, '3-Series Convertible', NULL, NULL),
(571, 11, '3-Series Coupe', NULL, NULL),
(572, 11, 'M3 Frozen Gray', NULL, NULL),
(573, 11, '3-Series Long Wheelbase', NULL, NULL),
(574, 11, '3-Series Touring', NULL, NULL),
(575, 11, '5-Series Touring', NULL, NULL),
(576, 11, '3-Series Touring UK Version', NULL, NULL),
(577, 11, '3-Series UK Version', NULL, NULL),
(578, 11, '5 Series', NULL, NULL),
(579, 11, '530d', NULL, NULL),
(580, 11, '530d Touring', NULL, NULL),
(581, 11, '530i', NULL, NULL),
(582, 11, '530Li', NULL, NULL),
(583, 11, '530xi', NULL, NULL),
(584, 11, '530xi Touring', NULL, NULL),
(585, 11, '545i Touring', NULL, NULL),
(586, 11, '5-Series', NULL, NULL),
(587, 11, '5-Series ActiveHybrid Concept', NULL, NULL),
(588, 11, '5-Series Gran Turismo', NULL, NULL),
(589, 11, '5-Series Gran Turismo Concept', NULL, NULL),
(590, 11, '5-Series Long-Wheelbase', NULL, NULL),
(591, 11, '5-Series Security', NULL, NULL),
(592, 11, '630i', NULL, NULL),
(593, 11, '640d Coupe', NULL, NULL),
(594, 11, '640d xDrive Coupe', NULL, NULL),
(595, 11, '640i Gran Coupe', NULL, NULL),
(596, 11, '7-Series High Security', NULL, NULL),
(597, 11, '645Ci Convertible', NULL, NULL),
(598, 11, '650i Convertible', NULL, NULL),
(599, 11, '6-Series Convertible', NULL, NULL),
(600, 11, '6-Series Coupe', NULL, NULL),
(601, 11, '6-Series Coupe Concept', NULL, NULL),
(602, 11, '6-Series Gran Coupe', NULL, NULL),
(603, 11, '6-Series Gran Coupe UK Version', NULL, NULL),
(604, 11, '7 ActiveHybrid', NULL, NULL),
(605, 11, '730d', NULL, NULL),
(606, 11, '750i', NULL, NULL),
(607, 11, '750Li', NULL, NULL),
(608, 11, '750Li with Shadow Line', NULL, NULL),
(609, 11, '760Li', NULL, NULL),
(610, 11, '760Li E66', NULL, NULL),
(611, 11, '7-Series', NULL, NULL),
(612, 11, '7-Series ActiveHybrid Concept', NULL, NULL),
(613, 11, '7-Series UK Version', NULL, NULL),
(614, 11, 'Active Tourer Concept', NULL, NULL),
(615, 11, 'ActiveE Concept', NULL, NULL),
(616, 11, 'Art Car Collection', NULL, NULL),
(617, 11, 'Concept CS', NULL, NULL),
(618, 11, 'Concept M5', NULL, NULL),
(619, 11, 'ConnectedDrive Concept', NULL, NULL),
(620, 11, 'Coupe Range', NULL, NULL),
(621, 11, 'EfficientDynamics Concept', NULL, NULL),
(622, 11, 'GINA Light Visionary Model Concept', NULL, NULL),
(623, 11, 'Gran Coupe Concept', NULL, NULL),
(624, 11, 'H2R', NULL, NULL),
(625, 11, 'M-Zero Concept', NULL, NULL),
(626, 11, 'H2R Hydrogen Racecar', NULL, NULL),
(627, 11, 'Hydrogen 7', NULL, NULL),
(628, 11, 'i3 Concept', NULL, NULL),
(629, 11, 'i8 Concept', NULL, NULL),
(630, 11, 'i8 Spyder Concept', NULL, NULL),
(631, 11, '635d Coupe', NULL, NULL),
(632, 11, 'M1 Concept', NULL, NULL),
(633, 11, 'M135i', NULL, NULL),
(634, 11, 'M135i Concept', NULL, NULL),
(635, 11, 'M3', NULL, NULL),
(636, 11, 'M3 Concept', NULL, NULL),
(637, 11, 'M3 Convertible', NULL, NULL),
(638, 11, 'M3 Convertible UK Version', NULL, NULL),
(639, 11, 'M3 Coupe', NULL, NULL),
(640, 11, 'M3 Coupe UK Version', NULL, NULL),
(641, 11, 'M3 Coupe US-Version', NULL, NULL),
(642, 11, 'M3 CRT', NULL, NULL),
(643, 11, 'M3 CSL', NULL, NULL),
(644, 11, 'M3 GTS', NULL, NULL),
(645, 11, 'M3 Pickup Concept', NULL, NULL),
(646, 11, 'M3 Race Version', NULL, NULL),
(647, 11, 'M3 Saloon UK Version', NULL, NULL),
(648, 11, 'M3 Sedan', NULL, NULL),
(649, 11, 'M3 Sedan US-Version', NULL, NULL),
(650, 11, 'M5', NULL, NULL),
(651, 11, 'M5 Concept', NULL, NULL),
(652, 11, 'M5 Touring', NULL, NULL),
(653, 11, 'M5 UK Version', NULL, NULL),
(654, 11, 'M5 US-Version', NULL, NULL),
(655, 11, 'M550d xDrive', NULL, NULL),
(656, 11, 'M550d xDrive Touring', NULL, NULL),
(657, 11, 'M6', NULL, NULL),
(658, 11, 'M6 Cabrio', NULL, NULL),
(659, 11, 'M6 Convertible', NULL, NULL),
(660, 11, 'Z4 Coupe', NULL, NULL),
(661, 11, 'M6 Convertible Neiman Marcus', NULL, NULL),
(662, 11, 'M6 Coupe', NULL, NULL),
(663, 11, '7 Series High Security', NULL, NULL),
(664, 11, 'M6 Coupe US-Version', NULL, NULL),
(665, 11, 'Mille Miglia Coupe Concept', NULL, NULL),
(666, 11, 'Scooter C Concept', NULL, NULL),
(667, 11, 'X1', NULL, NULL),
(668, 11, 'X1 Concept', NULL, NULL),
(669, 11, 'X1 xDrive28i', NULL, NULL),
(670, 11, 'X3', NULL, NULL),
(671, 11, 'X3 2.0d', NULL, NULL),
(672, 11, 'X3 3.0i', NULL, NULL),
(673, 11, 'X3 EfficientDynamics Concept', NULL, NULL),
(674, 11, 'X3 Limited Sport Edition', NULL, NULL),
(675, 11, 'X3 xDrive20d', NULL, NULL),
(676, 11, 'X3 xDrive35i', NULL, NULL),
(677, 11, 'X5', NULL, NULL),
(678, 11, 'X5 3.0d', NULL, NULL),
(679, 11, 'X5 4.4i', NULL, NULL),
(680, 11, 'X5 4.8i', NULL, NULL),
(681, 11, 'X5 4.8is', NULL, NULL),
(682, 11, 'X5 M', NULL, NULL),
(683, 11, 'X5 M50d', NULL, NULL),
(684, 11, 'X5 M-Package', NULL, NULL),
(685, 11, 'X5 Security', NULL, NULL),
(686, 11, 'X5 Security Plus', NULL, NULL),
(687, 11, 'X5 xDrive35d BluePerformance', NULL, NULL),
(688, 11, 'X6', NULL, NULL),
(689, 11, 'X6 ActiveHybrid', NULL, NULL),
(690, 11, 'X6 ActiveHybrid Concept', NULL, NULL),
(691, 11, 'X6 Concept', NULL, NULL),
(692, 11, 'X6 M', NULL, NULL),
(693, 11, 'X6 M50d', NULL, NULL),
(694, 11, 'X6 UK Version', NULL, NULL),
(695, 11, '645Ci', NULL, NULL),
(696, 11, 'Z4', NULL, NULL),
(697, 11, 'Z4 2.5i', NULL, NULL),
(698, 11, 'Z4 Coupe Concept', NULL, NULL),
(699, 11, 'Z4 GT3', NULL, NULL),
(700, 11, '325Ci Coupe', NULL, NULL),
(701, 11, 'Z4 M Coupe', NULL, NULL),
(702, 11, '318Ci Convertible', NULL, NULL),
(703, 11, 'Z4 M Coupe UK version', NULL, NULL),
(704, 11, 'Z4 M Roadster', NULL, NULL),
(705, 11, 'Z4 Roadster', NULL, NULL),
(706, 11, 'Z4 UK Version', NULL, NULL),
(707, 11, 'Zagato Coupe Concept', NULL, NULL),
(708, 11, 'Zagato Roadster Concept', NULL, NULL),
(709, 11, 'xActivity Concept', NULL, NULL),
(710, 11, 'X5 4.6is', NULL, NULL),
(711, 11, 'CS1 Concept', NULL, NULL),
(712, 11, '7 Series', NULL, NULL),
(713, 11, '760i', NULL, NULL),
(714, 11, '760Li Yachtline Concept', NULL, NULL),
(715, 11, '740d', NULL, NULL),
(716, 11, 'Z8', NULL, NULL),
(717, 11, 'Z18 Concept', NULL, NULL),
(718, 11, 'X Coupe Concept', NULL, NULL),
(719, 11, 'L7', NULL, NULL),
(720, 11, '740iL', NULL, NULL),
(721, 11, '740i', NULL, NULL),
(722, 11, '540i Protection', NULL, NULL),
(723, 11, '540i M Sportpaket', NULL, NULL),
(724, 11, '525i', NULL, NULL),
(725, 11, 'Z9 Convertible Concept', NULL, NULL),
(726, 11, '7 Series Protection', NULL, NULL),
(727, 11, '750iL', NULL, NULL),
(728, 11, 'Z9 Gran Turismo Concept', NULL, NULL),
(729, 11, 'M Roadster', NULL, NULL),
(730, 11, 'M Coupe', NULL, NULL),
(731, 11, 'Z07 Concept', NULL, NULL),
(732, 11, 'Z3', NULL, NULL),
(733, 11, '3 Series Coupe', NULL, NULL),
(734, 11, '328i', NULL, NULL),
(735, 11, 'Just 4-2 Concept', NULL, NULL),
(736, 11, 'Z13 Concept', NULL, NULL),
(737, 11, 'M3 GT', NULL, NULL),
(738, 11, 'M3 Cabriolet', NULL, NULL),
(739, 11, '3 Series', NULL, NULL),
(740, 11, '325i', NULL, NULL),
(741, 11, '8 Series', NULL, NULL),
(742, 11, 'Z1', NULL, NULL),
(743, 11, 'M3 Evolution', NULL, NULL),
(744, 11, 'M 635 CSi', NULL, NULL),
(745, 11, '325i Cabrio', NULL, NULL),
(746, 11, 'F1 Turbo BT 52', NULL, NULL),
(747, 11, '524td', NULL, NULL),
(748, 11, 'M 535i', NULL, NULL),
(749, 11, '745i', NULL, NULL),
(750, 11, 'M1', NULL, NULL),
(751, 11, 'M1 Procar', NULL, NULL),
(752, 11, '635CSi', NULL, NULL),
(753, 11, '316', NULL, NULL),
(754, 11, '630CS', NULL, NULL),
(755, 11, '3.3Li', NULL, NULL),
(756, 11, '2002 turbo', NULL, NULL),
(757, 11, 'Turbo', NULL, NULL),
(758, 11, '3.0 CSi', NULL, NULL),
(759, 11, '3.0 CSL', NULL, NULL),
(760, 11, '2800 CS', NULL, NULL),
(761, 11, '2002', NULL, NULL),
(762, 11, '1600-2', NULL, NULL),
(763, 11, '02-Series', NULL, NULL),
(764, 11, '2000 CS', NULL, NULL),
(765, 11, '3200 Coupe CS', NULL, NULL),
(766, 11, '1500', NULL, NULL),
(767, 11, '503 Coupe', NULL, NULL),
(768, 11, '503 Cabriolet', NULL, NULL),
(769, 11, 'Isetta', NULL, NULL),
(770, 11, '507', NULL, NULL),
(771, 11, 'Roadster', NULL, NULL),
(772, 11, '502 V8', NULL, NULL),
(773, 11, '502 Coupe', NULL, NULL),
(774, 11, '501', NULL, NULL),
(775, 11, '328 Kamm Coupe', NULL, NULL),
(776, 11, '335', NULL, NULL),
(777, 11, '328 Touring Coupe', NULL, NULL),
(778, 11, '327 Coupe', NULL, NULL),
(779, 11, '328', NULL, NULL),
(780, 11, '326 Cabriolet', NULL, NULL),
(781, 11, '319-1 Roadster', NULL, NULL),
(782, 11, '315-1 Roadster', NULL, NULL),
(783, 11, '303 Limousine', NULL, NULL),
(784, 11, '320 PS Tourer', NULL, NULL),
(785, 11, '315 PS DA 2', NULL, NULL),
(786, 12, 'Arnage', NULL, NULL),
(787, 12, 'Continental GT V8', NULL, NULL),
(788, 12, 'Arnage Blue Train Series', NULL, NULL),
(789, 12, 'Arnage Drophead Coupe', NULL, NULL),
(790, 12, 'Mulsanne Diamond Jubilee', NULL, NULL),
(791, 12, 'Arnage Final Series', NULL, NULL),
(792, 12, 'Arnage Limousine', NULL, NULL),
(793, 12, 'Arnage R', NULL, NULL),
(794, 12, 'Arnage Red Label', NULL, NULL),
(795, 12, 'Arnage RL', NULL, NULL),
(796, 12, 'Mulsanne', NULL, NULL),
(797, 12, 'Arnage T', NULL, NULL),
(798, 12, 'Azure', NULL, NULL),
(799, 12, 'Azure Final Series', NULL, NULL),
(800, 12, 'Azure T', NULL, NULL),
(801, 12, 'Brooklands', NULL, NULL),
(802, 12, 'Continental Flying Spur', NULL, NULL),
(803, 12, 'Continental Flying Spur Series 51', NULL, NULL),
(804, 12, 'Continental Flying Spur Speed', NULL, NULL),
(805, 12, 'Continental Flying Star', NULL, NULL),
(806, 12, 'Continental GT', NULL, NULL),
(807, 12, 'Continental GTC', NULL, NULL),
(808, 12, 'Continental GT Prototype', NULL, NULL),
(809, 12, 'Continental GT Speed', NULL, NULL),
(810, 12, 'Continental GT Speed new', NULL, NULL),
(811, 12, 'Continental GT3 Concept', NULL, NULL),
(812, 12, 'Continental GTC Speed', NULL, NULL),
(813, 12, 'Continental GTC V8', NULL, NULL),
(814, 12, 'Continental R', NULL, NULL),
(815, 12, 'Continental Supersports', NULL, NULL),
(816, 12, 'Continental Supersports Convertible', NULL, NULL),
(817, 12, 'Continental T', NULL, NULL),
(818, 12, 'Embiricos', NULL, NULL),
(819, 12, 'EXP 9 F Concept', NULL, NULL),
(820, 12, 'EXP Speed 8', NULL, NULL),
(821, 12, 'GTZ Zagato Concept', NULL, NULL),
(822, 12, 'Mulsanne Mulliner', NULL, NULL),
(823, 12, 'R-Type', NULL, NULL),
(824, 12, 'S1 Continental', NULL, NULL),
(825, 12, 'State Limousine', NULL, NULL),
(826, 12, 'S1', NULL, NULL),
(827, 12, 'T1', NULL, NULL),
(828, 12, 'T2', NULL, NULL),
(829, 12, '3-Series', NULL, NULL),
(830, 12, '3-Series Compact', NULL, NULL),
(831, 12, '3-Series Convertible', NULL, NULL),
(832, 12, '3-Series Coupe', NULL, NULL),
(833, 12, 'M3 Frozen Gray', NULL, NULL),
(834, 12, '3-Series Long Wheelbase', NULL, NULL),
(835, 12, '3-Series Touring', NULL, NULL),
(836, 12, '5-Series Touring', NULL, NULL),
(837, 12, '3-Series Touring UK Version', NULL, NULL),
(838, 12, '3-Series UK Version', NULL, NULL),
(839, 12, '5 Series', NULL, NULL),
(840, 12, '530d', NULL, NULL),
(841, 12, '530d Touring', NULL, NULL),
(842, 12, '530i', NULL, NULL),
(843, 12, '530Li', NULL, NULL),
(844, 12, '530xi', NULL, NULL),
(845, 12, '530xi Touring', NULL, NULL),
(846, 12, '545i Touring', NULL, NULL),
(847, 12, '5-Series', NULL, NULL),
(848, 12, '5-Series ActiveHybrid Concept', NULL, NULL),
(849, 12, '5-Series Gran Turismo', NULL, NULL),
(850, 12, '5-Series Gran Turismo Concept', NULL, NULL),
(851, 12, '5-Series Long-Wheelbase', NULL, NULL),
(852, 12, '5-Series Security', NULL, NULL),
(853, 12, '630i', NULL, NULL),
(854, 12, '640d Coupe', NULL, NULL),
(855, 12, '640d xDrive Coupe', NULL, NULL),
(856, 12, '640i Gran Coupe', NULL, NULL),
(857, 12, '7-Series High Security', NULL, NULL),
(858, 12, '645Ci Convertible', NULL, NULL),
(859, 12, '650i Convertible', NULL, NULL),
(860, 12, '6-Series Convertible', NULL, NULL),
(861, 12, '6-Series Coupe', NULL, NULL),
(862, 12, '6-Series Coupe Concept', NULL, NULL),
(863, 12, '6-Series Gran Coupe', NULL, NULL),
(864, 12, '6-Series Gran Coupe UK Version', NULL, NULL),
(865, 12, '7 ActiveHybrid', NULL, NULL),
(866, 12, '730d', NULL, NULL),
(867, 12, '750i', NULL, NULL),
(868, 12, '750Li', NULL, NULL),
(869, 12, '750Li with Shadow Line', NULL, NULL),
(870, 12, '760Li', NULL, NULL),
(871, 12, '760Li E66', NULL, NULL),
(872, 12, '7-Series', NULL, NULL),
(873, 12, '7-Series ActiveHybrid Concept', NULL, NULL),
(874, 12, '7-Series UK Version', NULL, NULL),
(875, 12, 'Active Tourer Concept', NULL, NULL),
(876, 12, 'ActiveE Concept', NULL, NULL),
(877, 12, 'Art Car Collection', NULL, NULL),
(878, 12, 'Concept CS', NULL, NULL),
(879, 12, 'Concept M5', NULL, NULL),
(880, 12, 'ConnectedDrive Concept', NULL, NULL),
(881, 12, 'Coupe Range', NULL, NULL),
(882, 12, 'EfficientDynamics Concept', NULL, NULL),
(883, 12, 'GINA Light Visionary Model Concept', NULL, NULL),
(884, 12, 'Gran Coupe Concept', NULL, NULL),
(885, 12, 'H2R', NULL, NULL),
(886, 12, 'M-Zero Concept', NULL, NULL),
(887, 12, 'H2R Hydrogen Racecar', NULL, NULL),
(888, 12, 'Hydrogen 7', NULL, NULL),
(889, 12, 'i3 Concept', NULL, NULL),
(890, 12, 'i8 Concept', NULL, NULL),
(891, 12, 'i8 Spyder Concept', NULL, NULL),
(892, 12, '635d Coupe', NULL, NULL),
(893, 12, 'M1 Concept', NULL, NULL),
(894, 12, 'M135i', NULL, NULL),
(895, 12, 'M135i Concept', NULL, NULL),
(896, 12, 'M3', NULL, NULL),
(897, 12, 'M3 Concept', NULL, NULL),
(898, 12, 'M3 Convertible', NULL, NULL),
(899, 12, 'M3 Convertible UK Version', NULL, NULL),
(900, 12, 'M3 Coupe', NULL, NULL),
(901, 12, 'M3 Coupe UK Version', NULL, NULL),
(902, 12, 'M3 Coupe US-Version', NULL, NULL),
(903, 12, 'M3 CRT', NULL, NULL),
(904, 12, 'M3 CSL', NULL, NULL),
(905, 12, 'M3 GTS', NULL, NULL),
(906, 12, 'M3 Pickup Concept', NULL, NULL),
(907, 12, 'M3 Race Version', NULL, NULL),
(908, 12, 'M3 Saloon UK Version', NULL, NULL),
(909, 12, 'M3 Sedan', NULL, NULL),
(910, 12, 'M3 Sedan US-Version', NULL, NULL),
(911, 12, 'M5', NULL, NULL),
(912, 12, 'M5 Concept', NULL, NULL),
(913, 12, 'M5 Touring', NULL, NULL),
(914, 12, 'M5 UK Version', NULL, NULL),
(915, 12, 'M5 US-Version', NULL, NULL),
(916, 12, 'M550d xDrive', NULL, NULL),
(917, 12, 'M550d xDrive Touring', NULL, NULL),
(918, 12, 'M6', NULL, NULL),
(919, 12, 'M6 Cabrio', NULL, NULL),
(920, 12, 'M6 Convertible', NULL, NULL),
(921, 12, 'Z4 Coupe', NULL, NULL),
(922, 12, 'M6 Convertible Neiman Marcus', NULL, NULL),
(923, 12, 'M6 Coupe', NULL, NULL),
(924, 12, '7 Series High Security', NULL, NULL),
(925, 12, 'M6 Coupe US-Version', NULL, NULL),
(926, 12, 'Mille Miglia Coupe Concept', NULL, NULL),
(927, 12, 'Scooter C Concept', NULL, NULL),
(928, 12, 'X1', NULL, NULL),
(929, 12, 'X1 Concept', NULL, NULL),
(930, 12, 'X1 xDrive28i', NULL, NULL),
(931, 12, 'X3', NULL, NULL),
(932, 12, 'X3 2.0d', NULL, NULL),
(933, 12, 'X3 3.0i', NULL, NULL),
(934, 12, 'X3 EfficientDynamics Concept', NULL, NULL),
(935, 12, 'X3 Limited Sport Edition', NULL, NULL),
(936, 12, 'X3 xDrive20d', NULL, NULL),
(937, 12, 'X3 xDrive35i', NULL, NULL),
(938, 12, 'X5', NULL, NULL),
(939, 12, 'X5 3.0d', NULL, NULL),
(940, 12, 'X5 4.4i', NULL, NULL),
(941, 12, 'X5 4.8i', NULL, NULL),
(942, 12, 'X5 4.8is', NULL, NULL),
(943, 12, 'X5 M', NULL, NULL),
(944, 12, 'X5 M50d', NULL, NULL),
(945, 12, 'X5 M-Package', NULL, NULL),
(946, 12, 'X5 Security', NULL, NULL),
(947, 12, 'X5 Security Plus', NULL, NULL),
(948, 12, 'X5 xDrive35d BluePerformance', NULL, NULL),
(949, 12, 'X6', NULL, NULL),
(950, 12, 'X6 ActiveHybrid', NULL, NULL),
(951, 12, 'X6 ActiveHybrid Concept', NULL, NULL),
(952, 12, 'X6 Concept', NULL, NULL),
(953, 12, 'X6 M', NULL, NULL),
(954, 12, 'X6 M50d', NULL, NULL),
(955, 12, 'X6 UK Version', NULL, NULL),
(956, 12, '645Ci', NULL, NULL),
(957, 12, 'Z4', NULL, NULL),
(958, 12, 'Z4 2.5i', NULL, NULL),
(959, 12, 'Z4 Coupe Concept', NULL, NULL),
(960, 12, 'Z4 GT3', NULL, NULL),
(961, 12, '325Ci Coupe', NULL, NULL),
(962, 12, 'Z4 M Coupe', NULL, NULL),
(963, 12, '318Ci Convertible', NULL, NULL),
(964, 12, 'Z4 M Coupe UK version', NULL, NULL),
(965, 12, 'Z4 M Roadster', NULL, NULL),
(966, 12, 'Z4 Roadster', NULL, NULL),
(967, 12, 'Z4 UK Version', NULL, NULL),
(968, 12, 'Zagato Coupe Concept', NULL, NULL),
(969, 12, 'Zagato Roadster Concept', NULL, NULL),
(970, 12, 'xActivity Concept', NULL, NULL),
(971, 12, 'X5 4.6is', NULL, NULL),
(972, 12, 'CS1 Concept', NULL, NULL),
(973, 12, '7 Series', NULL, NULL),
(974, 12, '760i', NULL, NULL),
(975, 12, '760Li Yachtline Concept', NULL, NULL),
(976, 12, '740d', NULL, NULL),
(977, 12, 'Z8', NULL, NULL),
(978, 12, 'Z18 Concept', NULL, NULL),
(979, 12, 'X Coupe Concept', NULL, NULL),
(980, 12, 'L7', NULL, NULL),
(981, 12, '740iL', NULL, NULL),
(982, 12, '740i', NULL, NULL),
(983, 12, '540i Protection', NULL, NULL),
(984, 12, '540i M Sportpaket', NULL, NULL),
(985, 12, '525i', NULL, NULL),
(986, 12, 'Z9 Convertible Concept', NULL, NULL),
(987, 12, '7 Series Protection', NULL, NULL),
(988, 12, '750iL', NULL, NULL),
(989, 12, 'Z9 Gran Turismo Concept', NULL, NULL),
(990, 12, 'M Roadster', NULL, NULL),
(991, 12, 'M Coupe', NULL, NULL),
(992, 12, 'Z07 Concept', NULL, NULL),
(993, 12, 'Z3', NULL, NULL),
(994, 12, '3 Series Coupe', NULL, NULL),
(995, 12, '328i', NULL, NULL),
(996, 12, 'Just 4-2 Concept', NULL, NULL),
(997, 12, 'Z13 Concept', NULL, NULL),
(998, 12, 'M3 GT', NULL, NULL),
(999, 12, 'M3 Cabriolet', NULL, NULL),
(1000, 12, '3 Series', NULL, NULL),
(1001, 12, '325i', NULL, NULL),
(1002, 12, '8 Series', NULL, NULL),
(1003, 12, 'Z1', NULL, NULL),
(1004, 12, 'M3 Evolution', NULL, NULL),
(1005, 12, 'M 635 CSi', NULL, NULL),
(1006, 12, '325i Cabrio', NULL, NULL),
(1007, 12, 'F1 Turbo BT 52', NULL, NULL),
(1008, 12, '524td', NULL, NULL),
(1009, 12, 'M 535i', NULL, NULL),
(1010, 12, '745i', NULL, NULL),
(1011, 12, 'M1', NULL, NULL),
(1012, 12, 'M1 Procar', NULL, NULL),
(1013, 12, '635CSi', NULL, NULL),
(1014, 12, '316', NULL, NULL),
(1015, 12, '630CS', NULL, NULL),
(1016, 12, '3.3Li', NULL, NULL),
(1017, 12, '2002 turbo', NULL, NULL),
(1018, 12, 'Turbo', NULL, NULL),
(1019, 12, '3.0 CSi', NULL, NULL),
(1020, 12, '3.0 CSL', NULL, NULL),
(1021, 12, '2800 CS', NULL, NULL),
(1022, 12, '2002', NULL, NULL),
(1023, 12, '1600-2', NULL, NULL),
(1024, 12, '02-Series', NULL, NULL),
(1025, 12, '2000 CS', NULL, NULL),
(1026, 12, '3200 Coupe CS', NULL, NULL),
(1027, 12, '1500', NULL, NULL),
(1028, 12, '503 Coupe', NULL, NULL),
(1029, 12, '503 Cabriolet', NULL, NULL),
(1030, 12, 'Isetta', NULL, NULL),
(1031, 12, '507', NULL, NULL),
(1032, 12, 'Roadster', NULL, NULL),
(1033, 12, '502 V8', NULL, NULL),
(1034, 12, '502 Coupe', NULL, NULL),
(1035, 12, '501', NULL, NULL),
(1036, 12, '328 Kamm Coupe', NULL, NULL),
(1037, 12, '335', NULL, NULL),
(1038, 12, '328 Touring Coupe', NULL, NULL),
(1039, 12, '327 Coupe', NULL, NULL),
(1040, 12, '328', NULL, NULL),
(1041, 12, '326 Cabriolet', NULL, NULL),
(1042, 12, '319-1 Roadster', NULL, NULL),
(1043, 12, '315-1 Roadster', NULL, NULL),
(1044, 12, '303 Limousine', NULL, NULL),
(1045, 12, '320 PS Tourer', NULL, NULL),
(1046, 12, '315 PS DA 2', NULL, NULL),
(1047, 13, 'B99 GT Concept', NULL, NULL),
(1048, 13, 'B99 Concept', NULL, NULL),
(1049, 14, '800 Coupe', NULL, NULL),
(1050, 14, 'Bullit', NULL, NULL),
(1051, 14, 'Bullit Black Arrow', NULL, NULL),
(1052, 14, 'Bullit Coupe 800', NULL, NULL),
(1053, 14, 'E V12', NULL, NULL),
(1054, 14, 'E V12 Cabriolet', NULL, NULL),
(1055, 14, 'Mercedes Benz GLK V12', NULL, NULL),
(1056, 14, 'Mercedes-Benz A-Class', NULL, NULL),
(1057, 14, 'Mercedes-Benz B-Class', NULL, NULL),
(1058, 14, 'Mercedes-Benz C V8 Sports Coupe', NULL, NULL),
(1059, 14, 'Mercedes-Benz C-Class', NULL, NULL),
(1060, 14, 'Mercedes-Benz C-Class Sportcoupe', NULL, NULL),
(1061, 14, '700 Biturbo', NULL, NULL),
(1062, 14, 'Mercedes-Benz C-Class Wagon', NULL, NULL),
(1063, 14, 'Mercedes-Benz CLS', NULL, NULL),
(1064, 14, 'E V12 Coupe', NULL, NULL),
(1065, 14, 'Mercedes-Benz E-Class Cabriolet', NULL, NULL),
(1066, 14, 'B63 S', NULL, NULL),
(1067, 14, 'Mercedes-Benz E-Class Coupe', NULL, NULL),
(1068, 14, 'Mercedes-Benz G-Class V12 S Biturbo', NULL, NULL),
(1069, 14, 'Mercedes-Benz GLK-Class', NULL, NULL),
(1070, 14, 'Mercedes-Benz M-Class', NULL, NULL),
(1071, 14, 'Ultimate 112', NULL, NULL),
(1072, 14, 'Mercedes-Benz R-Class', NULL, NULL),
(1073, 14, 'Mercedes-Benz SLR Roadster', NULL, NULL),
(1074, 14, 'Mercedes-Benz S-Class', NULL, NULL),
(1075, 14, 'Mercedes-Benz SL65 AMG Black Series', NULL, NULL),
(1076, 14, 'Mercedes-Benz SL-Class', NULL, NULL),
(1077, 14, 'Mercedes-Benz SLK', NULL, NULL),
(1078, 14, 'Mercedes-Benz CL Coupe', NULL, NULL),
(1079, 14, 'Mercedes-Benz CLS B63 S', NULL, NULL),
(1080, 14, 'Mercedes-Benz SLK-Class', NULL, NULL),
(1081, 14, 'Mercedes-Benz SLS AMG', NULL, NULL),
(1082, 14, 'Mercedes-Benz SLS AMG Roadster', NULL, NULL),
(1083, 14, 'Mercedes-Benz SLS AMG Widestar', NULL, NULL),
(1084, 14, 'Mercedes-Benz Viano V8', NULL, NULL),
(1085, 14, 'Rocket', NULL, NULL),
(1086, 14, 'Rocket 800', NULL, NULL),
(1087, 14, 'Rocket Police Car', NULL, NULL),
(1088, 14, 'Smart fortwo', NULL, NULL),
(1089, 14, 'Mercedes-Benz SLR', NULL, NULL),
(1090, 14, 'smart fortwo electric drive', NULL, NULL),
(1091, 14, 'SV12 R', NULL, NULL),
(1092, 14, 'SV12 R Biturbo 800', NULL, NULL),
(1093, 14, 'SV12 S Biturbo Coupe', NULL, NULL),
(1094, 14, 'SV12 S Biturbo Roadster', NULL, NULL),
(1095, 14, 'Tesla Roadster', NULL, NULL),
(1096, 14, 'Ultimate 101', NULL, NULL),
(1097, 14, 'Ultimate 120', NULL, NULL),
(1098, 14, 'Smart Roadster Coupe V6 biturbo', NULL, NULL),
(1099, 14, 'Smart Roadster', NULL, NULL),
(1100, 14, 'SV 12 Bi-Turbo Roadster', NULL, NULL),
(1101, 14, 'Mercedes-Benz Viano', NULL, NULL),
(1102, 14, 'Mercedes-Benz G V12 Biturbo', NULL, NULL),
(1103, 14, 'Mercedes-Benz G-Class', NULL, NULL),
(1104, 14, 'Mercedes-Benz E V12 Concept', NULL, NULL),
(1105, 14, 'Mercedes-Benz E-Class', NULL, NULL),
(1106, 14, 'Mercedes-Benz CLK K8', NULL, NULL),
(1107, 14, 'Mercedes-Benz CLK', NULL, NULL),
(1108, 14, 'Mercedes-Benz CL', NULL, NULL),
(1109, 14, 'Mercedes-Benz Vaneo', NULL, NULL),
(1110, 14, 'Mercedes-Benz K8', NULL, NULL),
(1111, 14, 'Maybach', NULL, NULL),
(1112, 15, 'Beira', NULL, NULL),
(1113, 16, 'Veyron Grand Sport Vitesse', NULL, NULL),
(1114, 16, 'Veyron Super Sport', NULL, NULL),
(1115, 16, 'Veyron Grand Sport LOr Blanc', NULL, NULL),
(1116, 16, 'Veyron Grand Sport Sang Bleu', NULL, NULL),
(1117, 16, 'Veyron Grand Sport', NULL, NULL),
(1118, 16, 'Veyron Fbg par Hermes', NULL, NULL),
(1119, 16, 'Veyron Centenaire', NULL, NULL),
(1120, 16, 'Veyron Bleu Centenaire', NULL, NULL),
(1121, 16, 'Veyron', NULL, NULL),
(1122, 16, 'Galibier Concept', NULL, NULL),
(1123, 16, 'Veyron Sang Noir', NULL, NULL),
(1124, 16, 'Veyron Fbg par Hermes', NULL, NULL),
(1125, 16, 'Veyron Pur Sang', NULL, NULL),
(1126, 16, 'EB 164 Veyron', NULL, NULL),
(1127, 17, '2-2 Bengal Roadster Concept', NULL, NULL),
(1128, 17, 'Blackhawk Concept', NULL, NULL),
(1129, 17, 'Centurion Concept', NULL, NULL),
(1130, 17, 'Century', NULL, NULL),
(1131, 17, 'Cielo Concept', NULL, NULL),
(1132, 17, 'Enclave', NULL, NULL),
(1133, 17, 'Enclave Concept', NULL, NULL),
(1134, 17, 'Encore', NULL, NULL),
(1135, 17, 'Envision Concept', NULL, NULL),
(1136, 17, 'GL8', NULL, NULL),
(1137, 17, 'Business Concept', NULL, NULL),
(1138, 17, 'Invicta Concept', NULL, NULL),
(1139, 17, 'Jay Lenos Roadmaster', NULL, NULL),
(1140, 17, 'LaCrosse', NULL, NULL),
(1141, 17, 'LaCrosse CSX', NULL, NULL),
(1142, 17, 'LaCrosse CXS', NULL, NULL),
(1143, 17, 'LaCrosse GL Concept', NULL, NULL),
(1144, 17, 'LaCrosse Super', NULL, NULL),
(1145, 17, 'LeSabre', NULL, NULL),
(1146, 17, 'LeSabre Celebration Edition', NULL, NULL),
(1147, 17, 'LeSabre Custom', NULL, NULL),
(1148, 17, 'LeSabre Limited', NULL, NULL),
(1149, 17, 'Lucerne CXS', NULL, NULL),
(1150, 17, 'Lucerne Super', NULL, NULL),
(1151, 17, 'Park Avenue', NULL, NULL),
(1152, 17, 'Park Avenue Ultra', NULL, NULL),
(1153, 17, 'Rainier', NULL, NULL),
(1154, 17, 'Rainier CXL', NULL, NULL),
(1155, 17, 'Regal', NULL, NULL),
(1156, 17, 'Regal Abboud GS', NULL, NULL),
(1157, 17, 'Regal Cielo Concept', NULL, NULL),
(1158, 17, 'Regal GNX Show Car', NULL, NULL),
(1159, 17, 'Regal GS', NULL, NULL),
(1160, 17, 'Regal GS Concept', NULL, NULL),
(1161, 17, 'Rendezvous', NULL, NULL),
(1162, 17, 'Rendezvous CX', NULL, NULL),
(1163, 17, 'Rendezvous CXL', NULL, NULL),
(1164, 17, 'Rendezvous Ultra', NULL, NULL),
(1165, 17, 'Riviera', NULL, NULL),
(1166, 17, 'Riviera Concept Coupe', NULL, NULL),
(1167, 17, 'Roadmaster', NULL, NULL),
(1168, 17, 'Royaum', NULL, NULL),
(1169, 17, 'Signia Concept', NULL, NULL),
(1170, 17, 'Skylark', NULL, NULL),
(1171, 17, 'Wildcat Concept', NULL, NULL),
(1172, 17, 'Silver Arrow Concept', NULL, NULL),
(1173, 17, 'Super Convertible', NULL, NULL),
(1174, 17, 'Super Estate Wagon', NULL, NULL),
(1175, 17, 'Super Riviera Coupe', NULL, NULL),
(1176, 17, 'Super Riviera Sedan', NULL, NULL),
(1177, 17, 'Terraza', NULL, NULL),
(1178, 17, 'Terraza CXL', NULL, NULL),
(1179, 17, 'Velite Concept', NULL, NULL),
(1180, 17, 'Verano', NULL, NULL),
(1181, 17, 'Verano Turbo', NULL, NULL),
(1182, 17, 'XP2000 Concept', NULL, NULL),
(1183, 17, 'XP-300 Concept', NULL, NULL),
(1184, 17, 'YJob Concept', NULL, NULL),
(1185, 17, 'Model C', NULL, NULL),
(1186, 18, 'Aera Concept', NULL, NULL),
(1187, 18, 'ATS', NULL, NULL),
(1188, 18, 'BLS', NULL, NULL),
(1189, 18, 'BLS Show Car', NULL, NULL),
(1190, 18, 'CTS Coupe', NULL, NULL),
(1191, 18, 'BLS Wagon', NULL, NULL),
(1192, 18, 'Ciel Concept', NULL, NULL),
(1193, 18, 'Converj Concept', NULL, NULL),
(1194, 18, 'CTS', NULL, NULL),
(1195, 18, 'CTS Euro', NULL, NULL),
(1196, 18, 'CTS Sport Wagon', NULL, NULL),
(1197, 18, 'CTSV', NULL, NULL),
(1198, 18, 'CTS-V Black Diamond Edition', NULL, NULL),
(1199, 18, 'Escalade Hybrid', NULL, NULL),
(1200, 18, 'CTS-V Coupe', NULL, NULL),
(1201, 18, 'CTS-V', NULL, NULL),
(1202, 18, 'CTS-V Coupe Race Car', NULL, NULL),
(1203, 18, 'CTS-V Euro', NULL, NULL),
(1204, 18, 'CTSV Race Car', NULL, NULL),
(1205, 18, 'CTS Coupe Concept', NULL, NULL),
(1206, 18, 'CTS-V Sport Wagon', NULL, NULL),
(1207, 18, 'CTSV with Accessories', NULL, NULL),
(1208, 18, 'DeVille', NULL, NULL),
(1209, 18, 'DeVille Armored', NULL, NULL),
(1210, 18, 'DeVille DTS', NULL, NULL),
(1211, 18, 'DeVille Presidential Limousine', NULL, NULL),
(1212, 18, 'Escalade ESV', NULL, NULL),
(1213, 18, 'Escalade', NULL, NULL),
(1214, 18, 'BLS Sport', NULL, NULL),
(1215, 18, 'XLR Star Black Limited Edition', NULL, NULL),
(1216, 18, 'Escalade ESV Executive Edition', NULL, NULL),
(1217, 18, 'Escalade ESVe Limousine', NULL, NULL),
(1218, 18, 'DTS Limousine', NULL, NULL),
(1219, 18, 'DTS', NULL, NULL),
(1220, 18, 'Escalade ESV Platinum', NULL, NULL),
(1221, 18, 'Escalade European Version', NULL, NULL),
(1222, 18, 'Escalade EXT', NULL, NULL),
(1223, 18, 'Escalade Platinum', NULL, NULL),
(1224, 18, 'SRX Euro', NULL, NULL),
(1225, 18, 'Presidential Limousine', NULL, NULL),
(1226, 18, 'Provoq Concept', NULL, NULL),
(1227, 18, 'Seville', NULL, NULL),
(1228, 18, 'Seville SLS', NULL, NULL),
(1229, 18, 'XLR', NULL, NULL),
(1230, 18, 'Seville STS', NULL, NULL),
(1231, 18, 'Sixteen Concept', NULL, NULL),
(1232, 18, 'SLS', NULL, NULL),
(1233, 18, 'SRX', NULL, NULL),
(1234, 18, 'SRX European Version', NULL, NULL),
(1235, 18, 'STS', NULL, NULL),
(1236, 18, 'STS Euro', NULL, NULL),
(1237, 18, 'STS SAE 100', NULL, NULL),
(1238, 18, 'STSV', NULL, NULL),
(1239, 18, 'Urban Luxury Concept', NULL, NULL),
(1240, 18, 'Vizon Concept', NULL, NULL),
(1241, 18, 'XLR Euro', NULL, NULL),
(1242, 18, 'Cien Concept', NULL, NULL),
(1243, 18, 'XLRV', NULL, NULL),
(1244, 18, 'Eldorado', NULL, NULL),
(1245, 18, 'XTS', NULL, NULL),
(1246, 18, 'XTS Platinum Concept', NULL, NULL),
(1247, 18, 'Imaj Concept', NULL, NULL),
(1248, 18, 'Eldorado ETC', NULL, NULL),
(1249, 18, 'Evoq Concept', NULL, NULL),
(1250, 18, 'Allante', NULL, NULL),
(1251, 18, 'Voyage Concept', NULL, NULL),
(1252, 18, 'Eldorado Convertible', NULL, NULL),
(1253, 18, 'Cyclone Concept', NULL, NULL),
(1254, 18, 'El Camino Concept', NULL, NULL),
(1255, 18, 'Le Mans Concept', NULL, NULL),
(1256, 18, 'DeVille Coupe', NULL, NULL),
(1257, 18, 'Coach 2-Door', NULL, NULL),
(1258, 18, 'LaSalle', NULL, NULL),
(1259, 19, 'T1', NULL, NULL),
(1260, 20, 'Mercedes-Benz S-Class', NULL, NULL),
(1261, 20, 'Mercedes-Benz M-Class', NULL, NULL),
(1262, 20, 'Mercedes-Benz B-Class', NULL, NULL),
(1263, 20, 'Mercedes-Benz SLK', NULL, NULL),
(1264, 20, 'Mercedes-Benz CLS', NULL, NULL),
(1265, 20, 'Mercedes-Benz A-Class', NULL, NULL),
(1266, 20, 'Mercedes-Benz E-Class', NULL, NULL),
(1267, 20, 'Mercedes-Benz SL', NULL, NULL),
(1268, 20, 'Mercedes-Benz CLK RS', NULL, NULL),
(1269, 20, 'Mercedes-Benz CLK', NULL, NULL),
(1270, 20, 'Mercedes-Benz C-Class', NULL, NULL),
(1271, 20, 'Mercedes-Benz S-Class', NULL, NULL),
(1272, 21, 'R600 Superlight', NULL, NULL),
(1273, 21, 'Seven Roadsport 125 Monaco', NULL, NULL),
(1274, 21, 'R500', NULL, NULL),
(1275, 22, '34 Coupe E85 Concept', NULL, NULL),
(1276, 22, 'Aerovette', NULL, NULL),
(1277, 22, 'Agile', NULL, NULL),
(1278, 22, 'Astra 2.0 Flexpower Comfort', NULL, NULL),
(1279, 22, 'Astra 2.0 Flexpower Elegance', NULL, NULL),
(1280, 22, 'Astra 2.0 Flexpower Elite', NULL, NULL),
(1281, 22, 'Astra GSi 2.0 16V', NULL, NULL),
(1282, 22, 'Astro', NULL, NULL),
(1283, 22, 'Avalanche', NULL, NULL),
(1284, 22, 'Avalanche LTZ', NULL, NULL),
(1285, 22, 'Aveo', NULL, NULL),
(1286, 22, 'Aveo LS 4 Door', NULL, NULL),
(1287, 22, 'Aveo LS 5 Door', NULL, NULL),
(1288, 22, 'Aveo RS Concept', NULL, NULL),
(1289, 22, 'Aveo Sedan', NULL, NULL),
(1290, 22, 'Aveo5', NULL, NULL),
(1291, 22, 'Beat Concept', NULL, NULL),
(1292, 22, 'Bel Air Concept', NULL, NULL),
(1293, 22, 'Blazer', NULL, NULL),
(1294, 22, 'Borrego Concept', NULL, NULL),
(1295, 22, 'Camaro', NULL, NULL),
(1296, 22, 'Camaro 1LE', NULL, NULL),
(1297, 22, 'Camaro 45th Anniversary Edition', NULL, NULL),
(1298, 22, 'Camaro Black Concept', NULL, NULL),
(1299, 22, 'Camaro Concept', NULL, NULL),
(1300, 22, 'Camaro Convertible', NULL, NULL),
(1301, 22, 'Camaro Convertible Concept', NULL, NULL),
(1302, 22, 'Camaro Convertible EU Version', NULL, NULL),
(1303, 22, 'Camaro Convertible Neiman Marcus', NULL, NULL),
(1304, 22, 'Camaro COPO', NULL, NULL),
(1305, 22, 'Camaro Coupe', NULL, NULL),
(1306, 22, 'Camaro EU Version', NULL, NULL),
(1307, 22, 'Camaro GS Racecar Concept', NULL, NULL),
(1308, 22, 'Camaro Hot Wheels Edition new', NULL, NULL);
INSERT INTO `car_model` (`id`, `make_id`, `name`, `created_on`, `created_by`) VALUES
(1309, 22, 'Camaro LS7 Concept', NULL, NULL),
(1310, 22, 'Camaro Red Flash Concept', NULL, NULL),
(1311, 22, 'Camaro SS', NULL, NULL),
(1312, 22, 'Camaro SS Convertible Indy 500 Pace Car', NULL, NULL),
(1313, 22, 'Camaro SS Indy 500 Pace Car', NULL, NULL),
(1314, 22, 'Camaro SSX Concept', NULL, NULL),
(1315, 22, 'Camaro Transformers', NULL, NULL),
(1316, 22, 'Camaro ZL1', NULL, NULL),
(1317, 22, 'Camaro ZL1 Convertible', NULL, NULL),
(1318, 22, 'Caprice Police Patrol Vehicle', NULL, NULL),
(1319, 22, 'Captiva', NULL, NULL),
(1320, 22, 'Captiva Sport', NULL, NULL),
(1321, 22, 'Cavalier', NULL, NULL),
(1322, 22, 'Cavalier Coupe', NULL, NULL),
(1323, 22, 'Cavalier Drag', NULL, NULL),
(1324, 22, 'Cavalier LS', NULL, NULL),
(1325, 22, 'Cavalier LS Sedan', NULL, NULL),
(1326, 22, 'Cavalier Super Sport', NULL, NULL),
(1327, 22, 'Cavalier Turbo Sport', NULL, NULL),
(1328, 22, 'Cavalier Xtreme', NULL, NULL),
(1329, 22, 'Cavalier Z24R', NULL, NULL),
(1330, 22, 'Celta', NULL, NULL),
(1331, 22, 'Chevelle', NULL, NULL),
(1332, 22, 'Cheyenne Concept', NULL, NULL),
(1333, 22, 'Cobalt', NULL, NULL),
(1334, 22, 'Cobalt LT', NULL, NULL),
(1335, 22, 'Cobalt Sedan', NULL, NULL),
(1336, 22, 'Cobalt SS', NULL, NULL),
(1337, 22, 'Cobalt SS Supercharged Coupe', NULL, NULL),
(1338, 22, 'Code 130R Concept', NULL, NULL),
(1339, 22, 'Colorado', NULL, NULL),
(1340, 22, 'Colorado Concept', NULL, NULL),
(1341, 22, 'Colorado Cruz', NULL, NULL),
(1342, 22, 'Colorado Extended Cab', NULL, NULL),
(1343, 22, 'Colorado LS Crew Cab', NULL, NULL),
(1344, 22, 'Colorado LS Extended Cab', NULL, NULL),
(1345, 22, 'Colorado LS Regular Cab', NULL, NULL),
(1346, 22, 'Colorado LS Z71 Crew Cab', NULL, NULL),
(1347, 22, 'Colorado LS Z71 Extended Cab', NULL, NULL),
(1348, 22, 'Colorado Rally Concept', NULL, NULL),
(1349, 22, 'Colorado Regular Cab', NULL, NULL),
(1350, 22, 'Corvette', NULL, NULL),
(1351, 22, 'Corvette 427 Convertible', NULL, NULL),
(1352, 22, 'Corvette Bondurant', NULL, NULL),
(1353, 22, 'Corvette C1', NULL, NULL),
(1354, 22, 'Corvette C2', NULL, NULL),
(1355, 22, 'Corvette C3', NULL, NULL),
(1356, 22, 'Corvette C4', NULL, NULL),
(1357, 22, 'Corvette C5', NULL, NULL),
(1358, 22, 'Corvette C5-R', NULL, NULL),
(1359, 22, 'Corvette C6', NULL, NULL),
(1360, 22, 'Corvette C6R Race Car', NULL, NULL),
(1361, 22, 'Corvette CERV III Concept', NULL, NULL),
(1362, 22, 'Corvette Daytona Racecar', NULL, NULL),
(1363, 22, 'Corvette Grand Sport', NULL, NULL),
(1364, 22, 'Corvette GT1', NULL, NULL),
(1365, 22, 'Corvette Indy 500 Pace Car', NULL, NULL),
(1366, 22, 'Corvette Indy Concept Car', NULL, NULL),
(1367, 22, 'Corvette Mako Shark Concept', NULL, NULL),
(1368, 22, 'Corvette Manta Ray Concept', NULL, NULL),
(1369, 22, 'Corvette Sting Ray III Concept', NULL, NULL),
(1370, 22, 'Corvette Z06', NULL, NULL),
(1371, 22, 'Corvette Z06 Carbon Limited Edition', NULL, NULL),
(1372, 22, 'Corvette Z06 Centennial Edition', NULL, NULL),
(1373, 22, 'Corvette Z06 Commemorative Edition', NULL, NULL),
(1374, 22, 'Corvette Z06 Daytona 500 Pace Car', NULL, NULL),
(1375, 22, 'Corvette Z06X Concept', NULL, NULL),
(1376, 22, 'Corvette ZR1', NULL, NULL),
(1377, 22, 'Cruze', NULL, NULL),
(1378, 22, 'Cruze Hatchback', NULL, NULL),
(1379, 22, 'Cruze Station Wagon', NULL, NULL),
(1380, 22, 'Cruze WTCC', NULL, NULL),
(1381, 22, 'Electric S-10 Concept', NULL, NULL),
(1382, 22, 'Epica', NULL, NULL),
(1383, 22, 'Equinox', NULL, NULL),
(1384, 22, 'Equinox Sport', NULL, NULL),
(1385, 22, 'Express', NULL, NULL),
(1386, 22, 'GPiX Concept', NULL, NULL),
(1387, 22, 'Groove Concept', NULL, NULL),
(1388, 22, 'HHR LT', NULL, NULL),
(1389, 22, 'HHR Panel', NULL, NULL),
(1390, 22, 'HHR SS', NULL, NULL),
(1391, 22, 'Impala', NULL, NULL),
(1392, 22, 'Impala LS', NULL, NULL),
(1393, 22, 'Impala Police Package', NULL, NULL),
(1394, 22, 'Impala Police Vehicle', NULL, NULL),
(1395, 22, 'Impala Sedan', NULL, NULL),
(1396, 22, 'Impala SS', NULL, NULL),
(1397, 22, 'Impala Super Sport', NULL, NULL),
(1398, 22, 'Jay Lenos Corvette C6RS E85', NULL, NULL),
(1399, 22, 'Journey Concept', NULL, NULL),
(1400, 22, 'K5 Concept', NULL, NULL),
(1401, 22, 'Kodiak', NULL, NULL),
(1402, 22, 'Kodiak C4500', NULL, NULL),
(1403, 22, 'Lumina', NULL, NULL),
(1404, 22, 'Lumina SS', NULL, NULL),
(1405, 22, 'Malibu', NULL, NULL),
(1406, 22, 'Malibu ECO', NULL, NULL),
(1407, 22, 'Malibu LT', NULL, NULL),
(1408, 22, 'Malibu LTZ', NULL, NULL),
(1409, 22, 'Malibu Maxx', NULL, NULL),
(1410, 22, 'Malibu Maxx SS', NULL, NULL),
(1411, 22, 'Malibu Sedan', NULL, NULL),
(1412, 22, 'Malibu SS', NULL, NULL),
(1413, 22, 'Malibu XTC', NULL, NULL),
(1414, 22, 'Matiz', NULL, NULL),
(1415, 22, 'Matiz M3X Concept', NULL, NULL),
(1416, 22, 'Miray Concept', NULL, NULL),
(1417, 22, 'Monte Carlo', NULL, NULL),
(1418, 22, 'Monte Carlo Brickyard Pace Car', NULL, NULL),
(1419, 22, 'Monte Carlo Dale Earnhardt Edition', NULL, NULL),
(1420, 22, 'Monte Carlo High Sport', NULL, NULL),
(1421, 22, 'Monte Carlo Looney Tunes', NULL, NULL),
(1422, 22, 'Monte Carlo SS', NULL, NULL),
(1423, 22, 'Nomad', NULL, NULL),
(1424, 22, 'Nomad Concept', NULL, NULL),
(1425, 22, 'Nubira Station Wagon WTCC R', NULL, NULL),
(1426, 22, 'Onix new', NULL, NULL),
(1427, 22, 'Orlando', NULL, NULL),
(1428, 22, 'Orlando Concept', NULL, NULL),
(1429, 22, 'S-10', NULL, NULL),
(1430, 22, 'S3X Concept', NULL, NULL),
(1431, 22, 'Sail', NULL, NULL),
(1432, 22, 'Sequel Concept', NULL, NULL),
(1433, 22, 'Silverado', NULL, NULL),
(1434, 22, 'Silverado 2500 HD LTZ Extended Cab', NULL, NULL),
(1435, 22, 'Silverado 3500 HD LTZ Crew Cab', NULL, NULL),
(1436, 22, 'Silverado Crew Cab', NULL, NULL),
(1437, 22, 'Silverado Extended Cab', NULL, NULL),
(1438, 22, 'Silverado HD', NULL, NULL),
(1439, 22, 'Silverado Hybrid', NULL, NULL),
(1440, 22, 'Silverado Hydrogen Military Vehicle', NULL, NULL),
(1441, 22, 'Silverado Intimidator SS', NULL, NULL),
(1442, 22, 'Silverado Regular Cab', NULL, NULL),
(1443, 22, 'Silverado SS', NULL, NULL),
(1444, 22, 'Silverado SS Pace Truck', NULL, NULL),
(1445, 22, 'Silverado Z71 Extended Cab', NULL, NULL),
(1446, 22, 'SOCAL SSR Bonneville Salt Flats', NULL, NULL),
(1447, 22, 'Sonic', NULL, NULL),
(1448, 22, 'Sonic RS', NULL, NULL),
(1449, 22, 'Sonic Sedan', NULL, NULL),
(1450, 22, 'Spark', NULL, NULL),
(1451, 22, 'SS Concept', NULL, NULL),
(1452, 22, 'SSR', NULL, NULL),
(1453, 22, 'SSR Concept', NULL, NULL),
(1454, 22, 'SSR Hot Rod Power Tour Concept', NULL, NULL),
(1455, 22, 'SSR Indy 500 Pace Vehicle', NULL, NULL),
(1456, 22, 'Stingray Concept', NULL, NULL),
(1457, 22, 'Stingray Racer Concept', NULL, NULL),
(1458, 22, 'Suburban', NULL, NULL),
(1459, 22, 'Suburban LTZ', NULL, NULL),
(1460, 22, 'Tahoe', NULL, NULL),
(1461, 22, 'Tracker', NULL, NULL),
(1462, 22, 'Tracker Turbo', NULL, NULL),
(1463, 22, 'Trailblazer', NULL, NULL),
(1464, 22, 'TrailBlazer Concept', NULL, NULL),
(1465, 22, 'TrailBlazer SS', NULL, NULL),
(1466, 22, 'TrailBlazer Vortec', NULL, NULL),
(1467, 22, 'Traverse', NULL, NULL),
(1468, 22, 'Trax', NULL, NULL),
(1469, 22, 'Trax Concept', NULL, NULL),
(1470, 22, 'Tru 140S Concept', NULL, NULL),
(1471, 22, 'Uplander', NULL, NULL),
(1472, 22, 'Venture', NULL, NULL),
(1473, 22, 'Volt', NULL, NULL),
(1474, 22, 'Volt Concept', NULL, NULL),
(1475, 22, 'Volt MPV5 Concept', NULL, NULL),
(1476, 22, 'West Coast Customs HHR', NULL, NULL),
(1477, 22, 'WTCC Ultra Concept', NULL, NULL),
(1478, 22, 'YGM1 Concept', NULL, NULL),
(1479, 22, 'ZR2 Shark Concept', NULL, NULL),
(1480, 23, '200', NULL, NULL),
(1481, 23, '300', NULL, NULL),
(1482, 23, '200 Convertible', NULL, NULL),
(1483, 23, '200 S', NULL, NULL),
(1484, 23, '200C EV Concept', NULL, NULL),
(1485, 23, '300 HEMI C Convertible Concept', NULL, NULL),
(1486, 23, '300 Luxury Series', NULL, NULL),
(1487, 23, '300 SRT8', NULL, NULL),
(1488, 23, '300C', NULL, NULL),
(1489, 23, '300C Concept', NULL, NULL),
(1490, 23, '300C Heritage Edition', NULL, NULL),
(1491, 23, '300C SRT UK Version', NULL, NULL),
(1492, 23, '300C SRT8', NULL, NULL),
(1493, 23, '300C SRT8 Touring', NULL, NULL),
(1494, 23, '300C Touring', NULL, NULL),
(1495, 23, '300C Touring Concept', NULL, NULL),
(1496, 23, '300C Touring SRT UK Version', NULL, NULL),
(1497, 23, '300C Touring UK Version', NULL, NULL),
(1498, 23, '300C UK Version', NULL, NULL),
(1499, 23, '300M', NULL, NULL),
(1500, 23, 'Airflite Concept', NULL, NULL),
(1501, 23, 'Akino Concept', NULL, NULL),
(1502, 23, 'Aspen', NULL, NULL),
(1503, 23, 'Atlantic Concept', NULL, NULL),
(1504, 23, 'California Cruiser Concept', NULL, NULL),
(1505, 23, 'Chronos Concept', NULL, NULL),
(1506, 23, 'Citadel Concept', NULL, NULL),
(1507, 23, 'Crossfire', NULL, NULL),
(1508, 23, 'Crossfire Concept', NULL, NULL),
(1509, 23, 'Crossfire Roadster', NULL, NULL),
(1510, 23, 'Crossfire Roadster UK Version', NULL, NULL),
(1511, 23, 'Crossfire SRT6', NULL, NULL),
(1512, 23, 'Crossfire SRT6 Roadster', NULL, NULL),
(1513, 23, 'Crossfire UK Version', NULL, NULL),
(1514, 23, 'Delta', NULL, NULL),
(1515, 23, 'ecoVoyager Concept', NULL, NULL),
(1516, 23, 'EV Concept', NULL, NULL),
(1517, 23, 'Firepower Concept', NULL, NULL),
(1518, 23, 'GEM Peapod', NULL, NULL),
(1519, 23, 'GT Cruiser Concept', NULL, NULL),
(1520, 23, 'Imperial Concept', NULL, NULL),
(1521, 23, 'Java Concept', NULL, NULL),
(1522, 23, 'ME FourTwelve Concept', NULL, NULL),
(1523, 23, 'Nassau Concept', NULL, NULL),
(1524, 23, 'Pacifica', NULL, NULL),
(1525, 23, 'Pacifica Concept', NULL, NULL),
(1526, 23, 'Panel Cruiser Concept', NULL, NULL),
(1527, 23, 'Pronto Cruizer Concept', NULL, NULL),
(1528, 23, 'PT Cruiser', NULL, NULL),
(1529, 23, 'PT Cruiser Convertible', NULL, NULL),
(1530, 23, 'PT Street Cruiser Pacific Coast Highway', NULL, NULL),
(1531, 23, 'Sebring', NULL, NULL),
(1532, 23, 'Sebring Convertible', NULL, NULL),
(1533, 23, 'Sebring UK Version', NULL, NULL),
(1534, 23, 'Thunderbolt Concept', NULL, NULL),
(1535, 23, 'Town and Country', NULL, NULL),
(1536, 23, 'Ypsilon', NULL, NULL),
(1537, 24, '2CV 6 Charleston', NULL, NULL),
(1538, 24, '2CV Berline', NULL, NULL),
(1539, 24, '2CV Spcial', NULL, NULL),
(1540, 24, '2CV Spot', NULL, NULL),
(1541, 24, 'Berlingo Multispace', NULL, NULL),
(1542, 24, 'C1', NULL, NULL),
(1543, 24, 'C1 3door', NULL, NULL),
(1544, 24, 'C1 5door', NULL, NULL),
(1545, 24, 'C2', NULL, NULL),
(1546, 24, 'C3', NULL, NULL),
(1547, 24, 'C3 Picasso', NULL, NULL),
(1548, 24, 'C3 Pluriel', NULL, NULL),
(1549, 24, 'C3 Pluriel Charleston', NULL, NULL),
(1550, 24, 'C3 Pluriel HDi 70', NULL, NULL),
(1551, 24, 'C3 VTR', NULL, NULL),
(1552, 24, 'C3 X-TR', NULL, NULL),
(1553, 24, 'C4', NULL, NULL),
(1554, 24, 'C4 Aircross', NULL, NULL),
(1555, 24, 'C4 Coupe', NULL, NULL),
(1556, 24, 'C4 Coupe Enterprise', NULL, NULL),
(1557, 24, 'C4 Coupe with Panoramic Sunroof', NULL, NULL),
(1558, 24, 'C4 L', NULL, NULL),
(1559, 24, 'C4 notchback', NULL, NULL),
(1560, 24, 'C4 Picasso', NULL, NULL),
(1561, 24, 'C4 Sedan', NULL, NULL),
(1562, 24, 'C4 Sport Concept', NULL, NULL),
(1563, 24, 'C4 WRC HYmotion4 Concept', NULL, NULL),
(1564, 24, 'C5', NULL, NULL),
(1565, 24, 'C5 Airscape Concept', NULL, NULL),
(1566, 24, 'C5 Break', NULL, NULL),
(1567, 24, 'C5 Estate', NULL, NULL),
(1568, 24, 'C6', NULL, NULL),
(1569, 24, 'C8 Exclusive', NULL, NULL),
(1570, 24, 'C-Airdream Concept', NULL, NULL),
(1571, 24, 'CAirlounge Concept', NULL, NULL),
(1572, 24, 'C-Airplay Concept', NULL, NULL),
(1573, 24, 'C-Buggy Concept', NULL, NULL),
(1574, 24, 'C-Cactus Concept', NULL, NULL),
(1575, 24, 'C-Crosser', NULL, NULL),
(1576, 24, 'C-Crosser Concept', NULL, NULL),
(1577, 24, 'C-Elysee', NULL, NULL),
(1578, 24, 'C-Metisse Concept', NULL, NULL),
(1579, 24, 'Cruise Crosser Concept', NULL, NULL),
(1580, 24, 'C-SportLounge Concept Car', NULL, NULL),
(1581, 24, 'C-Zero', NULL, NULL),
(1582, 24, 'DS 19', NULL, NULL),
(1583, 24, 'DS 19 Cabrio', NULL, NULL),
(1584, 24, 'DS 21', NULL, NULL),
(1585, 24, 'DS 21 Berline', NULL, NULL),
(1586, 24, 'DS 21 Cabrio', NULL, NULL),
(1587, 24, 'DS 23 Break', NULL, NULL),
(1588, 24, 'DS 23 IE', NULL, NULL),
(1589, 24, 'DS High Rider Concept', NULL, NULL),
(1590, 24, 'DS Inside Concept', NULL, NULL),
(1591, 24, 'DS3', NULL, NULL),
(1592, 24, 'DS3 Cabrio', NULL, NULL),
(1593, 24, 'DS3 R3', NULL, NULL),
(1594, 24, 'DS3 Racing', NULL, NULL),
(1595, 24, 'DS4', NULL, NULL),
(1596, 24, 'DS4 Racing Concept', NULL, NULL),
(1597, 24, 'DS5', NULL, NULL),
(1598, 24, 'GQ Concept', NULL, NULL),
(1599, 24, 'Grand C4 Picasso', NULL, NULL),
(1600, 24, 'GT Concept', NULL, NULL),
(1601, 24, 'Hypnos Concept', NULL, NULL),
(1602, 24, 'Lacoste Concept', NULL, NULL),
(1603, 24, 'Metropolis Concept', NULL, NULL),
(1604, 24, 'Numero 9 Concept', NULL, NULL),
(1605, 24, 'REVOLTe Concept', NULL, NULL),
(1606, 24, 'SM', NULL, NULL),
(1607, 24, 'SM Automat', NULL, NULL),
(1608, 24, 'SM Presidential', NULL, NULL),
(1609, 24, 'Survolt Concept', NULL, NULL),
(1610, 24, 'Traction Avant 11B Cabrio', NULL, NULL),
(1611, 24, 'Tubik Concept', NULL, NULL),
(1612, 24, 'Xsara Picasso', NULL, NULL),
(1613, 25, 'C6W Spider', NULL, NULL),
(1614, 25, 'C6W', NULL, NULL),
(1615, 25, 'T40', NULL, NULL),
(1616, 25, 'B24', NULL, NULL),
(1617, 26, 'Dokker', NULL, NULL),
(1618, 26, 'Dokker Van', NULL, NULL),
(1619, 26, 'Duster Trophee Andros', NULL, NULL),
(1620, 26, 'Lodgy', NULL, NULL),
(1621, 26, 'Logan', NULL, NULL),
(1622, 26, 'Duster', NULL, NULL),
(1623, 26, 'Logan 1.4 MPI', NULL, NULL),
(1624, 26, 'Logan 1.6 MPI', NULL, NULL),
(1625, 26, 'Logan MCV', NULL, NULL),
(1626, 26, 'Logan Pickup', NULL, NULL),
(1627, 26, 'Duster Concept', NULL, NULL),
(1628, 26, 'Logan Steppe Concept', NULL, NULL),
(1629, 26, 'Logan Van', NULL, NULL),
(1630, 26, 'Sandero', NULL, NULL),
(1631, 26, 'Sandero Stepway', NULL, NULL),
(1632, 27, 'Matiz Creative', NULL, NULL),
(1633, 27, 'L4X', NULL, NULL),
(1634, 27, 'Nubira Station Wagon CDX', NULL, NULL),
(1635, 27, 'Lacetti SX', NULL, NULL),
(1636, 27, 'Lacetti CDX', NULL, NULL),
(1637, 28, 'ai Concept', NULL, NULL),
(1638, 28, 'Charade', NULL, NULL),
(1639, 28, 'Compagno Berlina 800', NULL, NULL),
(1640, 28, 'Copen', NULL, NULL),
(1641, 28, 'Cuore', NULL, NULL),
(1642, 28, 'Extol Compact Van', NULL, NULL),
(1643, 28, 'Fourtrak', NULL, NULL),
(1644, 28, 'Grand Move', NULL, NULL),
(1645, 28, 'Hijet', NULL, NULL),
(1646, 28, 'Materia', NULL, NULL),
(1647, 28, 'Max Concept', NULL, NULL),
(1648, 28, 'Move', NULL, NULL),
(1649, 28, 'PICO Concept', NULL, NULL),
(1650, 28, 'Sirion', NULL, NULL),
(1651, 28, 'Sportrak', NULL, NULL),
(1652, 28, 'Terios', NULL, NULL),
(1653, 28, 'Terios Kiri', NULL, NULL),
(1654, 28, 'Terios Sport', NULL, NULL),
(1655, 28, 'UFE2 Concept', NULL, NULL),
(1656, 28, 'YRV', NULL, NULL),
(1657, 28, 'YRV Turbo 130', NULL, NULL),
(1658, 29, 'Super Eight', NULL, NULL),
(1659, 30, 'Deauville Concept', NULL, NULL),
(1660, 31, 'GTX', NULL, NULL),
(1661, 32, 'Airflow Tanker Truck', NULL, NULL),
(1662, 32, 'Avenger', NULL, NULL),
(1663, 32, 'Avenger Concept', NULL, NULL),
(1664, 32, 'Avenger NASCAR Race Car', NULL, NULL),
(1665, 32, 'Avenger RT', NULL, NULL),
(1666, 32, 'Aviat Concept', NULL, NULL),
(1667, 32, 'Big Red Truck Concept', NULL, NULL),
(1668, 32, 'Caliber', NULL, NULL),
(1669, 32, 'Caliber Concept', NULL, NULL),
(1670, 32, 'Caliber SRT4', NULL, NULL),
(1671, 32, 'Caravan', NULL, NULL),
(1672, 32, 'Caravan RT Concept', NULL, NULL),
(1673, 32, 'Caravan SXT', NULL, NULL),
(1674, 32, 'Challenger Concept', NULL, NULL),
(1675, 32, 'Challenger Mopar', NULL, NULL),
(1676, 32, 'Challenger Rallye Redline', NULL, NULL),
(1677, 32, 'Challenger RT', NULL, NULL),
(1678, 32, 'Challenger SRT10 Concept', NULL, NULL),
(1679, 32, 'Challenger SRT8', NULL, NULL),
(1680, 32, 'Challenger SRT8 392', NULL, NULL),
(1681, 32, 'Challenger SRT8 392 Yellow Jacket', NULL, NULL),
(1682, 32, 'Challenger SRT8 Silver', NULL, NULL),
(1683, 32, 'Challenger TA', NULL, NULL),
(1684, 32, 'Challenger Targa Concept', NULL, NULL),
(1685, 32, 'Challenger V10 Mopar Drag Pak', NULL, NULL),
(1686, 32, 'Charger', NULL, NULL),
(1687, 32, 'Charger Daytona', NULL, NULL),
(1688, 32, 'Charger Daytona RT', NULL, NULL),
(1689, 32, 'Charger Mopar', NULL, NULL),
(1690, 32, 'Charger Police Vehicle', NULL, NULL),
(1691, 32, 'Charger Pursuit', NULL, NULL),
(1692, 32, 'Charger Race Car', NULL, NULL),
(1693, 32, 'Charger RT', NULL, NULL),
(1694, 32, 'Charger RT Concept Vehicle', NULL, NULL),
(1695, 32, 'Charger SRT8', NULL, NULL),
(1696, 32, 'Charger SRT8 Super Bee', NULL, NULL),
(1697, 32, 'Charger SXT', NULL, NULL),
(1698, 32, 'Circuit EV', NULL, NULL),
(1699, 32, 'Coronet Police Vehicle', NULL, NULL),
(1700, 32, 'Dakota', NULL, NULL),
(1701, 32, 'Dakota Club Cab', NULL, NULL),
(1702, 32, 'Dakota NHRA Pro Stock Truck', NULL, NULL),
(1703, 32, 'Dakota Quad Cab', NULL, NULL),
(1704, 32, 'Dakota RT', NULL, NULL),
(1705, 32, 'Dakota Sport V8 Concept', NULL, NULL),
(1706, 32, 'Dart', NULL, NULL),
(1707, 32, 'Daytona RT Concept', NULL, NULL),
(1708, 32, 'Demon Roadster Concept', NULL, NULL),
(1709, 32, 'Durango', NULL, NULL),
(1710, 32, 'Durango 4x4 Sport', NULL, NULL),
(1711, 32, 'Durango Limited', NULL, NULL),
(1712, 32, 'Durango RT', NULL, NULL),
(1713, 32, 'Durango SLT', NULL, NULL),
(1714, 32, 'Epic Concept', NULL, NULL),
(1715, 32, 'ESX3 Concept', NULL, NULL),
(1716, 32, 'EV Concept', NULL, NULL),
(1717, 32, 'Grand Caravan', NULL, NULL),
(1718, 32, 'Grand Caravan ES', NULL, NULL),
(1719, 32, 'Grand Caravan RT', NULL, NULL),
(1720, 32, 'Hornet Concept', NULL, NULL),
(1721, 32, 'Hot Wheels Quad Cab Concept', NULL, NULL),
(1722, 32, 'Intrepid Concept', NULL, NULL),
(1723, 32, 'Intrepid ESX2 Concept', NULL, NULL),
(1724, 32, 'Journey', NULL, NULL),
(1725, 32, 'Kahuna Concept', NULL, NULL),
(1726, 32, 'LRT Concept', NULL, NULL),
(1727, 32, 'M80 Concept', NULL, NULL),
(1728, 32, 'Magnum Police Vehicle', NULL, NULL),
(1729, 32, 'Magnum RT', NULL, NULL),
(1730, 32, 'Magnum SRT8', NULL, NULL),
(1731, 32, 'Magnum SRT8 Concept', NULL, NULL),
(1732, 32, 'Magnum SXT', NULL, NULL),
(1733, 32, 'Maxx Concept', NULL, NULL),
(1734, 32, 'Neon', NULL, NULL),
(1735, 32, 'Neon Concept', NULL, NULL),
(1736, 32, 'Neon RT', NULL, NULL),
(1737, 32, 'Neon Sedan', NULL, NULL),
(1738, 32, 'Neon Sport Coupe', NULL, NULL),
(1739, 32, 'Neon SRT Concept', NULL, NULL),
(1740, 32, 'Nitro Concept', NULL, NULL),
(1741, 32, 'Nitro RT', NULL, NULL),
(1742, 32, 'Nitro SLT', NULL, NULL),
(1743, 32, 'Power Wagon Concept', NULL, NULL),
(1744, 32, 'PowerBox Concept', NULL, NULL),
(1745, 32, 'Ram', NULL, NULL),
(1746, 32, 'Ram 1500', NULL, NULL),
(1747, 32, 'Ram 1500 Off-Road', NULL, NULL),
(1748, 32, 'Ram 1500 Sport', NULL, NULL),
(1749, 32, 'Ram 1500 with Optional HEMI Power', NULL, NULL),
(1750, 32, 'Ram 3500', NULL, NULL),
(1751, 32, 'Ram Diesel Hybrid Electric Vehicle HEV', NULL, NULL),
(1752, 32, 'Ram Heavy Duty', NULL, NULL),
(1753, 32, 'Ram Heavy Duty Cummins 600', NULL, NULL),
(1754, 32, 'Ram Laramie Limited', NULL, NULL),
(1755, 32, 'Ram Laramie Longhorn', NULL, NULL),
(1756, 32, 'Ram Long-Hauler Concept', NULL, NULL),
(1757, 32, 'Ram Mega Cab', NULL, NULL),
(1758, 32, 'Ram NASCAR Craftsman Truck Series', NULL, NULL),
(1759, 32, 'Ram Outdoorsman', NULL, NULL),
(1760, 32, 'Ram Power Wagon', NULL, NULL),
(1761, 32, 'Ram Quad Cab', NULL, NULL),
(1762, 32, 'Ram SRT10', NULL, NULL),
(1763, 32, 'Ram T-Rex Concept', NULL, NULL),
(1764, 32, 'Ram Van', NULL, NULL),
(1765, 32, 'Ram VTS Concept', NULL, NULL),
(1766, 32, 'Ram Wagon', NULL, NULL),
(1767, 32, 'Rampage Concept', NULL, NULL),
(1768, 32, 'Razor Concept', NULL, NULL),
(1769, 32, 'Sidewinder Concept', NULL, NULL),
(1770, 32, 'Sling Shot Concept', NULL, NULL),
(1771, 32, 'SRT Viper GTS', NULL, NULL),
(1772, 32, 'SRT Viper GTS Launch Edition', NULL, NULL),
(1773, 32, 'SRT Viper GTS-R', NULL, NULL),
(1774, 32, 'SRT4', NULL, NULL),
(1775, 32, 'Stratus', NULL, NULL),
(1776, 32, 'Stratus Coupe', NULL, NULL),
(1777, 32, 'Stratus RT Coupe', NULL, NULL),
(1778, 32, 'Stratus Sedan', NULL, NULL),
(1779, 32, 'Stratus Turbo', NULL, NULL),
(1780, 32, 'Super8 Concept', NULL, NULL),
(1781, 32, 'Super8 Hemi Concept', NULL, NULL),
(1782, 32, 'Tomahawk Concept', NULL, NULL),
(1783, 32, 'Venom Concept', NULL, NULL),
(1784, 32, 'Viper', NULL, NULL),
(1785, 32, 'Viper ACR', NULL, NULL),
(1786, 32, 'Viper Competition Coupe', NULL, NULL),
(1787, 32, 'Viper GT2', NULL, NULL),
(1788, 32, 'Viper GTS', NULL, NULL),
(1789, 32, 'Viper GTS Coupe', NULL, NULL),
(1790, 32, 'Viper GTS-R', NULL, NULL),
(1791, 32, 'Viper RT', NULL, NULL),
(1792, 32, 'Viper RT10', NULL, NULL),
(1793, 32, 'Viper RT10 Concept Vehicle', NULL, NULL),
(1794, 32, 'Viper RT10 Roadster', NULL, NULL),
(1795, 32, 'Viper SRT10', NULL, NULL),
(1796, 32, 'Viper SRT10 ACR', NULL, NULL),
(1797, 32, 'Viper SRT10 ACR-X', NULL, NULL),
(1798, 32, 'Viper SRT10 Coupe', NULL, NULL),
(1799, 32, 'Viper SRT10 Roadster', NULL, NULL),
(1800, 32, 'ZEO Concept', NULL, NULL),
(1801, 33, 'D8 GT', NULL, NULL),
(1802, 33, 'D8', NULL, NULL),
(1803, 34, 'Light Car Concept', NULL, NULL),
(1804, 34, 'LUV Concept', NULL, NULL),
(1805, 34, 'Pontiac Solstice Hard Top Concept', NULL, NULL),
(1806, 34, 'Biwak Concep', NULL, NULL),
(1807, 34, 'Showcar', NULL, NULL),
(1808, 34, 'Show Car No 8', NULL, NULL),
(1809, 34, 'genX Concept', NULL, NULL),
(1810, 34, 'Keinath GTC Coupe', NULL, NULL),
(1811, 34, 'Cinema 7D', NULL, NULL),
(1812, 35, 'Aston Martin DBS', NULL, NULL),
(1813, 35, 'Bentley Continental GT Speed', NULL, NULL),
(1814, 35, 'Ferrari 575 Maranello', NULL, NULL),
(1815, 35, 'Ferrari California', NULL, NULL),
(1816, 35, 'Ferrari Enzo XX Evolution', NULL, NULL),
(1817, 35, 'Ferrari FXX', NULL, NULL),
(1818, 35, 'Ford GT', NULL, NULL),
(1819, 35, 'Koenigsegg CCR', NULL, NULL),
(1820, 35, 'Lamborghini Gallardo', NULL, NULL),
(1821, 35, 'Lamborghini Gallardo Spyder', NULL, NULL),
(1822, 35, 'Lamborghini Gallardo Superleggera', NULL, NULL),
(1823, 35, 'Lamborghini Murcielago LP640 Nardo', NULL, NULL),
(1824, 35, 'Lamborghini Murcielago LP710 Audigier', NULL, NULL),
(1825, 35, 'Lamborghini Murcielago LP750', NULL, NULL),
(1826, 35, 'Maserati MC12 XX', NULL, NULL),
(1827, 35, 'Mercedes-Benz C63 AMG', NULL, NULL),
(1828, 35, 'Porsche 996 GT2 R', NULL, NULL),
(1829, 35, 'Porsche 996 GT2 RS', NULL, NULL),
(1830, 35, 'Porsche 996 Turbo Red-Black', NULL, NULL),
(1831, 35, 'Porsche Cayenne Turbo', NULL, NULL),
(1832, 36, 'Streamliner MS8', NULL, NULL),
(1833, 36, 'Clubman MS8', NULL, NULL),
(1834, 37, 'Artemis', NULL, NULL),
(1835, 37, 'Hemera Concept', NULL, NULL),
(1836, 38, 'Evantra', NULL, NULL),
(1837, 38, 'Vulca S', NULL, NULL),
(1838, 38, 'Antas V8 GT', NULL, NULL),
(1839, 39, 'BF MkII Force 6', NULL, NULL),
(1840, 39, 'BF MkII Force 8', NULL, NULL),
(1841, 39, 'BF MkII GT', NULL, NULL),
(1842, 39, 'BF MkII GT-P', NULL, NULL),
(1843, 39, 'BF MkII Pursuit', NULL, NULL),
(1844, 39, 'BF MkII Super Pursuit', NULL, NULL),
(1845, 39, 'Cobra Ute', NULL, NULL),
(1846, 39, 'F6 R-Spec Typhoon', NULL, NULL),
(1847, 39, 'F6X', NULL, NULL),
(1848, 39, 'Falcon F6', NULL, NULL),
(1849, 39, 'Falcon F6 Ute', NULL, NULL),
(1850, 39, 'GT', NULL, NULL),
(1851, 39, 'GT 40th Anniversary', NULL, NULL),
(1852, 39, 'GT Cobra', NULL, NULL),
(1853, 39, 'GT-E', NULL, NULL),
(1854, 39, 'GT-P', NULL, NULL),
(1855, 39, 'Super Pursuit', NULL, NULL),
(1856, 40, 'GTS', NULL, NULL),
(1857, 41, '288 GTO', NULL, NULL),
(1858, 41, '360 Challenge Stradale', NULL, NULL),
(1859, 41, '360 Modena', NULL, NULL),
(1860, 41, '360 Modena Challenge', NULL, NULL),
(1861, 41, '360 Spider', NULL, NULL),
(1862, 41, '360GTC Fiorano', NULL, NULL),
(1863, 41, '430 Scuderia', NULL, NULL),
(1864, 41, '456M GT', NULL, NULL),
(1865, 41, '456M GT Scaglietti', NULL, NULL),
(1866, 41, '458 Challenge', NULL, NULL),
(1867, 41, '458 Italia', NULL, NULL),
(1868, 41, '458 Italia China 20th Anniversary', NULL, NULL),
(1869, 41, '458 Italia Grand Am', NULL, NULL),
(1870, 41, '458 Spider', NULL, NULL),
(1871, 41, '512 TR', NULL, NULL),
(1872, 41, '550 Barchetta Pininfarina', NULL, NULL),
(1873, 41, '550 Maranello', NULL, NULL),
(1874, 41, '575 GTC Evoluzione', NULL, NULL),
(1875, 41, '575 GTZ Zagato', NULL, NULL),
(1876, 41, '575GTC', NULL, NULL),
(1877, 41, '575M Maranello', NULL, NULL),
(1878, 41, '575M Superamerica', NULL, NULL),
(1879, 41, '599 GTB Fiorano', NULL, NULL),
(1880, 41, '599 GTB Fiorano China', NULL, NULL),
(1881, 41, '599 GTB Fiorano HGTE', NULL, NULL),
(1882, 41, '599 GTB Fiorano One-to-One', NULL, NULL),
(1883, 41, '599 GTB HY-KERS Concept', NULL, NULL),
(1884, 41, '599 GTO', NULL, NULL),
(1885, 41, '599 SA Aperta', NULL, NULL),
(1886, 41, '599XX', NULL, NULL),
(1887, 41, '612 Scaglietti', NULL, NULL),
(1888, 41, '612 Scaglietti One-to-One', NULL, NULL),
(1889, 41, '612 Scaglietti Wallpaper', NULL, NULL),
(1890, 41, 'California', NULL, NULL),
(1891, 41, 'Design Competition', NULL, NULL),
(1892, 41, 'Enzo', NULL, NULL),
(1893, 41, 'F12berlinetta', NULL, NULL),
(1894, 41, 'F2005', NULL, NULL),
(1895, 41, 'F40', NULL, NULL),
(1896, 41, 'F430', NULL, NULL),
(1897, 41, 'F430 Challenge', NULL, NULL),
(1898, 41, 'F430 Spider', NULL, NULL),
(1899, 41, 'F50', NULL, NULL),
(1900, 41, 'FF', NULL, NULL),
(1901, 41, 'FF Blue', NULL, NULL),
(1902, 41, 'FF Silver', NULL, NULL),
(1903, 41, 'FXX', NULL, NULL),
(1904, 41, 'FXX Evolution', NULL, NULL),
(1905, 41, 'P540 Superfast Aperta', NULL, NULL),
(1906, 41, 'Scuderia Spider 16M', NULL, NULL),
(1907, 41, 'SP12 EC', NULL, NULL),
(1908, 42, '125', NULL, NULL),
(1909, 42, '126', NULL, NULL),
(1910, 42, '127', NULL, NULL),
(1911, 42, '128', NULL, NULL),
(1912, 42, '500', NULL, NULL),
(1913, 42, '505', NULL, NULL),
(1914, 42, '510', NULL, NULL),
(1915, 42, '520', NULL, NULL),
(1916, 42, '525', NULL, NULL),
(1917, 42, '600', NULL, NULL),
(1918, 42, '1400', NULL, NULL),
(1919, 42, '1500', NULL, NULL),
(1920, 42, '1800', NULL, NULL),
(1921, 42, '110 HP', NULL, NULL),
(1922, 42, '1100 D', NULL, NULL),
(1923, 42, '1100 D Station Wagon', NULL, NULL),
(1924, 42, '1100 E', NULL, NULL),
(1925, 42, '1100 R Station Wagon', NULL, NULL),
(1926, 42, '12 HP', NULL, NULL),
(1927, 42, '1200 Granluce Berlina', NULL, NULL),
(1928, 42, '12-15 HP Zero', NULL, NULL),
(1929, 42, '124 Familiare', NULL, NULL),
(1930, 42, '124 Saloon', NULL, NULL),
(1931, 42, '124 Special', NULL, NULL),
(1932, 42, '124 Sport Spider', NULL, NULL),
(1933, 42, '125 Special', NULL, NULL),
(1934, 42, '127 Diesel', NULL, NULL),
(1935, 42, '127 Panorama', NULL, NULL),
(1936, 42, '128 Rally', NULL, NULL),
(1937, 42, '130 2800 Limousine', NULL, NULL),
(1938, 42, '130 HP Grand Prix de France Corsa', NULL, NULL),
(1939, 42, '131 Abarth Rally', NULL, NULL),
(1940, 42, '131 Mirafiori', NULL, NULL),
(1941, 42, '131 Racing', NULL, NULL),
(1942, 42, '131 Supermirafiori', NULL, NULL),
(1943, 42, '132 1600 GL', NULL, NULL),
(1944, 42, '132 Diesel', NULL, NULL),
(1945, 42, '132 GLS 1800', NULL, NULL),
(1946, 42, '1400 Cabriolet', NULL, NULL),
(1947, 42, '1500 L', NULL, NULL),
(1948, 42, '1500 S Cabriolet', NULL, NULL),
(1949, 42, '15-25 HP Brevetti Tipo 2', NULL, NULL),
(1950, 42, '16-20 HP', NULL, NULL),
(1951, 42, '18-24 HP', NULL, NULL),
(1952, 42, '20-30 HP', NULL, NULL),
(1953, 42, '2300 Saloon', NULL, NULL),
(1954, 42, '2300 Station Wagon', NULL, NULL),
(1955, 42, '24 HP Corsa', NULL, NULL),
(1956, 42, '2800 Berlina', NULL, NULL),
(1957, 42, '28-40 HP Corsa Targa Florio', NULL, NULL),
(1958, 42, '3 1-2 HP', NULL, NULL),
(1959, 42, '30-45 HP Tipo 4', NULL, NULL),
(1960, 42, '500 Abarth', NULL, NULL),
(1961, 42, '500 Abarth Assetto Corse', NULL, NULL),
(1962, 42, '500 Abarth esseesse', NULL, NULL),
(1963, 42, '500 Abarth R3T', NULL, NULL),
(1964, 42, '500 Barbie Concept', NULL, NULL),
(1965, 42, '500 Coupe Zagato Concept', NULL, NULL),
(1966, 42, '500 Sport', NULL, NULL),
(1967, 42, '500C', NULL, NULL),
(1968, 42, '500C Abarth', NULL, NULL),
(1969, 42, '500C Abarth esseesse', NULL, NULL),
(1970, 42, '500L', NULL, NULL),
(1971, 42, '501 S Torpedo Sport', NULL, NULL),
(1972, 42, '501 Saloon', NULL, NULL),
(1973, 42, '501 SS', NULL, NULL),
(1974, 42, '507 Touring', NULL, NULL),
(1975, 42, '508 Balilla 3 Marce', NULL, NULL),
(1976, 42, '508 Balilla Sport', NULL, NULL),
(1977, 42, '508 C Balilla 1100', NULL, NULL),
(1978, 42, '512 Torpedo', NULL, NULL),
(1979, 42, '514 Saloon', NULL, NULL),
(1980, 42, '518 Ardita 2000', NULL, NULL),
(1981, 42, '519 S', NULL, NULL),
(1982, 42, '521 C', NULL, NULL),
(1983, 42, '522 C', NULL, NULL),
(1984, 42, '525 Touring', NULL, NULL),
(1985, 42, '527 Ardita 2500', NULL, NULL),
(1986, 42, '600 50th', NULL, NULL),
(1987, 42, '695 Abarth Maserati Edition', NULL, NULL),
(1988, 42, '695 Abarth Tributo Ferrari', NULL, NULL),
(1989, 42, '75 HP Corsa', NULL, NULL),
(1990, 42, '801-402 Corsa', NULL, NULL),
(1991, 42, '804-404 Corsa', NULL, NULL),
(1992, 42, '805-405 Corsa', NULL, NULL),
(1993, 42, '806 Corsa', NULL, NULL),
(1994, 42, '850 Special', NULL, NULL),
(1995, 42, '850 Spider', NULL, NULL),
(1996, 42, '8V', NULL, NULL),
(1997, 42, '900 E Panorama', NULL, NULL),
(1998, 42, 'Albea', NULL, NULL),
(1999, 42, 'Argenta', NULL, NULL),
(2000, 42, 'Barchetta', NULL, NULL),
(2001, 42, 'Barchetta First Class of Alviero Martini', NULL, NULL),
(2002, 42, 'Bravo', NULL, NULL),
(2003, 42, 'Bravo 1.6 Multijet 16v', NULL, NULL),
(2004, 42, 'Brevetti', NULL, NULL),
(2005, 42, 'Campagnola', NULL, NULL),
(2006, 42, 'Campagnola A', NULL, NULL),
(2007, 42, 'Cinquecento Elettra', NULL, NULL),
(2008, 42, 'Cinquecento Sporting 1.1i', NULL, NULL),
(2009, 42, 'Croma', NULL, NULL),
(2010, 42, 'Dino Spider', NULL, NULL),
(2011, 42, 'Doblo', NULL, NULL),
(2012, 42, 'Doblo Cargo', NULL, NULL),
(2013, 42, 'Fiacre', NULL, NULL),
(2014, 42, 'Fiorino', NULL, NULL),
(2015, 42, 'Fiorino Qubo', NULL, NULL),
(2016, 42, 'Freemont', NULL, NULL),
(2017, 42, 'Freemont AWD', NULL, NULL),
(2018, 42, 'Grande Punto', NULL, NULL),
(2019, 42, 'Grande Punto Abarth', NULL, NULL),
(2020, 42, 'Grande Punto Abarth Preview', NULL, NULL),
(2021, 42, 'Grande Punto Abarth S2000', NULL, NULL),
(2022, 42, 'Grande Punto Natural Power', NULL, NULL),
(2023, 42, 'Idea', NULL, NULL),
(2024, 42, 'Idea 1.4 16v Emotion', NULL, NULL),
(2025, 42, 'Idea 1.9 Multijet Dynamic', NULL, NULL),
(2026, 42, 'Idea 5terre Concept', NULL, NULL),
(2027, 42, 'Linea', NULL, NULL),
(2028, 42, 'Marrakech Concept', NULL, NULL),
(2029, 42, 'Mefistofele Eldridge Record', NULL, NULL),
(2030, 42, 'Multipla', NULL, NULL),
(2031, 42, 'Oltre Concept', NULL, NULL),
(2032, 42, 'Palio', NULL, NULL),
(2033, 42, 'Palio Weekend', NULL, NULL),
(2034, 42, 'Panda', NULL, NULL),
(2035, 42, 'Panda 100HP', NULL, NULL),
(2036, 42, 'Panda 4x4', NULL, NULL),
(2037, 42, 'Panda 4x4 1.3 Multijet', NULL, NULL),
(2038, 42, 'Panda Actual', NULL, NULL),
(2039, 42, 'Panda Alessi', NULL, NULL),
(2040, 42, 'Panda Cross', NULL, NULL),
(2041, 42, 'Panda Dynamic', NULL, NULL),
(2042, 42, 'Panda Elettra', NULL, NULL),
(2043, 42, 'Panda Emotion', NULL, NULL),
(2044, 42, 'Panda Multi Eco Concept', NULL, NULL),
(2045, 42, 'Panda Trekking', NULL, NULL),
(2046, 42, 'Panda UK Version', NULL, NULL),
(2047, 42, 'Portofino Concept', NULL, NULL),
(2048, 42, 'Punto', NULL, NULL),
(2049, 42, 'Punto Active', NULL, NULL),
(2050, 42, 'Punto Dynamic', NULL, NULL),
(2051, 42, 'Punto Evo', NULL, NULL),
(2052, 42, 'Punto Evo Abarth', NULL, NULL),
(2053, 42, 'Punto Evo Abarth esseesse', NULL, NULL),
(2054, 42, 'Punto Natural Power', NULL, NULL),
(2055, 42, 'Punto Rally', NULL, NULL),
(2056, 42, 'Punto Sporting', NULL, NULL),
(2057, 42, 'Regata 100 Weekend', NULL, NULL),
(2058, 42, 'Regata 75', NULL, NULL),
(2059, 42, 'Ritmo', NULL, NULL),
(2060, 42, 'Ritmo S 85 Cabrio Bertone', NULL, NULL),
(2061, 42, 'Ritmo Supercabrio', NULL, NULL),
(2062, 42, 'S.57-14B Corsa', NULL, NULL),
(2063, 42, 'S.74 Corsa', NULL, NULL),
(2064, 42, 'S.76 300 HP Record', NULL, NULL),
(2065, 42, 'Sedici', NULL, NULL),
(2066, 42, 'Seicento', NULL, NULL),
(2067, 42, 'Simba Concept', NULL, NULL),
(2068, 42, 'Stilo', NULL, NULL),
(2069, 42, 'Stilo Abarth', NULL, NULL),
(2070, 42, 'Stilo Active', NULL, NULL),
(2071, 42, 'Stilo Dynamic', NULL, NULL),
(2072, 42, 'Stilo M.Y. 1.9 Multijet 5door', NULL, NULL),
(2073, 42, 'Stilo Multi Wagon', NULL, NULL),
(2074, 42, 'Stilo Multi Wagon Actual', NULL, NULL),
(2075, 42, 'Stilo Multi Wagon Dynamic', NULL, NULL),
(2076, 42, 'Strada', NULL, NULL),
(2077, 42, 'Strada Malibu', NULL, NULL),
(2078, 42, 'Taunus Corsa', NULL, NULL),
(2079, 42, 'Tempra SW', NULL, NULL),
(2080, 42, 'Tipo', NULL, NULL),
(2081, 42, 'Tipo 3 TER', NULL, NULL),
(2082, 42, 'Topolino 500', NULL, NULL),
(2083, 42, 'Topolino 500 B', NULL, NULL),
(2084, 42, 'Topolino 500 C', NULL, NULL),
(2085, 42, 'Trepiuno Concept', NULL, NULL),
(2086, 42, 'Turbina Concept', NULL, NULL),
(2087, 42, 'Ulysse', NULL, NULL),
(2088, 42, 'Ulysse 2.0 JTD', NULL, NULL),
(2089, 42, 'Ulysse Emotion 2.0 16v', NULL, NULL),
(2090, 42, 'Uno', NULL, NULL),
(2091, 42, 'Uno Cabrio Concept', NULL, NULL),
(2092, 42, 'Viaggio', NULL, NULL),
(2093, 42, 'X1-9', NULL, NULL),
(2094, 43, 'Karma', NULL, NULL),
(2095, 43, 'Karma S Concept', NULL, NULL),
(2096, 43, 'Karma Prototype', NULL, NULL),
(2097, 43, 'Tramonto', NULL, NULL),
(2098, 43, 'Latigo CS', NULL, NULL),
(2099, 44, '4-Trac Concept', NULL, NULL),
(2100, 44, 'Airstream Concept', NULL, NULL),
(2101, 44, 'AU Falcon XR6 VCT', NULL, NULL),
(2102, 44, 'BA Fairlane G220 MkII', NULL, NULL),
(2103, 44, 'BA Fairlane Ghia MkII', NULL, NULL),
(2104, 44, 'BA Falcon RTV Ute', NULL, NULL),
(2105, 44, 'BA Falcon XR6 Turbo', NULL, NULL),
(2106, 44, 'BA Falcon XR8', NULL, NULL),
(2107, 44, 'BA MkII Falcon Ute', NULL, NULL),
(2108, 44, 'BA MkII Falcon XR8', NULL, NULL),
(2109, 44, 'BF Falcon XR8 Ute', NULL, NULL),
(2110, 44, 'BF MkII Falcon XR8', NULL, NULL),
(2111, 44, 'B-MAX', NULL, NULL),
(2112, 44, 'B-MAX Concept', NULL, NULL),
(2113, 44, 'Bronco Concept', NULL, NULL),
(2114, 44, 'C-MAX', NULL, NULL),
(2115, 44, 'C-MAX Energi', NULL, NULL),
(2116, 44, 'C-MAX Hybrid', NULL, NULL),
(2117, 44, 'Contour', NULL, NULL),
(2118, 44, 'Cougar', NULL, NULL),
(2119, 44, 'Crown Victoria', NULL, NULL),
(2120, 44, 'Crown Victoria LX', NULL, NULL),
(2121, 44, 'EB II Falcon GT', NULL, NULL),
(2122, 44, 'EcoSport', NULL, NULL),
(2123, 44, 'Edge', NULL, NULL),
(2124, 44, 'Edge Sport', NULL, NULL),
(2125, 44, 'EL Falcon GT', NULL, NULL),
(2126, 44, 'Equator Concept', NULL, NULL),
(2127, 44, 'Escape', NULL, NULL),
(2128, 44, 'Escape Hybrid', NULL, NULL),
(2129, 44, 'Escape Limited', NULL, NULL),
(2130, 44, 'Escort ZX2', NULL, NULL),
(2131, 44, 'E-Series', NULL, NULL),
(2132, 44, 'Evos Concept', NULL, NULL),
(2133, 44, 'Excursion', NULL, NULL),
(2134, 44, 'Expedition', NULL, NULL),
(2135, 44, 'Explorer', NULL, NULL),
(2136, 44, 'Explorer America Concept', NULL, NULL),
(2137, 44, 'Explorer Sport', NULL, NULL),
(2138, 44, 'Explorer Sport Trac', NULL, NULL),
(2139, 44, 'Explorer Sport Trac Concept', NULL, NULL),
(2140, 44, 'F-150', NULL, NULL),
(2141, 44, 'F-150 Foose Edition', NULL, NULL),
(2142, 44, 'F-150 FX4', NULL, NULL),
(2143, 44, 'F150 Harley Davidson', NULL, NULL),
(2144, 44, 'F-150 Harley Davidson', NULL, NULL),
(2145, 44, 'F-150 Harley-Davidson', NULL, NULL),
(2146, 44, 'F-150 Platinum', NULL, NULL),
(2147, 44, 'F-150 SFE', NULL, NULL),
(2148, 44, 'F-150 SVT Lightning', NULL, NULL),
(2149, 44, 'F-150 SVT Raptor R', NULL, NULL),
(2150, 44, 'F-150 SVT Raptor SuperCrew', NULL, NULL),
(2151, 44, 'F-250 Super Chief Concept', NULL, NULL),
(2152, 44, 'F-250 Super Duty', NULL, NULL),
(2153, 44, 'F-350', NULL, NULL),
(2154, 44, 'F-350 Super Duty', NULL, NULL),
(2155, 44, 'F-450 Harley-Davidson', NULL, NULL),
(2156, 44, 'F-450 Super Duty', NULL, NULL),
(2157, 44, 'Fairlane Concept', NULL, NULL),
(2158, 44, 'Falcon Havoc', NULL, NULL),
(2159, 44, 'Falcon XR8', NULL, NULL),
(2160, 44, 'FG Falcon G6', NULL, NULL),
(2161, 44, 'FG Falcon G6E', NULL, NULL),
(2162, 44, 'FG Falcon G6E Turbo', NULL, NULL),
(2163, 44, 'FG Falcon Ute', NULL, NULL),
(2164, 44, 'FG Falcon Ute R6', NULL, NULL),
(2165, 44, 'FG Falcon Ute XR6', NULL, NULL),
(2166, 44, 'FG Falcon Ute XR6 Turbo', NULL, NULL),
(2167, 44, 'FG Falcon Ute XR8', NULL, NULL),
(2168, 44, 'FG Falcon XR6', NULL, NULL),
(2169, 44, 'FG Falcon XR6 Turbo', NULL, NULL),
(2170, 44, 'FG Falcon XR8', NULL, NULL),
(2171, 44, 'FG Falcon XT', NULL, NULL),
(2172, 44, 'Fiesta', NULL, NULL),
(2173, 44, 'Fiesta 5-door', NULL, NULL),
(2174, 44, 'Fiesta ECOnetic', NULL, NULL),
(2175, 44, 'Fiesta RS WRC', NULL, NULL),
(2176, 44, 'Fiesta S', NULL, NULL),
(2177, 44, 'Fiesta Sedan', NULL, NULL),
(2178, 44, 'Fiesta ST', NULL, NULL),
(2179, 44, 'Fiesta ST Concept', NULL, NULL),
(2180, 44, 'Five Hundred', NULL, NULL),
(2181, 44, 'Five Hundred Limited', NULL, NULL),
(2182, 44, 'Flex', NULL, NULL),
(2183, 44, 'Focus', NULL, NULL),
(2184, 44, 'Focus 3door European Version', NULL, NULL),
(2185, 44, 'Focus 4door Concept', NULL, NULL),
(2186, 44, 'Focus 5-door', NULL, NULL),
(2187, 44, 'Focus CMax', NULL, NULL),
(2188, 44, 'Focus CMax Concept', NULL, NULL),
(2189, 44, 'Focus Coupe-Cabriolet', NULL, NULL),
(2190, 44, 'Focus ECOnetic', NULL, NULL),
(2191, 44, 'Focus Electric', NULL, NULL),
(2192, 44, 'Focus Estate', NULL, NULL),
(2193, 44, 'Focus European Version', NULL, NULL),
(2194, 44, 'Focus FR200', NULL, NULL),
(2195, 44, 'Focus Race Car Concept', NULL, NULL),
(2196, 44, 'Focus RS', NULL, NULL),
(2197, 44, 'Focus RS500', NULL, NULL),
(2198, 44, 'Focus RS8 with Cammer Engine', NULL, NULL),
(2199, 44, 'Focus Sedan', NULL, NULL),
(2200, 44, 'Focus ST', NULL, NULL),
(2201, 44, 'Focus ST500', NULL, NULL),
(2202, 44, 'Focus ST-R', NULL, NULL),
(2203, 44, 'Focus TDCi 5door European Version', NULL, NULL),
(2204, 44, 'Focus Touring Car', NULL, NULL),
(2205, 44, 'Focus Vignale Concept', NULL, NULL),
(2206, 44, 'Focus X Road', NULL, NULL),
(2207, 44, 'Focus Zetec S', NULL, NULL),
(2208, 44, 'Formula', NULL, NULL),
(2209, 44, 'FR100 Panel Truck with Cammer Engine', NULL, NULL),
(2210, 44, 'Freestar', NULL, NULL),
(2211, 44, 'Freestyle', NULL, NULL),
(2212, 44, 'Freestyle Limited', NULL, NULL),
(2213, 44, 'F-Series Cabelas FX4', NULL, NULL),
(2214, 44, 'Fusion', NULL, NULL),
(2215, 44, 'Fusion Energi', NULL, NULL),
(2216, 44, 'Fusion EUR', NULL, NULL),
(2217, 44, 'Fusion Hybrid', NULL, NULL),
(2218, 44, 'Fusion NASCAR', NULL, NULL),
(2219, 44, 'Fusion SES V6', NULL, NULL),
(2220, 44, 'Galaxy', NULL, NULL),
(2221, 44, 'Grand C-MAX', NULL, NULL),
(2222, 44, 'GT', NULL, NULL),
(2223, 44, 'GT Heritage Limited-Edition', NULL, NULL),
(2224, 44, 'GT40', NULL, NULL),
(2225, 44, 'GT40 Concept', NULL, NULL),
(2226, 44, 'GT90 Concept', NULL, NULL),
(2227, 44, 'GTX1 Roadster', NULL, NULL),
(2228, 44, 'Interceptor Concept', NULL, NULL),
(2229, 44, 'iosis Concept', NULL, NULL),
(2230, 44, 'iosis MAX Concept', NULL, NULL),
(2231, 44, 'iosis X Concept', NULL, NULL),
(2232, 44, 'Ka', NULL, NULL),
(2233, 44, 'King Ranch F150 SuperCrew', NULL, NULL),
(2234, 44, 'Kuga', NULL, NULL),
(2235, 44, 'Kuga UK Version', NULL, NULL),
(2236, 44, 'Mad Max Concept', NULL, NULL),
(2237, 44, 'Mondeo', NULL, NULL),
(2238, 44, 'Mondeo 5-door', NULL, NULL),
(2239, 44, 'Mondeo Concept', NULL, NULL),
(2240, 44, 'Mondeo Estate', NULL, NULL),
(2241, 44, 'Mondeo ST TDCi', NULL, NULL),
(2242, 44, 'Mondeo ST220', NULL, NULL),
(2243, 44, 'Mondeo ST220 Estate', NULL, NULL),
(2244, 44, 'Mondeo Titanium TDCi', NULL, NULL),
(2245, 44, 'Mondeo Titanium V6', NULL, NULL),
(2246, 44, 'Mondeo Wagon', NULL, NULL),
(2247, 44, 'Mondeo Wagon Concept', NULL, NULL),
(2248, 44, 'Mustang', NULL, NULL),
(2249, 44, 'Mustang 35th Anniversary', NULL, NULL),
(2250, 44, 'Mustang 40th Anniversary', NULL, NULL),
(2251, 44, 'Mustang 428 Cobra Jet', NULL, NULL),
(2252, 44, 'Mustang at SEMA 2004', NULL, NULL),
(2253, 44, 'Mustang AV-X10', NULL, NULL),
(2254, 44, 'Mustang Boss 302', NULL, NULL),
(2255, 44, 'Mustang Boss 302 Laguna Seca', NULL, NULL),
(2256, 44, 'Mustang Boss 302R', NULL, NULL),
(2257, 44, 'Mustang Boss 351', NULL, NULL),
(2258, 44, 'Mustang Boss 429', NULL, NULL),
(2259, 44, 'Mustang Bullitt', NULL, NULL),
(2260, 44, 'Mustang Bullitt Concept', NULL, NULL),
(2261, 44, 'Mustang Bullitt Fastback', NULL, NULL),
(2262, 44, 'Mustang Bullitt GT', NULL, NULL),
(2263, 44, 'Mustang Cobra', NULL, NULL),
(2264, 44, 'Mustang Cobra II', NULL, NULL),
(2265, 44, 'Mustang Cobra Indy Pace Car', NULL, NULL),
(2266, 44, 'Mustang Cobra Jet', NULL, NULL),
(2267, 44, 'Mustang Cobra Racecar', NULL, NULL),
(2268, 44, 'Mustang Convertible', NULL, NULL),
(2269, 44, 'Mustang DUB Edition', NULL, NULL),
(2270, 44, 'Mustang Fastback with Cammer Engine', NULL, NULL),
(2271, 44, 'Mustang FR500', NULL, NULL),
(2272, 44, 'Mustang FR500C', NULL, NULL),
(2273, 44, 'Mustang FR500CJ Cobra Jet', NULL, NULL),
(2274, 44, 'Mustang Giugiaro Concept', NULL, NULL),
(2275, 44, 'Mustang Glass Roof', NULL, NULL),
(2276, 44, 'Mustang GT', NULL, NULL),
(2277, 44, 'Mustang GT California Special', NULL, NULL),
(2278, 44, 'Mustang GT Centennial Edition', NULL, NULL),
(2279, 44, 'Mustang GT Convertible', NULL, NULL),
(2280, 44, 'Mustang GT Convertible Concept', NULL, NULL),
(2281, 44, 'Mustang GT Coupe Concept', NULL, NULL),
(2282, 44, 'Mustang GTP', NULL, NULL),
(2283, 44, 'Mustang GTR 40th Anniversary Concept', NULL, NULL),
(2284, 44, 'Mustang High Country Special', NULL, NULL),
(2285, 44, 'Mustang II Cobra II', NULL, NULL),
(2286, 44, 'Mustang II King Cobra', NULL, NULL),
(2287, 44, 'Mustang K-Code', NULL, NULL),
(2288, 44, 'Mustang Mach 1', NULL, NULL),
(2289, 44, 'Mustang Mach 1 Concept', NULL, NULL),
(2290, 44, 'Mustang Mach 2 Concept', NULL, NULL),
(2291, 44, 'Mustang Mach III', NULL, NULL),
(2292, 44, 'Mustang Miller', NULL, NULL),
(2293, 44, 'Mustang NHRA', NULL, NULL),
(2294, 44, 'Mustang Pony', NULL, NULL),
(2295, 44, 'Mustang Q-Code', NULL, NULL),
(2296, 44, 'Mustang Race Car', NULL, NULL),
(2297, 44, 'Mustang Racecar Prototype', NULL, NULL),
(2298, 44, 'Mustang Roadster Concept Car', NULL, NULL),
(2299, 44, 'Mustang Shelby GT', NULL, NULL),
(2300, 44, 'Mustang Shelby GT Convertible', NULL, NULL),
(2301, 44, 'Mustang Shelby GT350', NULL, NULL),
(2302, 44, 'Mustang Shelby GT-350H', NULL, NULL),
(2303, 44, 'Mustang Shelby GT500', NULL, NULL),
(2304, 44, 'Mustang Shelby GT500 Cobra', NULL, NULL),
(2305, 44, 'Mustang Shelby GT500 Convertible', NULL, NULL),
(2306, 44, 'Mustang Shelby GT500 KR', NULL, NULL),
(2307, 44, 'Mustang Shelby GT500 Red Stripe', NULL, NULL),
(2308, 44, 'Mustang Shelby GT500KR', NULL, NULL),
(2309, 44, 'Mustang Shelby GT500KR KITT', NULL, NULL),
(2310, 44, 'Mustang Shelby GT-H', NULL, NULL),
(2311, 44, 'Mustang Shelby GT-H Convertible', NULL, NULL),
(2312, 44, 'Mustang SVO', NULL, NULL),
(2313, 44, 'Mustang SVT Cobra', NULL, NULL),
(2314, 44, 'Mustang SVT Cobra 10th Anniversary', NULL, NULL),
(2315, 44, 'Mustang SVT Cobra Convertible', NULL, NULL),
(2316, 44, 'Mustang SVT Cobra R', NULL, NULL),
(2317, 44, 'Mustang T-5', NULL, NULL),
(2318, 44, 'Mustang Turbo GT350', NULL, NULL),
(2319, 44, 'Mustang V6', NULL, NULL),
(2320, 44, 'Mustang V6 Pony', NULL, NULL),
(2321, 44, 'Mustang Warriors In Pink', NULL, NULL),
(2322, 44, 'Police Interceptor Concept', NULL, NULL),
(2323, 44, 'Police Interceptor Utility Vehicle', NULL, NULL),
(2324, 44, 'Probe', NULL, NULL),
(2325, 44, 'Puma', NULL, NULL),
(2326, 44, 'R5 Concept', NULL, NULL),
(2327, 44, 'R7 Concept', NULL, NULL),
(2328, 44, 'Ranger', NULL, NULL),
(2329, 44, 'Ranger Max Concept', NULL, NULL),
(2330, 44, 'Ranger Wildtrak', NULL, NULL),
(2331, 44, 'Reflex Concept', NULL, NULL),
(2332, 44, 'Shelby Cobra Concept', NULL, NULL),
(2333, 44, 'Shelby GR1 Concept', NULL, NULL),
(2334, 44, 'Shelby SVT Cobra GT500 Mustang Show Car', NULL, NULL),
(2335, 44, 'S-MAX', NULL, NULL),
(2336, 44, 'Start Concept', NULL, NULL),
(2337, 44, 'Stealth Police Interceptor Concept', NULL, NULL),
(2338, 44, 'SteetKa UK Winter Edition with Hard Top', NULL, NULL),
(2339, 44, 'Super Duty', NULL, NULL),
(2340, 44, 'SVT Contour', NULL, NULL),
(2341, 44, 'SVT Explorer Sport Trac Adrenalin', NULL, NULL),
(2342, 44, 'SVT Focus', NULL, NULL),
(2343, 44, 'SVT Mustang Cobra MystiChrome', NULL, NULL),
(2344, 44, 'SYNus Concept', NULL, NULL),
(2345, 44, 'Taurus', NULL, NULL),
(2346, 44, 'Taurus SHO', NULL, NULL),
(2347, 44, 'Taurus X', NULL, NULL),
(2348, 44, 'Territory', NULL, NULL),
(2349, 44, 'Thunderbird', NULL, NULL),
(2350, 44, 'Thunderbird FAB 1 Concept', NULL, NULL),
(2351, 44, 'Thunderbird Neiman Marcus', NULL, NULL),
(2352, 44, 'Tourneo Custom', NULL, NULL),
(2353, 44, 'Tourneo Custom Concept', NULL, NULL),
(2354, 44, 'Transit Connect', NULL, NULL),
(2355, 44, 'Transit Connect Electric', NULL, NULL),
(2356, 44, 'Transit Connect Taxi', NULL, NULL),
(2357, 44, 'Transit Custom', NULL, NULL),
(2358, 44, 'Vertrek Concept', NULL, NULL),
(2359, 44, 'Verve 5-door Concept', NULL, NULL),
(2360, 44, 'Verve Concept', NULL, NULL),
(2361, 44, 'Verve Sedan Concept', NULL, NULL),
(2362, 44, 'Visos Concept', NULL, NULL),
(2363, 44, 'Windstar', NULL, NULL),
(2364, 44, 'XA Falcon GT', NULL, NULL),
(2365, 45, 'EN-V Concept', NULL, NULL),
(2366, 45, 'PUMA Concept', NULL, NULL),
(2367, 45, 'HydroGen4 Concept', NULL, NULL),
(2368, 45, 'Sequel Concept', NULL, NULL),
(2369, 45, 'HyWire Concept', NULL, NULL),
(2370, 46, 'Acadia', NULL, NULL),
(2371, 46, 'Denali XT Concept', NULL, NULL),
(2372, 46, 'Envoy Denali', NULL, NULL),
(2373, 46, 'Envoy XL Denali', NULL, NULL),
(2374, 46, 'Granite Concept', NULL, NULL),
(2375, 46, 'Graphyte Concept', NULL, NULL),
(2376, 46, 'Sierra', NULL, NULL),
(2377, 46, 'Sierra 2500 HD SLT Extended Cab', NULL, NULL),
(2378, 46, 'Sierra 3500 HD SLT Crew Cab', NULL, NULL),
(2379, 46, 'Sierra All Terrain HD Concept', NULL, NULL),
(2380, 46, 'Sierra Classic', NULL, NULL),
(2381, 46, 'Sierra Denali', NULL, NULL),
(2382, 46, 'Sierra Denali 1500 Crew Cab', NULL, NULL),
(2383, 46, 'Sierra Hybrid Crew Cab', NULL, NULL),
(2384, 46, 'Terrain', NULL, NULL),
(2385, 46, 'Terrain Denali', NULL, NULL),
(2386, 46, 'Yukon', NULL, NULL),
(2387, 46, 'Yukon Denali', NULL, NULL),
(2388, 46, 'Yukon Hybrid', NULL, NULL),
(2389, 46, 'Yukon XL', NULL, NULL),
(2390, 47, 'Spano', NULL, NULL),
(2391, 48, 'Teewave AR.1 Concept', NULL, NULL),
(2392, 48, 'T.25 Concept', NULL, NULL),
(2393, 49, 'Tornante by Touring', NULL, NULL),
(2394, 49, 'Apollo', NULL, NULL),
(2395, 50, 'ClubSport R8 Tourer', NULL, NULL),
(2396, 50, 'E Series Clubsport R8', NULL, NULL),
(2397, 50, 'E Series Grange', NULL, NULL),
(2398, 50, 'E Series GTS', NULL, NULL),
(2399, 50, 'E3 ClubSport R8', NULL, NULL),
(2400, 50, 'E3 ClubSport R8 Tourer', NULL, NULL),
(2401, 50, 'E3 GTS', NULL, NULL),
(2402, 50, 'E3 Maloo R8', NULL, NULL),
(2403, 50, 'E3 Senator', NULL, NULL),
(2404, 50, 'Grange WM3', NULL, NULL),
(2405, 50, 'GTS 25th Anniversary', NULL, NULL),
(2406, 50, 'GTS 40 Years Edition', NULL, NULL),
(2407, 50, 'Senator Signature', NULL, NULL),
(2408, 50, 'Senator Signature SV08', NULL, NULL),
(2409, 50, 'VXR', NULL, NULL),
(2410, 50, 'W427', NULL, NULL),
(2411, 50, 'W427 Concept', NULL, NULL),
(2412, 50, 'Z Series Maloo', NULL, NULL),
(2413, 51, 'Aston Martin V8 Vantage', NULL, NULL),
(2414, 51, 'BMW 1er', NULL, NULL),
(2415, 51, 'BMW 3er Cabrio', NULL, NULL),
(2416, 51, 'BMW 3er E90', NULL, NULL),
(2417, 51, 'BMW 3-Series Coupe Thunder', NULL, NULL),
(2418, 51, 'BMW 5er E60 545i', NULL, NULL),
(2419, 51, 'BMW 5er Touring E61', NULL, NULL),
(2420, 51, 'BMW 5-Series F10', NULL, NULL),
(2421, 51, 'BMW 5-Series F10 M-Technik', NULL, NULL),
(2422, 51, 'BMW 5-Series GT', NULL, NULL),
(2423, 51, 'BMW 6er Coupe 645Ci', NULL, NULL),
(2424, 51, 'BMW 6-Series', NULL, NULL),
(2425, 51, 'BMW 7er', NULL, NULL),
(2426, 51, 'BMW M3 Las Vegas Wings', NULL, NULL),
(2427, 51, 'BMW M5 Widebody Race Edition', NULL, NULL),
(2428, 51, 'BMW M6 Widebody', NULL, NULL),
(2429, 51, 'BMW X3 HM 3.3', NULL, NULL),
(2430, 51, 'BMW X5 E70', NULL, NULL),
(2431, 51, 'BMW X5 Flash', NULL, NULL),
(2432, 51, 'BMW X6', NULL, NULL),
(2433, 51, 'BMW Z4', NULL, NULL),
(2434, 51, 'BMW Z4 M Coupe', NULL, NULL),
(2435, 51, 'BMW Z4 M Roadster', NULL, NULL),
(2436, 51, 'Conqueror II', NULL, NULL),
(2437, 51, 'Ferrari 360', NULL, NULL),
(2438, 51, 'Ferrari 599 GTB Fiorano', NULL, NULL),
(2439, 51, 'Ferrari F430', NULL, NULL),
(2440, 51, 'Ferrari F430 Black Miracle', NULL, NULL),
(2441, 51, 'Ferrari F430 Spider', NULL, NULL),
(2442, 51, 'Fiat 500 Sportivo', NULL, NULL),
(2443, 51, 'Flash Evo M', NULL, NULL),
(2444, 51, 'Guardian', NULL, NULL),
(2445, 51, 'Hawk', NULL, NULL),
(2446, 51, 'Imperator', NULL, NULL),
(2447, 51, 'Lamborghini Gallardo', NULL, NULL),
(2448, 51, 'Lamborghini Gallardo Spyder', NULL, NULL),
(2449, 51, 'Lamborghini Gallardo Victory', NULL, NULL),
(2450, 51, 'Mercedes-Benz M-Klasse', NULL, NULL),
(2451, 51, 'Mercedes-Benz SL-Klasse', NULL, NULL),
(2452, 51, 'Mercedes-Benz SLR Volcano', NULL, NULL),
(2453, 51, 'Mercedes-Benz SLS AMG', NULL, NULL),
(2454, 51, 'Mini', NULL, NULL),
(2455, 51, 'Porsche 911 GT3 San Diego Express', NULL, NULL),
(2456, 51, 'Porsche 911 Turbo Stallion', NULL, NULL),
(2457, 51, 'Porsche 996 Turbo', NULL, NULL),
(2458, 51, 'Porsche 997', NULL, NULL),
(2459, 51, 'Porsche Cayenne', NULL, NULL),
(2460, 51, 'Porsche Cayenne 958', NULL, NULL),
(2461, 51, 'Porsche Cayenne Cyclone', NULL, NULL),
(2462, 51, 'Range Rover HM 5.2', NULL, NULL),
(2463, 51, 'Tycoon Evo M', NULL, NULL),
(2464, 51, 'Victory II', NULL, NULL),
(2465, 52, 'Venom GT', NULL, NULL),
(2466, 53, 'Astra CD 5door', NULL, NULL),
(2467, 53, 'Astra CDX 5door', NULL, NULL),
(2468, 53, 'Astra CDXi 5door', NULL, NULL),
(2469, 53, 'Astra Convertible', NULL, NULL),
(2470, 53, 'Astra SRi Turbo', NULL, NULL),
(2471, 53, 'Astra Wagon', NULL, NULL),
(2472, 53, 'Captiva', NULL, NULL),
(2473, 53, 'Captiva CX', NULL, NULL),
(2474, 53, 'Captiva LX', NULL, NULL),
(2475, 53, 'Captiva MaXX', NULL, NULL),
(2476, 53, 'Captiva SX', NULL, NULL),
(2477, 53, 'Colorado', NULL, NULL),
(2478, 53, 'Coupe 60 Concept', NULL, NULL),
(2479, 53, 'Coupe Concept', NULL, NULL),
(2480, 53, 'Cross 8 Concept', NULL, NULL),
(2481, 53, 'Cruze', NULL, NULL),
(2482, 53, 'ECOmmodore Concept', NULL, NULL),
(2483, 53, 'Efijy Concept', NULL, NULL),
(2484, 53, 'HFV6 Rodeo', NULL, NULL),
(2485, 53, 'HRT 427 Concept', NULL, NULL),
(2486, 53, 'VZ Ute SS', NULL, NULL),
(2487, 53, 'HSV Avalanche', NULL, NULL),
(2488, 53, 'HSV Avalanche XUV', NULL, NULL),
(2489, 53, 'HSV Coupe 4', NULL, NULL),
(2490, 53, 'HSV Maloo Ute Concept', NULL, NULL),
(2491, 53, 'Hurricane Concept', NULL, NULL),
(2492, 53, 'Jack8 Concept', NULL, NULL),
(2493, 53, 'JF Viva Hatch', NULL, NULL),
(2494, 53, 'JF Viva Sedan', NULL, NULL),
(2495, 53, 'JF Viva Wagon', NULL, NULL),
(2496, 53, 'Monaro CV8-Z', NULL, NULL),
(2497, 53, 'Sandman Concept', NULL, NULL),
(2498, 53, 'SST Concept', NULL, NULL),
(2499, 53, 'SST Stepside Custom Pickup Concept', NULL, NULL),
(2500, 53, 'SSX Concept', NULL, NULL),
(2501, 53, 'Tigra', NULL, NULL),
(2502, 53, 'TK Barina Hatch 3-door', NULL, NULL),
(2503, 53, 'TK Barina Hatch 5-door', NULL, NULL),
(2504, 53, 'TK Barina Sedan', NULL, NULL),
(2505, 53, 'Torana GTR-X Concept', NULL, NULL),
(2506, 53, 'Torana TT36 Hatch Concept', NULL, NULL),
(2507, 53, 'Utester Concept', NULL, NULL),
(2508, 53, 'VE Commodore Berlina', NULL, NULL),
(2509, 53, 'VE Commodore Calais', NULL, NULL),
(2510, 53, 'VE Commodore Calais V', NULL, NULL),
(2511, 53, 'VE Commodore Omega', NULL, NULL),
(2512, 53, 'VE Commodore Sportwagon', NULL, NULL),
(2513, 53, 'VE Commodore SS', NULL, NULL),
(2514, 53, 'VE Commodore SS-V', NULL, NULL),
(2515, 53, 'VE Commodore SV6', NULL, NULL),
(2516, 53, 'VE II Commodore Calais V', NULL, NULL),
(2517, 53, 'Astra 3-door', NULL, NULL),
(2518, 53, 'VE II Commodore Caprice V', NULL, NULL),
(2519, 53, 'VE II Commodore Omega', NULL, NULL),
(2520, 53, 'VE II Commodore Sportwagon Berlina', NULL, NULL),
(2521, 53, 'VE II Commodore Sportwagon Calais V', NULL, NULL),
(2522, 53, 'VE II Commodore Sportwagon SS', NULL, NULL),
(2523, 53, 'VE II Commodore Sportwagon SSV', NULL, NULL),
(2524, 53, 'VE II Commodore Sportwagon SV6', NULL, NULL),
(2525, 53, 'VE II Commodore SSV', NULL, NULL),
(2526, 53, 'VE II Commodore SV6', NULL, NULL),
(2527, 53, 'VE II Ute SSV', NULL, NULL),
(2528, 53, 'VE II Ute SV6', NULL, NULL),
(2529, 53, 'VE Ute SS V', NULL, NULL),
(2530, 53, 'VE Ute SV6', NULL, NULL),
(2531, 53, 'Vectra', NULL, NULL),
(2532, 53, 'Volt', NULL, NULL),
(2533, 53, 'VY Commodore Acclaim', NULL, NULL),
(2534, 53, 'VY Commodore Executive', NULL, NULL),
(2535, 53, 'VY Commodore S', NULL, NULL);
INSERT INTO `car_model` (`id`, `make_id`, `name`, `created_on`, `created_by`) VALUES
(2536, 53, 'VY Commodore SS', NULL, NULL),
(2537, 53, 'VZ Adventra', NULL, NULL),
(2538, 53, 'VZ Commodore Calais', NULL, NULL),
(2539, 53, 'VZ Commodore SS-Z', NULL, NULL),
(2540, 53, 'VZ Commodore SV6', NULL, NULL),
(2541, 53, 'VZ Commodore SV8', NULL, NULL),
(2542, 53, 'VZ Crewman', NULL, NULL),
(2543, 53, 'VZ Crewman Cross 8', NULL, NULL),
(2544, 53, 'VZ Crewman SS', NULL, NULL),
(2545, 53, 'VZ Monaro', NULL, NULL),
(2546, 53, 'VZ One Tonner', NULL, NULL),
(2547, 53, 'VZ One Tonner Cross 6', NULL, NULL),
(2548, 53, 'VZ Ute', NULL, NULL),
(2549, 53, 'VZ Ute SS-Z', NULL, NULL),
(2550, 53, 'WL Caprice', NULL, NULL),
(2551, 53, 'WL Statesman International', NULL, NULL),
(2552, 53, 'WM Caprice', NULL, NULL),
(2553, 53, 'WM Statesman', NULL, NULL),
(2554, 54, '3R-C Concept', NULL, NULL),
(2555, 54, 'AandL Racing S2000', NULL, NULL),
(2556, 54, 'Accord', NULL, NULL),
(2557, 54, 'Accord Concept', NULL, NULL),
(2558, 54, 'Accord Coupe', NULL, NULL),
(2559, 54, 'Accord Coupe Concept', NULL, NULL),
(2560, 54, 'Civic Si Coupe', NULL, NULL),
(2561, 54, 'Accord Coupe EX-L', NULL, NULL),
(2562, 54, 'Accord Crosstour', NULL, NULL),
(2563, 54, 'Accord EU Version', NULL, NULL),
(2564, 54, 'Accord EuroR', NULL, NULL),
(2565, 54, 'Accord EX Sedan', NULL, NULL),
(2566, 54, 'Accord EX-L Sedan', NULL, NULL),
(2567, 54, 'Accord EX-L V6 Coupe', NULL, NULL),
(2568, 54, 'Accord EX-L V6 Sedan', NULL, NULL),
(2569, 54, 'Accord Hatchback', NULL, NULL),
(2570, 54, 'Accord HB', NULL, NULL),
(2571, 54, 'Accord HF-S Concept', NULL, NULL),
(2572, 54, 'Accord Hybrid', NULL, NULL),
(2573, 54, 'Accord iCTDi European Version', NULL, NULL),
(2574, 54, 'Accord PHEV', NULL, NULL),
(2575, 54, 'Accord SE', NULL, NULL),
(2576, 54, 'Accord Sedan', NULL, NULL),
(2577, 54, 'Accord Sedan 2.0E European Version', NULL, NULL),
(2578, 54, 'Accord Sedan 2.4 European Version', NULL, NULL),
(2579, 54, 'Accord Sedan 2.4EL European Version', NULL, NULL),
(2580, 54, 'Accord Sedan 2.4S European Version', NULL, NULL),
(2581, 54, 'Accord Sedan 2.4T European Version', NULL, NULL),
(2582, 54, 'Accord Sedan 2.4TL European Version', NULL, NULL),
(2583, 54, 'Accord Sedan EX-L', NULL, NULL),
(2584, 54, 'Accord Tourer', NULL, NULL),
(2585, 54, 'Accord Tourer Concept', NULL, NULL),
(2586, 54, 'Accord Type S', NULL, NULL),
(2587, 54, 'Accord Wagon', NULL, NULL),
(2588, 54, 'Accord Wagon 2.4T European Version', NULL, NULL),
(2589, 54, 'Accord Wagon 2.4T Exclusive Package European Version', NULL, NULL),
(2590, 54, 'Accord Wagon 2.4T Sport Package European Version', NULL, NULL),
(2591, 54, 'AC-X Concept', NULL, NULL),
(2592, 54, 'ASM Concept', NULL, NULL),
(2593, 54, 'AZ600', NULL, NULL),
(2594, 54, 'Brio Concept', NULL, NULL),
(2595, 54, 'C Concept', NULL, NULL),
(2596, 54, 'City', NULL, NULL),
(2597, 54, 'Civic', NULL, NULL),
(2598, 54, 'Civic Concept', NULL, NULL),
(2599, 54, 'Civic Coupe', NULL, NULL),
(2600, 54, 'Civic CRX', NULL, NULL),
(2601, 54, 'Civic CRX Si', NULL, NULL),
(2602, 54, 'Civic CVCC', NULL, NULL),
(2603, 54, 'Civic Del Sol', NULL, NULL),
(2604, 54, 'Accord LX-P Sedan', NULL, NULL),
(2605, 54, 'Civic Del Sol Si', NULL, NULL),
(2606, 54, 'Civic EUR', NULL, NULL),
(2607, 54, 'Civic EU-Version', NULL, NULL),
(2608, 54, 'Civic Hatchback', NULL, NULL),
(2609, 54, 'Civic HF', NULL, NULL),
(2610, 54, 'Civic Hybrid', NULL, NULL),
(2611, 54, 'Civic Mugen Si Sedan', NULL, NULL),
(2612, 54, 'Civic Mugen Si Sedan Prototype', NULL, NULL),
(2613, 54, 'Civic Sedan', NULL, NULL),
(2614, 54, 'Civic Si', NULL, NULL),
(2615, 54, 'Civic Si Concept', NULL, NULL),
(2616, 54, 'Civic Si Hatchback', NULL, NULL),
(2617, 54, 'Civic Si Racecar', NULL, NULL),
(2618, 54, 'Civic Si Sedan', NULL, NULL),
(2619, 54, 'Civic Si Sedan Concept', NULL, NULL),
(2620, 54, 'Civic Si Sport Concept', NULL, NULL),
(2621, 54, 'Civic Type R', NULL, NULL),
(2622, 54, 'Civic Type R Concept', NULL, NULL),
(2623, 54, 'Civic Type R Mugen 2.2', NULL, NULL),
(2624, 54, 'Civic Type R Sedan', NULL, NULL),
(2625, 54, 'Civic Type S', NULL, NULL),
(2626, 54, 'Civic Wagon', NULL, NULL),
(2627, 54, 'Crosstour', NULL, NULL),
(2628, 54, 'Crosstour Concept', NULL, NULL),
(2629, 54, 'CR-V', NULL, NULL),
(2630, 54, 'CR-V Concept', NULL, NULL),
(2631, 54, 'CR-V Euro Specs', NULL, NULL),
(2632, 54, 'CRV EX', NULL, NULL),
(2633, 54, 'CRV SE', NULL, NULL),
(2634, 54, 'CR-V US-Version', NULL, NULL),
(2635, 54, 'CR-Z', NULL, NULL),
(2636, 54, 'CR-Z Concept', NULL, NULL),
(2637, 54, 'CR-Z Mugen Concept', NULL, NULL),
(2638, 54, 'CR-Z Mugen RR Concept', NULL, NULL),
(2639, 54, 'Element', NULL, NULL),
(2640, 54, 'Element Concept', NULL, NULL),
(2641, 54, 'Element DX', NULL, NULL),
(2642, 54, 'Element EX', NULL, NULL),
(2643, 54, 'Element EX-P', NULL, NULL),
(2644, 54, 'Element SC', NULL, NULL),
(2645, 54, 'Element SC Prototype', NULL, NULL),
(2646, 54, 'EV Plus', NULL, NULL),
(2647, 54, 'EV-Ster Concept', NULL, NULL),
(2648, 54, 'FC Sport Concept', NULL, NULL),
(2649, 54, 'FCX', NULL, NULL),
(2650, 54, 'FCX Clarity', NULL, NULL),
(2651, 54, 'FCX Concept', NULL, NULL),
(2652, 54, 'Fit', NULL, NULL),
(2653, 54, 'Fit EV', NULL, NULL),
(2654, 54, 'Fit EV Concept', NULL, NULL),
(2655, 54, 'Fit Sport', NULL, NULL),
(2656, 54, 'FRV', NULL, NULL),
(2657, 54, 'HSC Concept', NULL, NULL),
(2658, 54, 'HSV-010 GT', NULL, NULL),
(2659, 54, 'IMAS Concept', NULL, NULL),
(2660, 54, 'Insight', NULL, NULL),
(2661, 54, 'Insight Concept', NULL, NULL),
(2662, 54, 'Insight EU Version', NULL, NULL),
(2663, 54, 'Insight Sports Modulo Concept', NULL, NULL),
(2664, 54, 'Jazz', NULL, NULL),
(2665, 54, 'Jazz Hybrid', NULL, NULL),
(2666, 54, 'KIWAMI Concept', NULL, NULL),
(2667, 54, 'Legend', NULL, NULL),
(2668, 54, 'MDX', NULL, NULL),
(2669, 54, 'Model X Concept', NULL, NULL),
(2670, 54, 'Mugen Civic Si', NULL, NULL),
(2671, 54, 'N600', NULL, NULL),
(2672, 54, 'New Small Concept', NULL, NULL),
(2673, 54, 'NSX', NULL, NULL),
(2674, 54, 'NSX Concept', NULL, NULL),
(2675, 54, 'NSXR Concept', NULL, NULL),
(2676, 54, 'Odyssey', NULL, NULL),
(2677, 54, 'Odyssey Absolute Japanese Version', NULL, NULL),
(2678, 54, 'Odyssey Concept', NULL, NULL),
(2679, 54, 'Odyssey EX', NULL, NULL),
(2680, 54, 'Odyssey L Type Japanese Version', NULL, NULL),
(2681, 54, 'Odyssey M Type Japanese Version', NULL, NULL),
(2682, 54, 'Odyssey S Type Japanese Version', NULL, NULL),
(2683, 54, 'Odyssey Touring', NULL, NULL),
(2684, 54, 'OSM Concept', NULL, NULL),
(2685, 54, 'Passport', NULL, NULL),
(2686, 54, 'Pilot', NULL, NULL),
(2687, 54, 'Pilot EX', NULL, NULL),
(2688, 54, 'Pilot EX-L 4WD', NULL, NULL),
(2689, 54, 'Pilot LX', NULL, NULL),
(2690, 54, 'Pilot Prototype', NULL, NULL),
(2691, 54, 'P-NUT Concept', NULL, NULL),
(2692, 54, 'Prelude', NULL, NULL),
(2693, 54, 'Prelude Si', NULL, NULL),
(2694, 54, 'Prelude Type SH', NULL, NULL),
(2695, 54, 'Prelude VTEC', NULL, NULL),
(2696, 54, 'Pro Drag Civic Si Concept', NULL, NULL),
(2697, 54, 'PUYO Concept', NULL, NULL),
(2698, 54, 'REMIX Concept', NULL, NULL),
(2699, 54, 'Ridgeline', NULL, NULL),
(2700, 54, 'Ridgeline All-Terrain Concept', NULL, NULL),
(2701, 54, 'Ridgeline RTL', NULL, NULL),
(2702, 54, 'Ridgeline RTS', NULL, NULL),
(2703, 54, 'Ridgeline Sport', NULL, NULL),
(2704, 54, 'Ridgeline Street Sport Concept', NULL, NULL),
(2705, 54, 'S Concept', NULL, NULL),
(2706, 54, 'S2000', NULL, NULL),
(2707, 54, 'S2000 CR', NULL, NULL),
(2708, 54, 'S2000 CR Concept', NULL, NULL),
(2709, 54, 'S2000 Type S', NULL, NULL),
(2710, 54, 'S2000 Ultimate Edition', NULL, NULL),
(2711, 54, 'S600', NULL, NULL),
(2712, 54, 'Skydeck Concept', NULL, NULL),
(2713, 54, 'Small Hybrid Sports Concept', NULL, NULL),
(2714, 54, 'Step Bus Concept', NULL, NULL),
(2715, 54, 'SUT Concept', NULL, NULL),
(2716, 55, 'Bike', NULL, NULL),
(2717, 55, 'H1', NULL, NULL),
(2718, 55, 'H1 10th Anniversary Edition', NULL, NULL),
(2719, 55, 'H1 Alpha Concept', NULL, NULL),
(2720, 55, 'H2', NULL, NULL),
(2721, 55, 'H2 SUT Dirt Sport Concept', NULL, NULL),
(2722, 55, 'H2 SUV', NULL, NULL),
(2723, 55, 'H2 SUV Concept', NULL, NULL),
(2724, 55, 'H2 with GM Accessories', NULL, NULL),
(2725, 55, 'H2H Hydrogen Concept', NULL, NULL),
(2726, 55, 'H3 Wagon Concept', NULL, NULL),
(2727, 55, 'H3R Off Road Concept', NULL, NULL),
(2728, 55, 'H3T Alpha', NULL, NULL),
(2729, 55, 'H3T Concept', NULL, NULL),
(2730, 55, 'H3X', NULL, NULL),
(2731, 55, 'Humvee Military Vehicle', NULL, NULL),
(2732, 55, 'HX Concept', NULL, NULL),
(2733, 56, 'Accent', NULL, NULL),
(2734, 56, 'Accent', NULL, NULL),
(2735, 56, 'Arnejs Concept', NULL, NULL),
(2736, 56, 'i20', NULL, NULL),
(2737, 56, 'Veloster Turbo', NULL, NULL),
(2738, 56, 'Santa Fe Sport', NULL, NULL),
(2739, 56, 'Azera', NULL, NULL),
(2740, 56, 'Blue2 Concept', NULL, NULL),
(2741, 56, 'Langdong', NULL, NULL),
(2742, 56, 'HB20X new', NULL, NULL),
(2743, 56, 'HB20', NULL, NULL),
(2744, 56, 'Genesis Coupe', NULL, NULL),
(2745, 56, 'Elantra GT', NULL, NULL),
(2746, 56, 'Elantra Coupe', NULL, NULL),
(2747, 56, 'i40 Wagon', NULL, NULL),
(2748, 56, 'Clix Concept', NULL, NULL),
(2749, 56, 'Curb Concept', NULL, NULL),
(2750, 56, 'i-ioniq Concept', NULL, NULL),
(2751, 56, 'E-Cubed Concept', NULL, NULL),
(2752, 56, 'Elantra', NULL, NULL),
(2753, 56, 'Elantra Blue', NULL, NULL),
(2754, 56, 'Entourage', NULL, NULL),
(2755, 56, 'Equus', NULL, NULL),
(2756, 56, 'Equus Limousine', NULL, NULL),
(2757, 56, 'Genesis', NULL, NULL),
(2758, 56, 'Veloster Rally Car', NULL, NULL),
(2759, 56, 'Genesis Coupe Concept', NULL, NULL),
(2760, 56, 'HCD 6 Concept', NULL, NULL),
(2761, 56, 'HCD10 Hellion Concept', NULL, NULL),
(2762, 56, 'HED 1 Concept', NULL, NULL),
(2763, 56, 'HED-5 i-Mode Concept', NULL, NULL),
(2764, 56, 'Hexa Space Concept', NULL, NULL),
(2765, 56, 'i10', NULL, NULL),
(2766, 56, 'Avante', NULL, NULL),
(2767, 56, 'i-flow Concept', NULL, NULL),
(2768, 56, 'Tucson', NULL, NULL),
(2769, 56, 'Santa Fe US-Version', NULL, NULL),
(2770, 56, 'Santa Fe', NULL, NULL),
(2771, 56, 'RB Concept', NULL, NULL),
(2772, 56, 'i20 3-door', NULL, NULL),
(2773, 56, 'i20 Blue', NULL, NULL),
(2774, 56, 'i30', NULL, NULL),
(2775, 56, 'i30 3-door', NULL, NULL),
(2776, 56, 'i30 Estate', NULL, NULL),
(2777, 56, 'i30 Wagon', NULL, NULL),
(2778, 56, 'i40', NULL, NULL),
(2779, 56, 'i40 Tourer UK Version', NULL, NULL),
(2780, 56, 'i800', NULL, NULL),
(2781, 56, 'Elantra Touring', NULL, NULL),
(2782, 56, 'Blue-Will Concept', NULL, NULL),
(2783, 56, 'i-Blue Concept', NULL, NULL),
(2784, 56, 'ix20', NULL, NULL),
(2785, 56, 'ix35', NULL, NULL),
(2786, 56, 'ix55', NULL, NULL),
(2787, 56, 'ix-Metro Concept', NULL, NULL),
(2788, 56, 'ix-onic Concept', NULL, NULL),
(2789, 56, 'Matrix', NULL, NULL),
(2790, 56, 'NEOS Concept', NULL, NULL),
(2791, 56, 'Nuvis Concept', NULL, NULL),
(2792, 56, 'Portico Concept', NULL, NULL),
(2793, 56, 'QarmaQ Concept', NULL, NULL),
(2794, 56, 'Genesis Concept', NULL, NULL),
(2795, 56, 'Coupe', NULL, NULL),
(2796, 56, 'Sonata V6', NULL, NULL),
(2797, 56, 'HCD9 Concept', NULL, NULL),
(2798, 56, 'Santa Fe Blue Hybrid Concept', NULL, NULL),
(2799, 56, 'Getz', NULL, NULL),
(2800, 56, 'Santa Fe EU-Version', NULL, NULL),
(2801, 56, 'Accent SR', NULL, NULL),
(2802, 56, 'Tucson V6', NULL, NULL),
(2803, 56, 'Sonata', NULL, NULL),
(2804, 56, 'Sonata 2.0T', NULL, NULL),
(2805, 56, 'Sonata Hybrid', NULL, NULL),
(2806, 56, 'Terracan', NULL, NULL),
(2807, 56, 'Tiburon Coupe', NULL, NULL),
(2808, 56, 'Grandeur', NULL, NULL),
(2809, 56, 'HCD8 Concept', NULL, NULL),
(2810, 56, 'Trajet', NULL, NULL),
(2811, 56, 'Veloster', NULL, NULL),
(2812, 56, 'Atos Prime', NULL, NULL),
(2813, 56, 'CCS Concept', NULL, NULL),
(2814, 56, 'HCD 7 Concept', NULL, NULL),
(2815, 56, 'Veloster Concept', NULL, NULL),
(2816, 56, 'Veracruz', NULL, NULL),
(2817, 56, 'Verna', NULL, NULL),
(2818, 57, 'Coupe Concept', NULL, NULL),
(2819, 57, 'Emerg-E Concept', NULL, NULL),
(2820, 57, 'Essence Concept', NULL, NULL),
(2821, 57, 'Etherea Concept', NULL, NULL),
(2822, 57, 'EX Concept', NULL, NULL),
(2823, 57, 'EX30d', NULL, NULL),
(2824, 57, 'EX35', NULL, NULL),
(2825, 57, 'EX37', NULL, NULL),
(2826, 57, 'FX', NULL, NULL),
(2827, 57, 'FX Limited Edition', NULL, NULL),
(2828, 57, 'FX Sebastian Vettel Concept', NULL, NULL),
(2829, 57, 'FX Vettel Edition new', NULL, NULL),
(2830, 57, 'FX35', NULL, NULL),
(2831, 57, 'FX37', NULL, NULL),
(2832, 57, 'FX45', NULL, NULL),
(2833, 57, 'FX50', NULL, NULL),
(2834, 57, 'G35', NULL, NULL),
(2835, 57, 'G37', NULL, NULL),
(2836, 57, 'G35 Sedan', NULL, NULL),
(2837, 57, 'G35 Sport Coupe', NULL, NULL),
(2838, 57, 'G37 Convertible', NULL, NULL),
(2839, 57, 'QX56', NULL, NULL),
(2840, 57, 'G37 Coupe', NULL, NULL),
(2841, 57, 'G37 Sedan', NULL, NULL),
(2842, 57, 'I35', NULL, NULL),
(2843, 57, 'IPL G Cabrio Concept', NULL, NULL),
(2844, 57, 'IPL G Convertible', NULL, NULL),
(2845, 57, 'IPL G Coupe', NULL, NULL),
(2846, 57, 'M45', NULL, NULL),
(2847, 57, 'JX', NULL, NULL),
(2848, 57, 'JX Concept', NULL, NULL),
(2849, 57, 'LE Concept', NULL, NULL),
(2850, 57, 'M', NULL, NULL),
(2851, 57, 'M35', NULL, NULL),
(2852, 57, 'M35h', NULL, NULL),
(2853, 57, 'Kuraza Concept', NULL, NULL),
(2854, 57, 'G35 Sport Sedan', NULL, NULL),
(2855, 57, 'M35h GT', NULL, NULL),
(2856, 57, 'M35x', NULL, NULL),
(2857, 57, 'M45 Concept', NULL, NULL),
(2858, 57, 'M45s', NULL, NULL),
(2859, 57, 'M45x', NULL, NULL),
(2860, 57, 'Q45', NULL, NULL),
(2861, 57, 'QX', NULL, NULL),
(2862, 57, 'QX4', NULL, NULL),
(2863, 57, 'Triant Concept', NULL, NULL),
(2864, 58, 'Ascender', NULL, NULL),
(2865, 58, 'Axiom XST Concept', NULL, NULL),
(2866, 58, 'Axiom XSR Concept', NULL, NULL),
(2867, 58, 'Axiom XSF Concept', NULL, NULL),
(2868, 58, 'GBX Concept', NULL, NULL),
(2869, 58, 'Zen Concept', NULL, NULL),
(2870, 58, 'Rodeo 3.0 Denver', NULL, NULL),
(2871, 59, 'Brivido Concept', NULL, NULL),
(2872, 59, 'Tex Concept', NULL, NULL),
(2873, 59, 'Go Concept', NULL, NULL),
(2874, 59, 'Emas Country Concept', NULL, NULL),
(2875, 59, 'Emas Concept', NULL, NULL),
(2876, 59, 'Emas3 Concept', NULL, NULL),
(2877, 59, 'Giugiaro Quaranta Concep', NULL, NULL),
(2878, 60, 'Campagnola', NULL, NULL),
(2879, 60, 'Massif', NULL, NULL),
(2880, 61, 'Advanced Lightweight Coupe Concept', NULL, NULL),
(2881, 61, 'C-X16 Concept', NULL, NULL),
(2882, 61, 'C-X75 Concept', NULL, NULL),
(2883, 61, 'C-XF Concept', NULL, NULL),
(2884, 61, 'E-Type Speedster', NULL, NULL),
(2885, 61, 'F-Type', NULL, NULL),
(2886, 61, 'R-Coupe Concept', NULL, NULL),
(2887, 61, 'RD6 Concept', NULL, NULL),
(2888, 61, 'S-Type', NULL, NULL),
(2889, 61, 'SType 2.7D', NULL, NULL),
(2890, 61, 'SType R', NULL, NULL),
(2891, 61, 'SType V8', NULL, NULL),
(2892, 61, 'Super V8', NULL, NULL),
(2893, 61, 'XKR Speed', NULL, NULL),
(2894, 61, 'XF', NULL, NULL),
(2895, 61, 'XKR', NULL, NULL),
(2896, 61, 'XJ Sentinel', NULL, NULL),
(2897, 61, 'XF Black Pack', NULL, NULL),
(2898, 61, 'XF Sportbrake', NULL, NULL),
(2899, 61, 'XFR', NULL, NULL),
(2900, 61, 'XJ75 Platinum Concept', NULL, NULL),
(2901, 61, 'XJ', NULL, NULL),
(2902, 61, 'XFR Speed', NULL, NULL),
(2903, 61, 'XKR-S', NULL, NULL),
(2904, 61, 'XJ 2.7 Diesel', NULL, NULL),
(2905, 61, 'XJ Sport Pack', NULL, NULL),
(2906, 61, 'XJ Ultimate', NULL, NULL),
(2907, 61, 'XJ8 L', NULL, NULL),
(2908, 61, 'XJ8 Vanden Plas', NULL, NULL),
(2909, 61, 'XJR Portfolio', NULL, NULL),
(2910, 61, 'XK', NULL, NULL),
(2911, 61, 'XK Artisan SE', NULL, NULL),
(2912, 61, 'XK Convertible', NULL, NULL),
(2913, 61, 'XK8 Convertible', NULL, NULL),
(2914, 61, 'XKR 175', NULL, NULL),
(2915, 61, 'XKR 75', NULL, NULL),
(2916, 61, 'XKR Convertible', NULL, NULL),
(2917, 61, 'XJ Super V8', NULL, NULL),
(2918, 61, 'XKR Coupe', NULL, NULL),
(2919, 61, 'XKR Portfolio', NULL, NULL),
(2920, 61, 'XType 3.0', NULL, NULL),
(2921, 61, 'XType 2.5', NULL, NULL),
(2922, 61, 'XKR-S Convertible', NULL, NULL),
(2923, 61, 'Concept Eight', NULL, NULL),
(2924, 61, 'Bonspeed XType', NULL, NULL),
(2925, 61, 'X-Type', NULL, NULL),
(2926, 61, 'X-Type Estate', NULL, NULL),
(2927, 61, 'F-Type Concept', NULL, NULL),
(2928, 61, 'XK180 Concept', NULL, NULL),
(2929, 61, 'XJS', NULL, NULL),
(2930, 61, 'XJ220', NULL, NULL),
(2931, 61, 'XJR-9', NULL, NULL),
(2932, 61, 'XJ220 Concept', NULL, NULL),
(2933, 61, 'XJ-S', NULL, NULL),
(2934, 61, 'E-Type', NULL, NULL),
(2935, 61, 'XJ6', NULL, NULL),
(2936, 61, 'XJ13', NULL, NULL),
(2937, 61, 'Mark 2', NULL, NULL),
(2938, 61, 'XK SS', NULL, NULL),
(2939, 61, 'XK140', NULL, NULL),
(2940, 61, 'D-Type', NULL, NULL),
(2941, 61, 'C-Type', NULL, NULL),
(2942, 61, 'XK120', NULL, NULL),
(2943, 61, 'SS 100', NULL, NULL),
(2944, 62, 'Cherokee', NULL, NULL),
(2945, 62, 'Cherokee Renegade', NULL, NULL),
(2946, 62, 'Cherokee UK Version', NULL, NULL),
(2947, 62, 'CJ-7 Renegade', NULL, NULL),
(2948, 62, 'Comanche', NULL, NULL),
(2949, 62, 'Commander UK Version', NULL, NULL),
(2950, 62, 'Compass', NULL, NULL),
(2951, 62, 'Compass Concept', NULL, NULL),
(2952, 62, 'Grand Cherokee UK Version', NULL, NULL),
(2953, 62, 'Compass UK Version', NULL, NULL),
(2954, 62, 'Wrangler Unlimited EV', NULL, NULL),
(2955, 62, 'EV Concept', NULL, NULL),
(2956, 62, 'FC-170', NULL, NULL),
(2957, 62, 'Gladiator', NULL, NULL),
(2958, 62, 'Renegade Concept', NULL, NULL),
(2959, 62, 'Grand Cherokee', NULL, NULL),
(2960, 62, 'Grand Cherokee Concept', NULL, NULL),
(2961, 62, 'Grand Cherokee S-Limited UK Version', NULL, NULL),
(2962, 62, 'Grand Cherokee Overland UK Version', NULL, NULL),
(2963, 62, 'Grand Cherokee SRT8', NULL, NULL),
(2964, 62, 'Grand Cherokee SRT-8 UK Version', NULL, NULL),
(2965, 62, 'Grand Cherokee Trailhawk', NULL, NULL),
(2966, 62, 'Wrangler Rubicon', NULL, NULL),
(2967, 62, 'Hurricane Concept', NULL, NULL),
(2968, 62, 'Jeepster Commando Convertible', NULL, NULL),
(2969, 62, 'Liberty', NULL, NULL),
(2970, 62, 'Liberty Arctic', NULL, NULL),
(2971, 62, 'Commander 4x4 Limited 5.7 HEMI', NULL, NULL),
(2972, 62, 'Wrangler UK Version', NULL, NULL),
(2973, 62, 'Liberty CRD Limited', NULL, NULL),
(2974, 62, 'Liberty Renegade 3.7', NULL, NULL),
(2975, 62, 'Patriot', NULL, NULL),
(2976, 62, 'Grand Cherokee 5.7 Limited', NULL, NULL),
(2977, 62, 'Gladiator Concept', NULL, NULL),
(2978, 62, 'Patriot Back Country Concept', NULL, NULL),
(2979, 62, 'Patriot Concept', NULL, NULL),
(2980, 62, 'Patriot EV', NULL, NULL),
(2981, 62, 'Patriot UK Version', NULL, NULL),
(2982, 62, 'Treo Concept', NULL, NULL),
(2983, 62, 'Rescue Concept', NULL, NULL),
(2984, 62, 'Scrambler CJ-8', NULL, NULL),
(2985, 62, 'Trailhawk Concept', NULL, NULL),
(2986, 62, 'Wagoneer', NULL, NULL),
(2987, 62, 'Wagoneer Limited', NULL, NULL),
(2988, 62, 'Willys2 Concept', NULL, NULL),
(2989, 62, 'Wrangler', NULL, NULL),
(2990, 62, 'Wrangler Arctic', NULL, NULL),
(2991, 62, 'Wrangler Call of Duty Black Ops', NULL, NULL),
(2992, 62, 'Wrangler Call of Duty MW3', NULL, NULL),
(2993, 62, 'Wrangler Dragon Concept', NULL, NULL),
(2994, 62, 'Wrangler Freedom Edition', NULL, NULL),
(2995, 62, 'Wrangler Mojave', NULL, NULL),
(2996, 62, 'Wrangler Unlimited', NULL, NULL),
(2997, 62, 'Wrangler Unlimited Altitude', NULL, NULL),
(2998, 62, 'Wrangler Unlimited Moab', NULL, NULL),
(2999, 62, 'Wrangler Unlimited UK Version', NULL, NULL),
(3000, 62, 'M-38 A1', NULL, NULL),
(3001, 62, 'Dispatcher', NULL, NULL),
(3002, 62, 'CJ-5', NULL, NULL),
(3003, 62, '4WD 1-Ton Pickup Truck', NULL, NULL),
(3004, 62, 'CJ-3B', NULL, NULL),
(3005, 62, 'M-38', NULL, NULL),
(3006, 62, 'Jeepster', NULL, NULL),
(3007, 62, 'Pickup Truck', NULL, NULL),
(3008, 62, 'Station Wagon', NULL, NULL),
(3009, 62, 'Panel Delivery', NULL, NULL),
(3010, 62, 'CJ-2A', NULL, NULL),
(3011, 62, 'Willys MB', NULL, NULL),
(3012, 62, 'Willys MA', NULL, NULL),
(3013, 62, 'Willys Quad', NULL, NULL),
(3014, 63, 'X-Bow Race', NULL, NULL),
(3015, 63, 'X-Bow', NULL, NULL),
(3016, 64, 'Amanti', NULL, NULL),
(3017, 64, 'Cerato', NULL, NULL),
(3018, 64, 'Borrego', NULL, NULL),
(3019, 64, 'Cadenza', NULL, NULL),
(3020, 64, 'K9', NULL, NULL),
(3021, 64, 'Ceed SW', NULL, NULL),
(3022, 64, 'Ceed', NULL, NULL),
(3023, 64, 'Carens', NULL, NULL),
(3024, 64, 'cee-d', NULL, NULL),
(3025, 64, 'Ceed Sporty Wagon', NULL, NULL),
(3026, 64, 'eco ceed Concept', NULL, NULL),
(3027, 64, 'Rio', NULL, NULL),
(3028, 64, 'ex cee-d Cabrio Concept', NULL, NULL),
(3029, 64, 'Forte', NULL, NULL),
(3030, 64, 'Picanto 3-door', NULL, NULL),
(3031, 64, 'Forte 5-door', NULL, NULL),
(3032, 64, 'Forte Koup', NULL, NULL),
(3033, 64, 'Grand VQ-R', NULL, NULL),
(3034, 64, 'GT Concept', NULL, NULL),
(3035, 64, 'K2', NULL, NULL),
(3036, 64, 'KCD1 Slice Concept', NULL, NULL),
(3037, 64, 'KCV4 Mojave Concept', NULL, NULL),
(3038, 64, 'Kee Concept', NULL, NULL),
(3039, 64, 'KND-4 Concept', NULL, NULL),
(3040, 64, 'KOUP Concept', NULL, NULL),
(3041, 64, 'KV7 Concept', NULL, NULL),
(3042, 64, 'Naimo Concept', NULL, NULL),
(3043, 64, 'No3 Concept', NULL, NULL),
(3044, 64, 'Opirus', NULL, NULL),
(3045, 64, 'Optima', NULL, NULL),
(3046, 64, 'Venga', NULL, NULL),
(3047, 64, 'Soul', NULL, NULL),
(3048, 64, 'Sorento', NULL, NULL),
(3049, 64, 'Ray Plug-In Hybrid Concept', NULL, NULL),
(3050, 64, 'Optima Hybrid', NULL, NULL),
(3051, 64, 'Picanto', NULL, NULL),
(3052, 64, 'POP Concept', NULL, NULL),
(3053, 64, 'Pro Ceed', NULL, NULL),
(3054, 64, 'Pro-cee-d', NULL, NULL),
(3055, 64, 'Magentis', NULL, NULL),
(3056, 64, 'Ray', NULL, NULL),
(3057, 64, 'Ray EV', NULL, NULL),
(3058, 64, 'Rio 3-door', NULL, NULL),
(3059, 64, 'Rio Sedan', NULL, NULL),
(3060, 64, 'Rio5', NULL, NULL),
(3061, 64, 'Rondo', NULL, NULL),
(3062, 64, 'Rondo SX Concept', NULL, NULL),
(3063, 64, 'Sedona', NULL, NULL),
(3064, 64, 'Kue Concept', NULL, NULL),
(3065, 64, 'Sorento EU-Version', NULL, NULL),
(3066, 64, 'Sportage', NULL, NULL),
(3067, 64, 'Spectra5', NULL, NULL),
(3068, 64, 'Soul Burner Concept', NULL, NULL),
(3069, 64, 'Soul Concept', NULL, NULL),
(3070, 64, 'Soulster Concept', NULL, NULL),
(3071, 64, 'Spectra', NULL, NULL),
(3072, 64, 'Multi-S Concept', NULL, NULL),
(3073, 64, 'Sportage SX', NULL, NULL),
(3074, 64, 'Sports Coupe Concept', NULL, NULL),
(3075, 64, 'Trackster Concept', NULL, NULL),
(3076, 64, 'Venga EV Concept', NULL, NULL),
(3077, 64, 'VG Concept', NULL, NULL),
(3078, 65, 'Mercedes-Benz C 20K', NULL, NULL),
(3079, 65, 'Mercedes-Benz C 55K S8', NULL, NULL),
(3080, 65, 'Mercedes-Benz CL 60', NULL, NULL),
(3081, 65, 'Mercedes-Benz CLK 55K', NULL, NULL),
(3082, 65, 'Mercedes-Benz CLS 50K S8', NULL, NULL),
(3083, 65, 'Mercedes-Benz E 50K CC', NULL, NULL),
(3084, 65, 'Mercedes-Benz E 55 K3', NULL, NULL),
(3085, 65, 'Mercedes-Benz S 60', NULL, NULL),
(3086, 65, 'Mercedes-Benz SL 50K S8', NULL, NULL),
(3087, 65, 'Mercedes-Benz SL Xtreme', NULL, NULL),
(3088, 65, 'Mercedes-Benz SLK 20K', NULL, NULL),
(3089, 65, 'Mercedes-Benz SLK 55K S8', NULL, NULL),
(3090, 66, 'Agera R', NULL, NULL),
(3091, 66, 'Agera', NULL, NULL),
(3092, 66, 'CCXR Trevita', NULL, NULL),
(3093, 66, 'Quant Concept', NULL, NULL),
(3094, 66, 'CCXR Edition', NULL, NULL),
(3095, 66, 'CCX', NULL, NULL),
(3096, 66, 'CCR', NULL, NULL),
(3097, 67, 'Lightning GT', NULL, NULL),
(3098, 67, 'Lightning GT Concept', NULL, NULL),
(3099, 68, 'XRay Concept', NULL, NULL),
(3100, 68, 'C Concept', NULL, NULL),
(3101, 69, '350 GTS Spider', NULL, NULL),
(3102, 69, '350 GTV', NULL, NULL),
(3103, 69, '400 GT', NULL, NULL),
(3104, 69, 'Aventador J Concept', NULL, NULL),
(3105, 69, 'Aventador LP700-4', NULL, NULL),
(3106, 69, 'Concept S', NULL, NULL),
(3107, 69, 'Countach 25th Anniversary', NULL, NULL),
(3108, 69, 'Countach Quattrovalvole', NULL, NULL),
(3109, 69, 'Diablo GTR', NULL, NULL),
(3110, 69, 'Diablo Iota', NULL, NULL),
(3111, 69, 'Gallardo LP560-4 Bicolore', NULL, NULL),
(3112, 69, 'Diablo Roadster', NULL, NULL),
(3113, 69, 'Diablo SE', NULL, NULL),
(3114, 69, 'Diablo SVR', NULL, NULL),
(3115, 69, 'Diablo VT', NULL, NULL),
(3116, 69, 'Estoque Concept', NULL, NULL),
(3117, 69, 'Gallardo LP550-2', NULL, NULL),
(3118, 69, 'Gallardo LP550-2 Spyder', NULL, NULL),
(3119, 69, 'Gallardo LP560-4', NULL, NULL),
(3120, 69, 'Gallardo LP560-4 Polizia', NULL, NULL),
(3121, 69, 'Gallardo LP560-4 Spyder', NULL, NULL),
(3122, 69, 'Gallardo LP560-4 Super Trofeo', NULL, NULL),
(3123, 69, 'Gallardo LP570-4 Blancpain', NULL, NULL),
(3124, 69, 'Gallardo LP570-4 Edizione Tecnica', NULL, NULL),
(3125, 69, 'Gallardo LP570-4 Spyder Performante', NULL, NULL),
(3126, 69, 'Gallardo LP570-4 Super Trofeo Stradale', NULL, NULL),
(3127, 69, 'Gallardo LP570-4 Superleggera', NULL, NULL),
(3128, 69, 'Gallardo Nera', NULL, NULL),
(3129, 69, 'Gallardo Police Car', NULL, NULL),
(3130, 69, 'Gallardo SE', NULL, NULL),
(3131, 69, 'Gallardo Spyder', NULL, NULL),
(3132, 69, 'Gallardo Superleggera', NULL, NULL),
(3133, 69, 'Jalpa', NULL, NULL),
(3134, 69, 'Jarama', NULL, NULL),
(3135, 69, 'Murcielago 40th Anniversary Edition', NULL, NULL),
(3136, 69, 'Gallardo', NULL, NULL),
(3137, 69, 'LM', NULL, NULL),
(3138, 69, 'Miura Concept', NULL, NULL),
(3139, 69, 'Murcielago', NULL, NULL),
(3140, 69, 'Diablo 6.0', NULL, NULL),
(3141, 69, 'Miura Roadster', NULL, NULL),
(3142, 69, 'Miura SV', NULL, NULL),
(3143, 69, 'Diablo SV', NULL, NULL),
(3144, 69, 'Murcielago Barchetta Concept', NULL, NULL),
(3145, 69, 'Murcielago LP640', NULL, NULL),
(3146, 69, 'Murcielago LP640 Roadster', NULL, NULL),
(3147, 69, 'Murcielago LP640 Versace', NULL, NULL),
(3148, 69, 'Diablo', NULL, NULL),
(3149, 69, 'Murcielago LP650-4 Roadster', NULL, NULL),
(3150, 69, 'Murcielago LP670-4 SuperVeloce', NULL, NULL),
(3151, 69, 'Murcielago LP670-4 SV China Edition', NULL, NULL),
(3152, 69, 'Murcielago RGT', NULL, NULL),
(3153, 69, 'Murcielago Roadster', NULL, NULL),
(3154, 69, 'Murcielago Sketch', NULL, NULL),
(3155, 69, 'Countach LP 400', NULL, NULL),
(3156, 69, 'Urraco', NULL, NULL),
(3157, 69, 'Reventon', NULL, NULL),
(3158, 69, 'Miura Jota', NULL, NULL),
(3159, 69, 'Reventon Roadster', NULL, NULL),
(3160, 69, 'Islero', NULL, NULL),
(3161, 69, 'Espada', NULL, NULL),
(3162, 69, 'Sesto Elemento Concept', NULL, NULL),
(3163, 69, 'Silhouette', NULL, NULL),
(3164, 69, '350 GT', NULL, NULL),
(3165, 69, 'Urus Concept', NULL, NULL),
(3166, 70, '2000 Coupe', NULL, NULL),
(3167, 70, 'Autobianchi A112', NULL, NULL),
(3168, 70, 'Beta', NULL, NULL),
(3169, 70, 'Beta HP Executive', NULL, NULL),
(3170, 70, 'Beta HPE', NULL, NULL),
(3171, 70, 'Beta Montecarlo', NULL, NULL),
(3172, 70, 'Beta Spider', NULL, NULL),
(3173, 70, 'Beta Trevi 2.0 VX', NULL, NULL),
(3174, 70, 'Dedra', NULL, NULL),
(3175, 70, 'Dedra SW', NULL, NULL),
(3176, 70, 'Delta', NULL, NULL),
(3177, 70, 'Delta 1.6 HF Turbo', NULL, NULL),
(3178, 70, 'Delta 1.8 Di Turbo Jet', NULL, NULL),
(3179, 70, 'Delta HF 4WD', NULL, NULL),
(3180, 70, 'Musa', NULL, NULL),
(3181, 70, 'Delta HPE Concept', NULL, NULL),
(3182, 70, 'Delta Integrale', NULL, NULL),
(3183, 70, 'Delta S4', NULL, NULL),
(3184, 70, 'Delta S4 Gruppo B', NULL, NULL),
(3185, 70, 'Flavia', NULL, NULL),
(3186, 70, 'Fulvia', NULL, NULL),
(3187, 70, 'Fulvia Coupe', NULL, NULL),
(3188, 70, 'Gamma Berlina', NULL, NULL),
(3189, 70, 'Granturismo Concept', NULL, NULL),
(3190, 70, 'Granturismo Stilnovo Concept', NULL, NULL),
(3191, 70, 'Lancia ECV Prototype', NULL, NULL),
(3192, 70, 'LC1 Gruppo 6', NULL, NULL),
(3193, 70, 'LC2 Gruppo C', NULL, NULL),
(3194, 70, 'Lybra Executive', NULL, NULL),
(3195, 70, 'Lybra Intensa', NULL, NULL),
(3196, 70, 'MomoDesign Urban Bike', NULL, NULL),
(3197, 70, 'Montecarlo Turbo Gruppo 5', NULL, NULL),
(3198, 70, 'Phedra', NULL, NULL),
(3199, 70, 'Phedra Promenade', NULL, NULL),
(3200, 70, 'Phedra Unique Edition', NULL, NULL),
(3201, 70, 'Prisma', NULL, NULL),
(3202, 70, 'Rally 037', NULL, NULL),
(3203, 70, 'Rally 037 Gruppo B', NULL, NULL),
(3204, 70, 'Stratos', NULL, NULL),
(3205, 70, 'Stratos Concept', NULL, NULL),
(3206, 70, 'Stratos Rally Version', NULL, NULL),
(3207, 70, 'Thema', NULL, NULL),
(3208, 70, 'Thesis', NULL, NULL),
(3209, 70, 'Thesis 2.4 20v JTD', NULL, NULL),
(3210, 70, 'Thesis Promenade', NULL, NULL),
(3211, 70, 'Voyager', NULL, NULL),
(3212, 70, 'Y', NULL, NULL),
(3213, 70, 'Y10', NULL, NULL),
(3214, 70, 'Ypsilon', NULL, NULL),
(3215, 70, 'Ypsilon 1.3 Multijet', NULL, NULL),
(3216, 70, 'Ypsilon BKini', NULL, NULL),
(3217, 70, 'Ypsilon DFN', NULL, NULL),
(3218, 70, 'Ypsilon MomoDesign', NULL, NULL),
(3219, 70, 'Ypsilon Sport Concept car', NULL, NULL),
(3220, 70, 'Ypsilon Sport MomoDesign', NULL, NULL),
(3221, 70, 'Ypsilon Versus', NULL, NULL),
(3222, 70, 'Flaminia 2.8', NULL, NULL),
(3223, 70, 'Flavia Sport 1500', NULL, NULL),
(3224, 70, 'Flavia 1.5', NULL, NULL),
(3225, 70, 'Flaminia Convertible', NULL, NULL),
(3226, 70, 'Appia', NULL, NULL),
(3227, 70, 'Aurelia B 24', NULL, NULL),
(3228, 70, 'Appia C10', NULL, NULL),
(3229, 70, 'D50 Formula 1', NULL, NULL),
(3230, 70, 'Aurelia B24 Spider', NULL, NULL),
(3231, 70, 'Aurelia B12', NULL, NULL),
(3232, 70, 'D24 Spider Sport', NULL, NULL),
(3233, 70, 'Aurelia B20 GT', NULL, NULL),
(3234, 70, 'Aurelia B10', NULL, NULL),
(3235, 70, 'Ardea', NULL, NULL),
(3236, 70, 'Aprilia Cabriolet', NULL, NULL),
(3237, 70, 'Aprilia', NULL, NULL),
(3238, 70, 'Aprilia 238', NULL, NULL),
(3239, 70, 'Artena', NULL, NULL),
(3240, 70, 'Augusta 231', NULL, NULL),
(3241, 70, 'Astura Double Phaeton', NULL, NULL),
(3242, 70, 'Astura 233', NULL, NULL),
(3243, 70, 'Astura 230', NULL, NULL),
(3244, 70, 'Artena 228', NULL, NULL),
(3245, 70, 'Lambda', NULL, NULL),
(3246, 70, 'Dilambda 227', NULL, NULL),
(3247, 70, 'Theta 35HP', NULL, NULL),
(3248, 70, 'Gamma 20HP', NULL, NULL),
(3249, 70, 'Alpha 12HP', NULL, NULL),
(3250, 71, 'DC100 Concept', NULL, NULL),
(3251, 71, 'DC100 Sport Concept', NULL, NULL),
(3252, 71, 'Freelander 2', NULL, NULL),
(3253, 71, 'Defender', NULL, NULL),
(3254, 71, 'Defender SVX', NULL, NULL),
(3255, 71, 'Defender X-Tech', NULL, NULL),
(3256, 71, 'Range Rover Evoque Convertible Concept', NULL, NULL),
(3257, 71, 'Discovery 3', NULL, NULL),
(3258, 71, 'Discovery 4', NULL, NULL),
(3259, 71, 'Range Rover', NULL, NULL),
(3260, 71, 'Freelander', NULL, NULL),
(3261, 71, 'Freelander 2 Sport', NULL, NULL),
(3262, 71, 'Discovery 4 Armoured', NULL, NULL),
(3263, 71, 'Freelander 2 TD4 e', NULL, NULL),
(3264, 71, 'Freelander Callaway', NULL, NULL),
(3265, 71, 'Freelander SE3', NULL, NULL),
(3266, 71, 'Freelander Td4 3door', NULL, NULL),
(3267, 71, 'Freelander Td4 5door', NULL, NULL),
(3268, 71, 'Land e Concept', NULL, NULL),
(3269, 71, 'LR2', NULL, NULL),
(3270, 71, 'LR2 HSE', NULL, NULL),
(3271, 71, 'LR3', NULL, NULL),
(3272, 71, 'LRX Concept', NULL, NULL),
(3273, 71, 'LRX Geneva Concept', NULL, NULL),
(3274, 71, 'Range e Concept', NULL, NULL),
(3275, 71, 'Range Rover Autobiography', NULL, NULL),
(3276, 71, 'Range Rover Autobiography Black', NULL, NULL),
(3277, 71, 'Range Rover Autobiography Ultimate Edition', NULL, NULL),
(3278, 71, 'Range Rover Evoque', NULL, NULL),
(3279, 71, 'Range Rover Evoque 5-door', NULL, NULL),
(3280, 71, 'Range Rover Evoque Victoria Beckham', NULL, NULL),
(3281, 71, 'Range Rover Sport', NULL, NULL),
(3282, 71, 'Range Rover Sport Autobiography', NULL, NULL),
(3283, 71, 'Range Rover Sport Diesel', NULL, NULL),
(3284, 71, 'Range Stormer Concept', NULL, NULL),
(3285, 71, 'Supercharged Range Rover', NULL, NULL),
(3286, 72, 'Mirabeau', NULL, NULL),
(3287, 73, 'CT 200h', NULL, NULL),
(3288, 73, 'ES 350', NULL, NULL),
(3289, 73, 'ES330', NULL, NULL),
(3290, 73, 'ES330 Sport Design', NULL, NULL),
(3291, 73, 'ES350', NULL, NULL),
(3292, 73, 'GS 250', NULL, NULL),
(3293, 73, 'GS 350', NULL, NULL),
(3294, 73, 'GS 450h', NULL, NULL),
(3295, 73, 'GS 450h F Sport', NULL, NULL),
(3296, 73, 'GS 460', NULL, NULL),
(3297, 73, 'GS 350 F Sport', NULL, NULL),
(3298, 73, 'ES 300h', NULL, NULL),
(3299, 73, 'GS300', NULL, NULL),
(3300, 73, 'GS430', NULL, NULL),
(3301, 73, 'GX 460', NULL, NULL),
(3302, 73, 'GX 470', NULL, NULL),
(3303, 73, 'GX470', NULL, NULL),
(3304, 73, 'HS 250h', NULL, NULL),
(3305, 73, 'IS 350', NULL, NULL),
(3306, 73, 'IS 350 F Sport', NULL, NULL),
(3307, 73, 'IS250C', NULL, NULL),
(3308, 73, 'IS300 SportDesign Edition', NULL, NULL),
(3309, 73, 'IS350', NULL, NULL),
(3310, 73, 'RX 350', NULL, NULL),
(3311, 73, 'LS 600h', NULL, NULL),
(3312, 73, 'LS 460 Sport', NULL, NULL),
(3313, 73, 'LS 460 L', NULL, NULL),
(3314, 73, 'IS Convertible', NULL, NULL),
(3315, 73, 'IS430 Project', NULL, NULL),
(3316, 73, 'IS-F', NULL, NULL),
(3317, 73, 'IS-F EU Version', NULL, NULL),
(3318, 73, 'LFA', NULL, NULL),
(3319, 73, 'LFA Concept', NULL, NULL),
(3320, 73, 'LFA Nurburgring Package', NULL, NULL),
(3321, 73, 'LF-A Roadster Concept', NULL, NULL),
(3322, 73, 'LS 600h L', NULL, NULL),
(3323, 73, 'LS600h L Pebble Beach Edition', NULL, NULL),
(3324, 73, 'LS460 AWD', NULL, NULL),
(3325, 73, 'LFC Concept', NULL, NULL),
(3326, 73, 'LF-CC Concept', NULL, NULL),
(3327, 73, 'LF-Ch Concept', NULL, NULL),
(3328, 73, 'LF-Gh Concept', NULL, NULL),
(3329, 73, 'LF-LC Blue Concept', NULL, NULL),
(3330, 73, 'LF-LC Concept', NULL, NULL),
(3331, 73, 'LF-Xh Concept', NULL, NULL),
(3332, 73, 'LS 460', NULL, NULL),
(3333, 73, 'LS 460 F Sport', NULL, NULL),
(3334, 73, 'LS 460L', NULL, NULL),
(3335, 73, 'LF-A Concept', NULL, NULL),
(3336, 73, 'LS 600h L Landaulet', NULL, NULL),
(3337, 73, 'LS430', NULL, NULL),
(3338, 73, 'LS430 European Version', NULL, NULL),
(3339, 73, 'LX 570', NULL, NULL),
(3340, 73, 'IS250 European Version', NULL, NULL),
(3341, 73, 'LX470', NULL, NULL),
(3342, 73, 'Minority Report Sports Car', NULL, NULL),
(3343, 73, 'RX 350 F Sport', NULL, NULL),
(3344, 73, 'RX 450h', NULL, NULL),
(3345, 73, 'RX 450h F Sport', NULL, NULL),
(3346, 73, 'RX330', NULL, NULL),
(3347, 73, 'RX330 Thundercloud', NULL, NULL),
(3348, 73, 'RX400h', NULL, NULL),
(3349, 73, 'SC 430', NULL, NULL),
(3350, 73, 'SC430', NULL, NULL),
(3351, 73, 'SC430 Pebble Beach Edition', NULL, NULL),
(3352, 73, 'SC430 Pace Car', NULL, NULL),
(3353, 73, 'Sport Coupe Concept', NULL, NULL),
(3354, 74, 'Aviator', NULL, NULL),
(3355, 74, 'Aviator Concept', NULL, NULL),
(3356, 74, 'C Concept', NULL, NULL),
(3357, 74, 'Continental Concept', NULL, NULL),
(3358, 74, 'Mark LT', NULL, NULL),
(3359, 74, 'Mark X Concept', NULL, NULL),
(3360, 74, 'MK9 Concept', NULL, NULL),
(3361, 74, 'MKR Concept', NULL, NULL),
(3362, 74, 'MKS', NULL, NULL),
(3363, 74, 'MKT', NULL, NULL),
(3364, 74, 'MKZ', NULL, NULL),
(3365, 74, 'MKX', NULL, NULL),
(3366, 74, 'MKT Concept', NULL, NULL),
(3367, 74, 'MKS Concept', NULL, NULL),
(3368, 74, 'MKZ Concept', NULL, NULL),
(3369, 74, 'MKZ Hybrid', NULL, NULL),
(3370, 74, 'Navigator', NULL, NULL),
(3371, 74, 'Town Car', NULL, NULL),
(3372, 74, 'Navicross Concept', NULL, NULL),
(3373, 74, 'Town Car Cartier', NULL, NULL),
(3374, 74, 'Town Car Cartier L', NULL, NULL),
(3375, 74, 'Zephyr', NULL, NULL),
(3376, 75, 'H1', NULL, NULL),
(3377, 76, 'LS Concept', NULL, NULL),
(3378, 77, '2-Eleven', NULL, NULL),
(3379, 77, 'Circuit Car', NULL, NULL),
(3380, 77, 'Eco Elise', NULL, NULL),
(3381, 77, 'Elan', NULL, NULL),
(3382, 77, 'Elan Concept', NULL, NULL),
(3383, 77, 'Elise', NULL, NULL),
(3384, 77, 'Elise 160', NULL, NULL),
(3385, 77, 'Elise Club Racer', NULL, NULL),
(3386, 77, 'Elise Concept', NULL, NULL),
(3387, 77, 'Elise R', NULL, NULL),
(3388, 77, 'Elise S', NULL, NULL),
(3389, 77, 'Elise SC', NULL, NULL),
(3390, 77, 'Elise SC Clark Type 25', NULL, NULL),
(3391, 77, 'Elise Type 49', NULL, NULL),
(3392, 77, 'Elite', NULL, NULL),
(3393, 77, 'Elite Concept', NULL, NULL),
(3394, 77, 'Esprit Concept', NULL, NULL),
(3395, 77, 'Esprit Turbo', NULL, NULL),
(3396, 77, 'Esprit V8', NULL, NULL),
(3397, 77, 'Eterne Concept', NULL, NULL),
(3398, 77, 'Europa', NULL, NULL),
(3399, 77, 'Europa Diamond Edition', NULL, NULL),
(3400, 77, 'Europa S', NULL, NULL),
(3401, 77, 'Europa SE', NULL, NULL),
(3402, 77, 'Evora', NULL, NULL),
(3403, 77, 'Evora 414E Hybrid Concept', NULL, NULL),
(3404, 77, 'Evora Carbon Concept', NULL, NULL),
(3405, 77, 'Evora GTE', NULL, NULL),
(3406, 77, 'Evora GX Racecar', NULL, NULL),
(3407, 77, 'Evora S', NULL, NULL),
(3408, 77, 'Evora Type 124 Endurance Racecar', NULL, NULL),
(3409, 77, 'Exige', NULL, NULL),
(3410, 77, 'Exige 265E Concept', NULL, NULL),
(3411, 77, 'Exige Cup 260', NULL, NULL),
(3412, 77, 'Exige S', NULL, NULL),
(3413, 77, 'Exige S 240', NULL, NULL),
(3414, 77, 'Exige S Roadster', NULL, NULL),
(3415, 77, 'Exige S Type 72', NULL, NULL),
(3416, 77, 'Exige Sprint', NULL, NULL),
(3417, 77, 'Hot Wheels Concept', NULL, NULL),
(3418, 77, 'Ice Vehicle Concept', NULL, NULL),
(3419, 78, 'Icon Concept', NULL, NULL),
(3420, 78, '6', NULL, NULL),
(3421, 78, 'Zero Concept', NULL, NULL),
(3422, 78, 'TF', NULL, NULL),
(3423, 78, 'TF LE500', NULL, NULL),
(3424, 78, 'XPower SVR', NULL, NULL),
(3425, 78, 'GT Concept', NULL, NULL),
(3426, 78, 'TF Cool Blue SE', NULL, NULL),
(3427, 78, 'TF 160', NULL, NULL),
(3428, 78, 'XPower SV Concept', NULL, NULL),
(3429, 79, 'Lamborghini Aventador', NULL, NULL),
(3430, 79, 'Porsche Panamera', NULL, NULL),
(3431, 79, 'Maserati GranTurismo', NULL, NULL),
(3432, 79, 'Bugatti Veyron Linea Vincero dOro', NULL, NULL),
(3433, 79, 'Vitesse Rose', NULL, NULL),
(3434, 79, 'Cyrus', NULL, NULL),
(3435, 79, 'Chopster', NULL, NULL),
(3436, 79, 'Bugatti Veyron Linea Vincero', NULL, NULL),
(3437, 79, 'Stallone', NULL, NULL),
(3438, 79, 'Renovatio', NULL, NULL),
(3439, 79, 'Le Mansory Convertible', NULL, NULL),
(3440, 79, 'Bel Air', NULL, NULL),
(3441, 79, 'Rolls Royce Conquistador', NULL, NULL),
(3442, 79, 'Le Mansory', NULL, NULL),
(3443, 79, 'Bentley Continental GTC', NULL, NULL),
(3444, 79, 'Bentley Continental Flying Spur', NULL, NULL),
(3445, 79, 'Aston Martin Vantage V8', NULL, NULL),
(3446, 79, 'Bentley Continental GT', NULL, NULL),
(3447, 79, 'Aston Martin Vanquish S', NULL, NULL),
(3448, 79, 'Aston Martin DB9 Volante', NULL, NULL),
(3449, 80, 'TSO GT2', NULL, NULL),
(3450, 80, 'TSO Convertible', NULL, NULL),
(3451, 81, 'Coupe', NULL, NULL),
(3452, 81, 'GranCabrio MC', NULL, NULL),
(3453, 81, 'GranCabrio Sport', NULL, NULL),
(3454, 81, 'GranSport', NULL, NULL),
(3455, 81, 'GranCabrio Fendi', NULL, NULL),
(3456, 81, 'Quattroporte Sport GT S MC Sport Line', NULL, NULL),
(3457, 81, 'Quattroporte Sport GT S Awards Edition', NULL, NULL),
(3458, 81, 'GranCabrio', NULL, NULL),
(3459, 81, 'Quattroporte Sport GT S', NULL, NULL),
(3460, 81, 'GranSport MC Victory', NULL, NULL),
(3461, 81, 'GranSport Spyder', NULL, NULL),
(3462, 81, 'GranTurismo S', NULL, NULL),
(3463, 81, 'GranTurismo', NULL, NULL),
(3464, 81, 'GranTurismo MC Concept', NULL, NULL),
(3465, 81, 'GranTurismo MC Stradale', NULL, NULL),
(3466, 81, 'GranTurismo S Automatic', NULL, NULL),
(3467, 81, 'GranTurismo Sport', NULL, NULL),
(3468, 81, 'GS Zagato', NULL, NULL),
(3469, 81, 'Kubang', NULL, NULL),
(3470, 81, 'Kubang Concept Car', NULL, NULL),
(3471, 81, 'MC12', NULL, NULL),
(3472, 81, 'Spyder', NULL, NULL),
(3473, 81, 'MC12 Corsa', NULL, NULL),
(3474, 81, 'MCC Prototype', NULL, NULL),
(3475, 81, 'Quattroporte', NULL, NULL),
(3476, 81, 'Quattroporte Executive GT', NULL, NULL),
(3477, 81, 'Quattroporte Neiman Marcus', NULL, NULL),
(3478, 81, 'Quattroporte Sport GT', NULL, NULL),
(3479, 81, 'Spyder 90th Anniversary', NULL, NULL),
(3480, 81, 'Spyder Vintage package', NULL, NULL),
(3481, 81, 'Trofeo', NULL, NULL),
(3482, 81, 'Trofeo Light', NULL, NULL),
(3483, 82, '62 S', NULL, NULL),
(3484, 82, 'Zeppelin', NULL, NULL),
(3485, 82, 'Xenatec Coupe', NULL, NULL),
(3486, 82, 'Landaulet', NULL, NULL),
(3487, 82, 'Landaulet Concept', NULL, NULL),
(3488, 82, '62 S', NULL, NULL),
(3489, 82, 'Exelero', NULL, NULL),
(3490, 82, '57S Special', NULL, NULL),
(3491, 82, '62', NULL, NULL),
(3492, 82, '57', NULL, NULL),
(3493, 83, '2', NULL, NULL),
(3494, 83, '3 S', NULL, NULL),
(3495, 83, '3', NULL, NULL),
(3496, 83, '6 Sedan', NULL, NULL),
(3497, 83, '5', NULL, NULL),
(3498, 83, '6', NULL, NULL),
(3499, 83, '323', NULL, NULL),
(3500, 83, '2 3-Door', NULL, NULL),
(3501, 83, '3 5door', NULL, NULL),
(3502, 83, '3 Facelift', NULL, NULL),
(3503, 83, '3 i-stop', NULL, NULL),
(3504, 83, '3 MPS', NULL, NULL),
(3505, 83, '3 Sedan', NULL, NULL),
(3506, 83, '323F', NULL, NULL),
(3507, 83, '5 European Version', NULL, NULL),
(3508, 83, '6 AWD', NULL, NULL),
(3509, 83, '6 Facelift', NULL, NULL),
(3510, 83, '6 MPS', NULL, NULL),
(3511, 83, '6 MPS Concept', NULL, NULL),
(3512, 83, '6 SAP', NULL, NULL),
(3513, 83, 'MX-5 Superlight Concept', NULL, NULL),
(3514, 83, '6 Sport', NULL, NULL),
(3515, 83, '6 Wagon', NULL, NULL),
(3516, 83, '6 US-spec', NULL, NULL),
(3517, 83, '6 SAP Wagon', NULL, NULL),
(3518, 83, '6 Wagon Facelift', NULL, NULL),
(3519, 83, 'Atenza', NULL, NULL),
(3520, 83, 'Atenza Sport Wagon', NULL, NULL),
(3521, 83, 'Kiyora Concept', NULL, NULL),
(3522, 83, 'Kazamai Concept', NULL, NULL),
(3523, 83, 'Furai Concept', NULL, NULL),
(3524, 83, '6 Hatchback', NULL, NULL),
(3525, 83, '2 Sedan', NULL, NULL),
(3526, 83, 'Taiki Concept', NULL, NULL),
(3527, 83, 'Ryuga Concept', NULL, NULL),
(3528, 83, 'Hakaze Concept', NULL, NULL),
(3529, 83, 'CX-9', NULL, NULL),
(3530, 83, 'CX-7', NULL, NULL),
(3531, 83, 'B2500', NULL, NULL),
(3532, 83, 'BT-50', NULL, NULL),
(3533, 83, 'CX-5', NULL, NULL),
(3534, 83, 'CX9', NULL, NULL),
(3535, 83, 'Demio', NULL, NULL),
(3536, 83, 'Demio Stardust Pink Limited Edition', NULL, NULL),
(3537, 83, 'Ibuki Concept', NULL, NULL),
(3538, 83, 'Kabura Concept', NULL, NULL),
(3539, 83, 'Kusabi Concept', NULL, NULL),
(3540, 83, 'MazdaSpeed MX5', NULL, NULL),
(3541, 83, 'Minagi Concept', NULL, NULL),
(3542, 83, 'MPV ES', NULL, NULL),
(3543, 83, 'MPV European Version', NULL, NULL),
(3544, 83, 'MX Sport Runabout Concept', NULL, NULL),
(3545, 83, 'MX Sport Tourer Concept', NULL, NULL),
(3546, 83, 'MX Sportif Concept', NULL, NULL),
(3547, 83, 'MX5', NULL, NULL),
(3548, 83, 'MX-5', NULL, NULL),
(3549, 83, 'MX-5 GT Concept', NULL, NULL),
(3550, 83, 'MX-5 GT Race Car', NULL, NULL),
(3551, 83, 'MX-5 Kuro', NULL, NULL),
(3552, 83, 'MX-5 Miata Roadster', NULL, NULL),
(3553, 83, 'MX-5 Miata Special Edition', NULL, NULL),
(3554, 83, 'MX-5 MPS Concept', NULL, NULL),
(3555, 83, 'MX-5 Niseko', NULL, NULL),
(3556, 83, 'MX-5 Roadster Coupe', NULL, NULL),
(3557, 83, 'MX-5 Spyder Concept', NULL, NULL),
(3558, 83, 'MXCrossport Concept', NULL, NULL),
(3559, 83, 'MXFlexa Concept', NULL, NULL),
(3560, 83, 'MXMicro Sport Concept', NULL, NULL),
(3561, 83, 'Nagare Concept', NULL, NULL),
(3562, 83, 'Premacy', NULL, NULL),
(3563, 83, 'Roadster', NULL, NULL),
(3564, 83, 'RX7', NULL, NULL),
(3565, 83, 'RX-8', NULL, NULL),
(3566, 83, 'RX-8 Concept', NULL, NULL),
(3567, 83, 'RX-8 Dingo Art', NULL, NULL),
(3568, 83, 'RX-8 Hydrogen Concept', NULL, NULL),
(3569, 83, 'RX8 XMen', NULL, NULL),
(3570, 83, 'Sassou Concept', NULL, NULL),
(3571, 83, 'Senku Concept', NULL, NULL),
(3572, 83, 'Shinari Concept', NULL, NULL),
(3573, 83, 'Takeri Concept', NULL, NULL),
(3574, 83, 'Tribute', NULL, NULL),
(3575, 83, 'Tribute Hybrid-Electric Vehicle', NULL, NULL),
(3576, 83, 'Washu Concept', NULL, NULL),
(3577, 83, 'Xedos 9', NULL, NULL),
(3578, 84, 'Identity i1', NULL, NULL),
(3579, 85, 'MP4-12C Spider', NULL, NULL),
(3580, 85, 'MP4-12C', NULL, NULL),
(3581, 85, 'X-1 Concept', NULL, NULL),
(3582, 85, 'P1 Concept', NULL, NULL),
(3583, 85, '12C Can-Am Edition Concept', NULL, NULL),
(3584, 85, 'MP4-12C GT3', NULL, NULL),
(3585, 85, 'MP4-12C', NULL, NULL),
(3586, 85, 'F1 GTR', NULL, NULL),
(3587, 85, 'F1', NULL, NULL),
(3588, 85, 'M6GT', NULL, NULL),
(3589, 86, '150', NULL, NULL),
(3590, 86, '170', NULL, NULL),
(3591, 86, '190', NULL, NULL),
(3592, 86, 'SL65 AMG', NULL, NULL),
(3593, 86, '220', NULL, NULL),
(3594, 86, '230', NULL, NULL),
(3595, 86, '320', NULL, NULL),
(3596, 86, '190 SL Roadster', NULL, NULL),
(3597, 86, '190E', NULL, NULL),
(3598, 86, '220 a', NULL, NULL),
(3599, 86, '220SE', NULL, NULL),
(3600, 86, '230 SL Roadster', NULL, NULL),
(3601, 86, 'G63 AMG', NULL, NULL),
(3602, 86, 'G-Class', NULL, NULL),
(3603, 86, '240 D 3.0', NULL, NULL),
(3604, 86, 'Citan', NULL, NULL),
(3605, 86, 'CLS Shooting Brake', NULL, NULL),
(3606, 86, '250C', NULL, NULL),
(3607, 86, '260D', NULL, NULL),
(3608, 86, '280 E', NULL, NULL),
(3609, 86, '280 SE 3.5 Cabriolet', NULL, NULL),
(3610, 86, '280 SE 3.5 Coupe', NULL, NULL),
(3611, 86, 'SLK350', NULL, NULL),
(3612, 86, '300 CE 6.3 AMG', NULL, NULL),
(3613, 86, '300 S', NULL, NULL),
(3614, 86, '300 SEL 6.3 AMG', NULL, NULL),
(3615, 86, 'M-Class', NULL, NULL),
(3616, 86, '300 SL', NULL, NULL),
(3617, 86, '300 SL Gullwing', NULL, NULL),
(3618, 86, '300 SLR', NULL, NULL),
(3619, 86, '300CD Turbodiesel', NULL, NULL),
(3620, 86, 'CLS550', NULL, NULL),
(3621, 86, 'CLS350 CDI', NULL, NULL),
(3622, 86, '300d', NULL, NULL),
(3623, 86, '300D Turbodiesel', NULL, NULL),
(3624, 86, '300SD Turbodiesel', NULL, NULL),
(3625, 86, '450 SEL 6.9', NULL, NULL),
(3626, 86, '500 K', NULL, NULL),
(3627, 86, '500E', NULL, NULL),
(3628, 86, 'C-Class UK Version', NULL, NULL),
(3629, 86, 'C-Class Estate', NULL, NULL),
(3630, 86, '540 K Luxury Roadster', NULL, NULL),
(3631, 86, 'C-Class', NULL, NULL),
(3632, 86, '600 Pullman Limousine', NULL, NULL),
(3633, 86, 'B-Class', NULL, NULL),
(3634, 86, '770 Grand Mercedes Cabriolet', NULL, NULL),
(3635, 86, 'A 200 Turbo', NULL, NULL),
(3636, 86, 'A170 Classic 5door', NULL, NULL),
(3637, 86, 'A180 CDI 3door', NULL, NULL),
(3638, 86, 'A200 Avantgarde 3door', NULL, NULL),
(3639, 86, 'A200 CDI Avantgarde 5door', NULL, NULL),
(3640, 86, 'SLS AMG GT3', NULL, NULL),
(3641, 86, 'A200 Elegance 5door', NULL, NULL),
(3642, 86, 'SL550 Night Edition', NULL, NULL),
(3643, 86, 'S63 AMG', NULL, NULL),
(3644, 86, 'AClass', NULL, NULL),
(3645, 86, 'R-Class', NULL, NULL),
(3646, 86, 'A-Class', NULL, NULL),
(3647, 86, 'GL-Class Grand Edition', NULL, NULL),
(3648, 86, 'A-Class Concept', NULL, NULL),
(3649, 86, 'A-Class Coupe', NULL, NULL),
(3650, 86, 'A-Class E-CELL', NULL, NULL),
(3651, 86, 'Auto 2000 Concept', NULL, NULL),
(3652, 86, 'B150', NULL, NULL),
(3653, 86, 'B200 CDI', NULL, NULL),
(3654, 86, 'B200 Turbo', NULL, NULL),
(3655, 86, 'B-Class Electric Drive Concept', NULL, NULL),
(3656, 86, 'B-Class F-Cell', NULL, NULL),
(3657, 86, 'Biome Concept', NULL, NULL),
(3658, 86, 'Bionic Concept Car', NULL, NULL),
(3659, 86, 'C63 AMG DTM Safety Car', NULL, NULL),
(3660, 86, 'Bluetec Hybrid Concept', NULL, NULL),
(3661, 86, 'B55 Concept', NULL, NULL),
(3662, 86, 'B-Class E-CELL Plus Concept', NULL, NULL),
(3663, 86, 'BlueZero Concept', NULL, NULL),
(3664, 86, 'BlueZero E-Cell Plus Concept', NULL, NULL),
(3665, 86, 'C 111-II Concept', NULL, NULL),
(3666, 86, 'C112 Concept', NULL, NULL),
(3667, 86, 'C200 CGI Estate Elegance', NULL, NULL),
(3668, 86, 'C220 CDI Avantgarde', NULL, NULL),
(3669, 86, 'C320 Sport Coupe', NULL, NULL),
(3670, 86, 'C55 AMG', NULL, NULL),
(3671, 86, 'C63 AMG', NULL, NULL),
(3672, 86, 'C63 AMG Coupe', NULL, NULL),
(3673, 86, 'C63 AMG Coupe Black Series', NULL, NULL),
(3674, 86, 'C63 AMG Coupe Black Series DTM Safety Car', NULL, NULL),
(3675, 86, 'C63 AMG Estate', NULL, NULL),
(3676, 86, 'C63 AMG Estate F1 Medical Car', NULL, NULL),
(3677, 86, 'CClass', NULL, NULL),
(3678, 86, 'E63 AMG Estate', NULL, NULL),
(3679, 86, 'C-Class Coupe', NULL, NULL),
(3680, 86, 'C-Class DR 520', NULL, NULL),
(3681, 86, 'C-Class DTM AMG', NULL, NULL),
(3682, 86, 'CL 500', NULL, NULL),
(3683, 86, 'CL 600', NULL, NULL),
(3684, 86, 'E-Class AMG Sports Package', NULL, NULL),
(3685, 86, 'CL 63 AMG', NULL, NULL),
(3686, 86, 'CL Coupe', NULL, NULL),
(3687, 86, 'CL500', NULL, NULL),
(3688, 86, 'CL55 AMG', NULL, NULL),
(3689, 86, 'CL55 AMG F1 Limited Edition', NULL, NULL),
(3690, 86, 'CL55 AMG F1 Safety Car', NULL, NULL),
(3691, 86, 'CL600', NULL, NULL),
(3692, 86, 'CL63 AMG', NULL, NULL),
(3693, 86, 'CL65 AMG', NULL, NULL),
(3694, 86, 'CL65 AMG UK Version', NULL, NULL),
(3695, 86, 'CLC', NULL, NULL),
(3696, 86, 'CL-Class', NULL, NULL),
(3697, 86, 'CL-Class AMG Sports Package', NULL, NULL),
(3698, 86, 'CL-Class AMG styling', NULL, NULL),
(3699, 86, 'CLK 63 AMG', NULL, NULL),
(3700, 86, 'CLK 63 AMG Cabriolet', NULL, NULL),
(3701, 86, 'CLK Cabriolet', NULL, NULL),
(3702, 86, 'CLK Coupe', NULL, NULL),
(3703, 86, 'CLK designo by Giorgio Armani', NULL, NULL),
(3704, 86, 'CLK DTM AMG', NULL, NULL),
(3705, 86, 'CLK DTM AMG Cabriolet', NULL, NULL),
(3706, 86, 'CLK GTR', NULL, NULL),
(3707, 86, 'CLK320 Cabriolet', NULL, NULL),
(3708, 86, 'CLK320 CDI Cabriolet Avantgarde', NULL, NULL),
(3709, 86, 'CLK320 Coupe', NULL, NULL),
(3710, 86, 'CLK350', NULL, NULL),
(3711, 86, 'CLK430 Cabriolet', NULL, NULL),
(3712, 86, 'CLK430 Coupe', NULL, NULL),
(3713, 86, 'CLK55 AMG', NULL, NULL),
(3714, 86, 'CLK55 AMG F1 Safety Car', NULL, NULL),
(3715, 86, 'CLK55 Cabriolet AMG', NULL, NULL),
(3716, 86, 'CLK63 AMG Black Series', NULL, NULL),
(3717, 86, 'CLS 280', NULL, NULL),
(3718, 86, 'CLS 350 CGI', NULL, NULL),
(3719, 86, 'CLS 63 AMG', NULL, NULL),
(3720, 86, 'CLS Grand Edition', NULL, NULL),
(3721, 86, 'CLS500', NULL, NULL),
(3722, 86, 'CLS63 AMG', NULL, NULL),
(3723, 86, 'CLS63 AMG Shooting Brake', NULL, NULL),
(3724, 86, 'CLS63 AMG US Version', NULL, NULL),
(3725, 86, 'CLS-Class', NULL, NULL),
(3726, 86, 'Compact Sports Tourer Vision B Concept', NULL, NULL),
(3727, 86, 'Direct Hybrid Concept', NULL, NULL),
(3728, 86, 'E 63 AMG', NULL, NULL),
(3729, 86, 'E 63 AMG Estate', NULL, NULL),
(3730, 86, 'E200 Kompressor Estate Classic', NULL, NULL),
(3731, 86, 'E300 BlueTEC Hybrid new', NULL, NULL),
(3732, 86, 'E320', NULL, NULL),
(3733, 86, 'E320 CDI Estate Elegance', NULL, NULL),
(3734, 86, 'E320 Estate Avantgarde', NULL, NULL),
(3735, 86, 'E320 Wagon', NULL, NULL),
(3736, 86, 'E350', NULL, NULL),
(3737, 86, 'E350 4Matic Wagon', NULL, NULL),
(3738, 86, 'E350 Cabriolet', NULL, NULL),
(3739, 86, 'E350 Coupe', NULL, NULL),
(3740, 86, 'E350 Estate', NULL, NULL),
(3741, 86, 'E350 with Sports Equipment', NULL, NULL),
(3742, 86, 'E55 AMG', NULL, NULL),
(3743, 86, 'E550', NULL, NULL),
(3744, 86, 'E550 Cabriolet', NULL, NULL),
(3745, 86, 'E550 Coupe', NULL, NULL),
(3746, 86, 'E63 AMG', NULL, NULL),
(3747, 86, 'E63 AMG Wagon', NULL, NULL),
(3748, 86, 'E-Class', NULL, NULL),
(3749, 86, 'E-Class 4Matic', NULL, NULL),
(3750, 86, 'E-Class Cabriolet', NULL, NULL),
(3751, 86, 'E-Class Cabriolet UK Version', NULL, NULL),
(3752, 86, 'E-Class Coupe', NULL, NULL),
(3753, 86, 'E-Class Coupe UK Version', NULL, NULL),
(3754, 86, 'E-Class Estate', NULL, NULL),
(3755, 86, 'E-Class Estate AMG Sports Package', NULL, NULL),
(3756, 86, 'E-Class Executive', NULL, NULL),
(3757, 86, 'E-Class L', NULL, NULL),
(3758, 86, 'F 100 Concept', NULL, NULL),
(3759, 86, 'F 200 Concept', NULL, NULL),
(3760, 86, 'F 300 Concept', NULL, NULL),
(3761, 86, 'F 400 Carving Concept', NULL, NULL),
(3762, 86, 'F 500 Concept', NULL, NULL),
(3763, 86, 'F 600 Hygenius Concept', NULL, NULL),
(3764, 86, 'F125 Concept', NULL, NULL),
(3765, 86, 'F500 Mind Concept', NULL, NULL),
(3766, 86, 'F700 Concept', NULL, NULL),
(3767, 86, 'F800 Style Concept', NULL, NULL),
(3768, 86, 'Fascination Concept', NULL, NULL),
(3769, 86, 'F-Cell Roadster Concept', NULL, NULL),
(3770, 86, 'G55 AMG', NULL, NULL),
(3771, 86, 'G55 AMG Kompressor', NULL, NULL),
(3772, 86, 'G-Class BA3 Final Edition', NULL, NULL),
(3773, 86, 'G-Class Edition Select', NULL, NULL),
(3774, 86, 'G-Class UK Version', NULL, NULL),
(3775, 86, 'GL 420 CDI', NULL, NULL),
(3776, 86, 'GL450', NULL, NULL),
(3777, 86, 'GL550', NULL, NULL),
(3778, 86, 'GL63 AMG', NULL, NULL),
(3779, 86, 'GL-Class', NULL, NULL),
(3780, 86, 'GLK 350 4MATIC', NULL, NULL),
(3781, 86, 'GLK Freeside Concept', NULL, NULL),
(3782, 86, 'GLK Townside Concept', NULL, NULL),
(3783, 86, 'GLK350 4Matic', NULL, NULL),
(3784, 86, 'GLK-Class', NULL, NULL),
(3785, 86, 'Grand Sports Tourer Vision R Concept', NULL, NULL),
(3786, 86, 'ML 63 AMG', NULL, NULL),
(3787, 86, 'ML320', NULL, NULL),
(3788, 86, 'ML350', NULL, NULL),
(3789, 86, 'ML430', NULL, NULL),
(3790, 86, 'ML450 Hybrid', NULL, NULL),
(3791, 86, 'ML500', NULL, NULL),
(3792, 86, 'ML55 AMG', NULL, NULL),
(3793, 86, 'ML63 AMG', NULL, NULL),
(3794, 86, 'ML63 AMG 10th Anniversary', NULL, NULL),
(3795, 86, 'ML63 AMG Performance Studio', NULL, NULL),
(3796, 86, 'Ocean Drive Concept', NULL, NULL),
(3797, 86, 'R 63 AMG', NULL, NULL),
(3798, 86, 'R500', NULL, NULL),
(3799, 86, 'R-Class AMG Styling', NULL, NULL),
(3800, 86, 'S 500 4MATIC', NULL, NULL),
(3801, 86, 'S 600 Guard', NULL, NULL),
(3802, 86, 'S 600 Guard Pullman', NULL, NULL),
(3803, 86, 'S 63 AMG', NULL, NULL),
(3804, 86, 'S320 CDI BlueEfficiency', NULL, NULL),
(3805, 86, 'S400 BlueHYBRID', NULL, NULL),
(3806, 86, 'S500 4MATIC', NULL, NULL),
(3807, 86, 'S500 Plug-in Hybrid Concept', NULL, NULL),
(3808, 86, 'S550', NULL, NULL),
(3809, 86, 'S600 Pullman Guard', NULL, NULL),
(3810, 86, 'S600 Pullman Limousine W140', NULL, NULL),
(3811, 86, 'S65 AMG', NULL, NULL);
INSERT INTO `car_model` (`id`, `make_id`, `name`, `created_on`, `created_by`) VALUES
(3812, 86, 'S-Class', NULL, NULL),
(3813, 86, 'S-Class AMG Sports Package', NULL, NULL),
(3814, 86, 'S-Class Coupe', NULL, NULL),
(3815, 86, 'S-Class Pullman Limousine W220', NULL, NULL),
(3816, 86, 'S-Class UK Version', NULL, NULL),
(3817, 86, 'S-Class W126', NULL, NULL),
(3818, 86, 'Shooting Break Concept', NULL, NULL),
(3819, 86, 'Silver Arrow Concept', NULL, NULL),
(3820, 86, 'SL 350', NULL, NULL),
(3821, 86, 'SL 500', NULL, NULL),
(3822, 86, 'SL 55 AMG', NULL, NULL),
(3823, 86, 'SL 600', NULL, NULL),
(3824, 86, 'SL 63 AMG Edition IWC', NULL, NULL),
(3825, 86, 'SL 63 AMG F1 Safety Car', NULL, NULL),
(3826, 86, 'SL 65 AMG', NULL, NULL),
(3827, 86, 'SL350', NULL, NULL),
(3828, 86, 'SL350 Mille Miglia Edition', NULL, NULL),
(3829, 86, 'SL500', NULL, NULL),
(3830, 86, 'SL55 AMG', NULL, NULL),
(3831, 86, 'SL55 AMG F1 Safety Car', NULL, NULL),
(3832, 86, 'SL55 AMG with Performance Package', NULL, NULL),
(3833, 86, 'SL550', NULL, NULL),
(3834, 86, 'SL600', NULL, NULL),
(3835, 86, 'SL63 AMG', NULL, NULL),
(3836, 86, 'SL63 AMG F1 Safety Car', NULL, NULL),
(3837, 86, 'SL65 AMG Black Series', NULL, NULL),
(3838, 86, 'SL73 AMG', NULL, NULL),
(3839, 86, 'SL-Class', NULL, NULL),
(3840, 86, 'SL-Class Sports Package', NULL, NULL),
(3841, 86, 'SLK 2LOOK Edition', NULL, NULL),
(3842, 86, 'SLK 55 AMG', NULL, NULL),
(3843, 86, 'SLK 55 AMG Black Series', NULL, NULL),
(3844, 86, 'SLK 55 AMG SS', NULL, NULL),
(3845, 86, 'SLK Edition 10', NULL, NULL),
(3846, 86, 'SLK Final Edition', NULL, NULL),
(3847, 86, 'SLK Prototype', NULL, NULL),
(3848, 86, 'SLK Roadster', NULL, NULL),
(3849, 86, 'SLK200 Kompressor', NULL, NULL),
(3850, 86, 'SLK250 CDI', NULL, NULL),
(3851, 86, 'SLK32 AMG', NULL, NULL),
(3852, 86, 'SLK320', NULL, NULL),
(3853, 86, 'SLK55 AMG', NULL, NULL),
(3854, 86, 'SLK55 AMG F1 Safety Car', NULL, NULL),
(3855, 86, 'SLKClass', NULL, NULL),
(3856, 86, 'SLK-Class', NULL, NULL),
(3857, 86, 'SLKClass Special Edition', NULL, NULL),
(3858, 86, 'SLR 722 Edition', NULL, NULL),
(3859, 86, 'SLR McLaren', NULL, NULL),
(3860, 86, 'SLR McLaren Roadster', NULL, NULL),
(3861, 86, 'SLR McLaren Roadster 722 S', NULL, NULL),
(3862, 86, 'SLR Stirling Moss', NULL, NULL),
(3863, 86, 'SLS AMG', NULL, NULL),
(3864, 86, 'SLS AMG Coupe Electric Drive', NULL, NULL),
(3865, 86, 'SLS AMG E-Cell Concept', NULL, NULL),
(3866, 86, 'SLS AMG F1 Safety Car', NULL, NULL),
(3867, 86, 'SLS AMG GT', NULL, NULL),
(3868, 86, 'SLS AMG GT F1 Safety Car', NULL, NULL),
(3869, 86, 'SLS AMG GT3 45th Anniversary new', NULL, NULL),
(3870, 86, 'SLS AMG Roadster', NULL, NULL),
(3871, 86, 'SLS AMG UK Version', NULL, NULL),
(3872, 86, 'SLS AMG US Version', NULL, NULL),
(3873, 86, 'Style Coupe Concept', NULL, NULL),
(3874, 86, 'Type S', NULL, NULL),
(3875, 86, 'Viano', NULL, NULL),
(3876, 86, 'Vision C 220 Bluetec Concept', NULL, NULL),
(3877, 86, 'Vision CLS Concept', NULL, NULL),
(3878, 86, 'Vision GLK Bluetec Hybrid Concept', NULL, NULL),
(3879, 86, 'Vision Grand Sports Tourer Concept', NULL, NULL),
(3880, 86, 'Vision GST Concept', NULL, NULL),
(3881, 86, 'Vision R 63 AMG', NULL, NULL),
(3882, 86, 'Vision SLA Concept', NULL, NULL),
(3883, 86, 'Vision SLR Concept', NULL, NULL),
(3884, 86, 'Vision SLR Roadster Concept', NULL, NULL),
(3885, 86, 'Vito', NULL, NULL),
(3886, 86, 'Vito E-Cell', NULL, NULL),
(3887, 87, 'Cougar C2', NULL, NULL),
(3888, 87, 'Cougar Zn', NULL, NULL),
(3889, 87, 'Marauder', NULL, NULL),
(3890, 87, 'Marauder Concept', NULL, NULL),
(3891, 87, 'Marauder Convertible Concept', NULL, NULL),
(3892, 87, 'Mariner Hybrid', NULL, NULL),
(3893, 87, 'Messenger Concept', NULL, NULL),
(3894, 87, 'Meta One Concept', NULL, NULL),
(3895, 87, 'Milan', NULL, NULL),
(3896, 87, 'Milan Hybrid', NULL, NULL),
(3897, 87, 'Milan Premier V6', NULL, NULL),
(3898, 87, 'Montego', NULL, NULL),
(3899, 87, 'Monterey Advance Trac', NULL, NULL),
(3900, 87, 'Mountaineer', NULL, NULL),
(3901, 87, 'Sable', NULL, NULL),
(3902, 88, 'E-Motion Concept', NULL, NULL),
(3903, 89, 'Baker Street', NULL, NULL),
(3904, 89, 'Bayswater', NULL, NULL),
(3905, 89, 'Beachcomber Concept', NULL, NULL),
(3906, 89, 'Countryman John Cooper Works', NULL, NULL),
(3907, 89, 'Clubman', NULL, NULL),
(3908, 89, 'Clubman John Cooper Works', NULL, NULL),
(3909, 89, 'Clubvan', NULL, NULL),
(3910, 89, 'Clubvan Concept', NULL, NULL),
(3911, 89, 'Concept Detroit', NULL, NULL),
(3912, 89, 'Concept Frankfurt', NULL, NULL),
(3913, 89, 'Concept Geneva', NULL, NULL),
(3914, 89, 'Concept Tokyo', NULL, NULL),
(3915, 89, 'Convertible Highgate', NULL, NULL),
(3916, 89, 'Cooper', NULL, NULL),
(3917, 89, 'Cooper Convertible', NULL, NULL),
(3918, 89, 'Cooper D', NULL, NULL),
(3919, 89, 'Cooper D Clubman', NULL, NULL),
(3920, 89, 'Cooper John Cooper Works', NULL, NULL),
(3921, 89, 'Cooper S', NULL, NULL),
(3922, 89, 'Cooper S Cabrio', NULL, NULL),
(3923, 89, 'Cooper S Convertible', NULL, NULL),
(3924, 89, 'Cooper S John Cooper Challenge', NULL, NULL),
(3925, 89, 'Cooper S John Cooper Works', NULL, NULL),
(3926, 89, 'Cooper S John Cooper Works GP Tuning Kit', NULL, NULL),
(3927, 89, 'Cooper S John Cooper Works Tuning Kit', NULL, NULL),
(3928, 89, 'Cooper S John Cooper Works with Aerodynamic Kit', NULL, NULL),
(3929, 89, 'Countryman', NULL, NULL),
(3930, 89, 'Coupe', NULL, NULL),
(3931, 89, 'Coupe Concept', NULL, NULL),
(3932, 89, 'Crossover Concept', NULL, NULL),
(3933, 89, 'E', NULL, NULL),
(3934, 89, 'John Cooper Works Challenge', NULL, NULL),
(3935, 89, 'John Cooper Works Convertible', NULL, NULL),
(3936, 89, 'John Cooper Works Coupe Endurance', NULL, NULL),
(3937, 89, 'John Cooper Works GP', NULL, NULL),
(3938, 89, 'Knightsbridge', NULL, NULL),
(3939, 89, 'One', NULL, NULL),
(3940, 89, 'One Clubman', NULL, NULL),
(3941, 89, 'One D', NULL, NULL),
(3942, 89, 'Paceman', NULL, NULL),
(3943, 89, 'Paceman Concept', NULL, NULL),
(3944, 89, 'Roadster', NULL, NULL),
(3945, 89, 'Roadster Concept', NULL, NULL),
(3946, 89, 'Rocketman Concept', NULL, NULL),
(3947, 89, 'Scooter E Concept', NULL, NULL),
(3948, 89, 'Seven', NULL, NULL),
(3949, 89, 'Versace Cabrio', NULL, NULL),
(3950, 89, 'WRC', NULL, NULL),
(3951, 89, 'XXL', NULL, NULL),
(3952, 90, 'ASX', NULL, NULL),
(3953, 90, 'Colt 5-door', NULL, NULL),
(3954, 90, 'Colt CZ3', NULL, NULL),
(3955, 90, 'Colt CZC', NULL, NULL),
(3956, 90, 'Colt CZC Turbo', NULL, NULL),
(3957, 90, 'Colt CZT', NULL, NULL),
(3958, 90, 'Concept-cX', NULL, NULL),
(3959, 90, 'Concept-ZT', NULL, NULL),
(3960, 90, 'CUV', NULL, NULL),
(3961, 90, 'Eclipse GT', NULL, NULL),
(3962, 90, 'Eclipse Spyder', NULL, NULL),
(3963, 90, 'Eclipse Spyder GT', NULL, NULL),
(3964, 90, 'Endeavor SE', NULL, NULL),
(3965, 90, 'Outlander GT Concept', NULL, NULL),
(3966, 90, 'Lancer Sportback Ralliart', NULL, NULL),
(3967, 90, 'Galant', NULL, NULL),
(3968, 90, 'Lancer Ralliart', NULL, NULL),
(3969, 90, 'Galant Fortis Ralliart', NULL, NULL),
(3970, 90, 'Galant Ralliart', NULL, NULL),
(3971, 90, 'i MiEV Concept', NULL, NULL),
(3972, 90, 'i MiEV Sport Air Concept', NULL, NULL),
(3973, 90, 'Colt', NULL, NULL),
(3974, 90, 'Racing Lancer', NULL, NULL),
(3975, 90, 'i-MiEV', NULL, NULL),
(3976, 90, 'i-MiEV US Version', NULL, NULL),
(3977, 90, 'L200 Club Cab', NULL, NULL),
(3978, 90, 'L200 Double Cab', NULL, NULL),
(3979, 90, 'L200 Single Cab', NULL, NULL),
(3980, 90, 'Lancer', NULL, NULL),
(3981, 90, 'Lancer ES', NULL, NULL),
(3982, 90, 'Lancer Evolution MR', NULL, NULL),
(3983, 90, 'Lancer Evolution X', NULL, NULL),
(3984, 90, 'Lancer Evolution X FQ-400', NULL, NULL),
(3985, 90, 'Lancer Sportback', NULL, NULL),
(3986, 90, 'Outlander', NULL, NULL),
(3987, 90, 'Outlander ES', NULL, NULL),
(3988, 90, 'Outlander GT', NULL, NULL),
(3989, 90, 'Outlander SE', NULL, NULL),
(3990, 90, 'Outlander Sport', NULL, NULL),
(3991, 90, 'Outlander Urban', NULL, NULL),
(3992, 90, 'Pajero European Specs', NULL, NULL),
(3993, 90, 'Pajero Evolution', NULL, NULL),
(3994, 90, 'Prototype X Concept', NULL, NULL),
(3995, 90, 'Prototype-S Concept', NULL, NULL),
(3996, 90, 'PX-MiEV Concept', NULL, NULL),
(3997, 90, 'RA Concept', NULL, NULL),
(3998, 90, 'Eclipse GS', NULL, NULL),
(3999, 90, 'Raider DuroCross', NULL, NULL),
(4000, 90, 'Raider LS', NULL, NULL),
(4001, 90, 'Raider XLS', NULL, NULL),
(4002, 90, 'Raider XLS V8', NULL, NULL),
(4003, 90, 'RVR', NULL, NULL),
(4004, 90, 'Shogun', NULL, NULL),
(4005, 90, 'Raider DuroCross V8', NULL, NULL),
(4006, 90, 'Outlander Concept', NULL, NULL),
(4007, 90, 'Lancer Evolution IX SE', NULL, NULL),
(4008, 90, 'Galant GTS', NULL, NULL),
(4009, 90, 'Evolander Concept', NULL, NULL),
(4010, 90, 'Endeavor LTD', NULL, NULL),
(4011, 90, 'Eclipse GT V6', NULL, NULL),
(4012, 90, 'Concept-CT', NULL, NULL),
(4013, 90, 'Street Raider Concept', NULL, NULL),
(4014, 90, 'Montero GLS 5door European Version', NULL, NULL),
(4015, 90, 'Montero GLS 3door European Version', NULL, NULL),
(4016, 90, 'Montero', NULL, NULL),
(4017, 90, 'Lancer Evolution Wagon GT', NULL, NULL),
(4018, 90, 'Lancer Evolution VIII MR', NULL, NULL),
(4019, 90, 'Lancer Evolution IX', NULL, NULL),
(4020, 90, 'Eclipse Ralliart Concept', NULL, NULL),
(4021, 90, 'Concept-X', NULL, NULL),
(4022, 90, 'Concept-Sportback', NULL, NULL),
(4023, 90, 'Colt Diesel', NULL, NULL),
(4024, 90, 'Sport Truck Concept', NULL, NULL),
(4025, 90, 'Outlander Turbo European Version', NULL, NULL),
(4026, 90, 'Montero Sport', NULL, NULL),
(4027, 90, 'Lancer Sportback LS', NULL, NULL),
(4028, 90, 'Lancer Evolution VIII European Version', NULL, NULL),
(4029, 90, 'Lancer Evolution RS', NULL, NULL),
(4030, 90, 'Grandis European Version', NULL, NULL),
(4031, 90, 'Galant Ralliart Concept', NULL, NULL),
(4032, 90, 'Endeavor Ralliart Concept', NULL, NULL),
(4033, 90, 'Endeavor', NULL, NULL),
(4034, 90, 'Eclipse ConceptE', NULL, NULL),
(4035, 90, 'Diamante', NULL, NULL),
(4036, 90, 'i Concept', NULL, NULL),
(4037, 90, 'Outlander European Version', NULL, NULL),
(4038, 90, 'Lancer Evolution', NULL, NULL),
(4039, 90, 'Eclipse', NULL, NULL),
(4040, 91, 'Galue 204', NULL, NULL),
(4041, 91, 'Viewt', NULL, NULL),
(4042, 91, 'Ryoga', NULL, NULL),
(4043, 91, 'Orochi Concept', NULL, NULL),
(4044, 91, 'Galue II', NULL, NULL),
(4045, 91, 'Nouera', NULL, NULL),
(4046, 91, 'New Galue', NULL, NULL),
(4047, 91, 'Micro Car', NULL, NULL),
(4048, 91, 'Le-Seyde', NULL, NULL),
(4049, 91, 'Le-Seyde Convertible Concept', NULL, NULL),
(4050, 91, 'TX-I', NULL, NULL),
(4051, 91, 'Zero', NULL, NULL),
(4052, 91, 'Yuga', NULL, NULL),
(4053, 91, 'Galue', NULL, NULL),
(4054, 91, 'Viewt', NULL, NULL),
(4055, 91, 'Type F', NULL, NULL),
(4056, 91, 'Ray', NULL, NULL),
(4057, 92, 'Plus 8', NULL, NULL),
(4058, 92, 'Roadster', NULL, NULL),
(4059, 92, 'Plus E Concept', NULL, NULL),
(4060, 92, 'Plus 4', NULL, NULL),
(4061, 92, 'EvaGT', NULL, NULL),
(4062, 92, 'Aero Coupe', NULL, NULL),
(4063, 92, '4-4', NULL, NULL),
(4064, 92, '3 Wheeler', NULL, NULL),
(4065, 92, '4-4 75th Anniversary', NULL, NULL),
(4066, 92, 'SuperSports Junior', NULL, NULL),
(4067, 92, 'Aero SuperSports', NULL, NULL),
(4068, 92, 'LifeCar Concept', NULL, NULL),
(4069, 92, 'Aero 8', NULL, NULL),
(4070, 92, '70th Anniversary', NULL, NULL),
(4071, 92, '4-Seater', NULL, NULL),
(4072, 92, 'Aeromax', NULL, NULL),
(4073, 92, 'Aero 8', NULL, NULL),
(4074, 92, 'plus 4', NULL, NULL),
(4075, 92, 'Roadster 3.0 V6', NULL, NULL),
(4076, 93, 'Nissan 370Z', NULL, NULL),
(4077, 93, 'Nissan Skyline R34 GTR Z Tune', NULL, NULL),
(4078, 93, 'Nissan Frontier King Cab', NULL, NULL),
(4079, 93, 'Nissan Frontier Crew Cab', NULL, NULL),
(4080, 93, 'Police Nissan 350Z', NULL, NULL),
(4081, 93, 'Nissan Titan Concept', NULL, NULL),
(4082, 93, 'Nissan Sentra', NULL, NULL),
(4083, 93, 'Nissan Altima S-Tune', NULL, NULL),
(4084, 93, 'Nissan Altima R-Tune', NULL, NULL),
(4085, 93, 'Nissan 350Z Drift Car', NULL, NULL),
(4086, 93, 'Nissan 350Z', NULL, NULL),
(4087, 94, '350Z', NULL, NULL),
(4088, 94, '370Z', NULL, NULL),
(4089, 94, '370Z GT Edition', NULL, NULL),
(4090, 94, '370Z Roadster', NULL, NULL),
(4091, 94, 'Almera', NULL, NULL),
(4092, 94, 'Altima', NULL, NULL),
(4093, 94, 'Altima Coupe', NULL, NULL),
(4094, 94, 'TeRRA Concept', NULL, NULL),
(4095, 94, 'Altima Hybrid', NULL, NULL),
(4096, 94, 'Altima Sedan', NULL, NULL),
(4097, 94, 'Bevel Concept', NULL, NULL),
(4098, 94, 'Cube', NULL, NULL),
(4099, 94, 'Denki Cube Concept', NULL, NULL),
(4100, 94, 'Ellure Concept', NULL, NULL),
(4101, 94, 'e-NV200 Concept', NULL, NULL),
(4102, 94, 'Extrem Concept', NULL, NULL),
(4103, 94, 'Forum Concept', NULL, NULL),
(4104, 94, 'Frontier', NULL, NULL),
(4105, 94, 'Invitation Concept', NULL, NULL),
(4106, 94, 'GT-R', NULL, NULL),
(4107, 94, 'GT-R Egoist', NULL, NULL),
(4108, 94, 'GT-R GT500 Race car', NULL, NULL),
(4109, 94, 'GT-R SpecV', NULL, NULL),
(4110, 94, 'GT-R Track Pack', NULL, NULL),
(4111, 94, 'Hi-Cross Concept', NULL, NULL),
(4112, 94, 'Juke', NULL, NULL),
(4113, 94, 'Juke Ministry of Sound', NULL, NULL),
(4114, 94, 'Juke Nismo', NULL, NULL),
(4115, 94, 'Juke Nismo Concept', NULL, NULL),
(4116, 94, 'Juke Shiro', NULL, NULL),
(4117, 94, 'Juke-R Concept', NULL, NULL),
(4118, 94, 'Land Glider Concept', NULL, NULL),
(4119, 94, 'LEAF', NULL, NULL),
(4120, 94, 'Leaf Nismo RC Concept', NULL, NULL),
(4121, 94, 'Maxima', NULL, NULL),
(4122, 94, 'Esflow Concept', NULL, NULL),
(4123, 94, 'Micra', NULL, NULL),
(4124, 94, 'Micra Colour Plus', NULL, NULL),
(4125, 94, 'Micra DIG-S', NULL, NULL),
(4126, 94, 'Micra ELLE', NULL, NULL),
(4127, 94, 'Murano', NULL, NULL),
(4128, 94, 'Murano CrossCabriolet', NULL, NULL),
(4129, 94, 'Navara', NULL, NULL),
(4130, 94, 'Note', NULL, NULL),
(4131, 94, 'Nuvu Concept', NULL, NULL),
(4132, 94, 'NV200', NULL, NULL),
(4133, 94, 'NV200 Taxi', NULL, NULL),
(4134, 94, '370Z Black Edition', NULL, NULL),
(4135, 94, 'NV2500 Concept', NULL, NULL),
(4136, 94, 'Qazana Concept', NULL, NULL),
(4137, 94, 'Qashqai+2', NULL, NULL),
(4138, 94, 'Pathfinder', NULL, NULL),
(4139, 94, 'Pathfinder Concept', NULL, NULL),
(4140, 94, 'Patrol', NULL, NULL),
(4141, 94, 'Pickup', NULL, NULL),
(4142, 94, 'Pivo 2 Concept', NULL, NULL),
(4143, 94, 'Pivo 3 Concept', NULL, NULL),
(4144, 94, 'Pixo', NULL, NULL),
(4145, 94, 'Primera', NULL, NULL),
(4146, 94, 'Qashqai', NULL, NULL),
(4147, 94, 'Quest', NULL, NULL),
(4148, 94, 'Rogue', NULL, NULL),
(4149, 94, 'Versa Sedan', NULL, NULL),
(4150, 94, 'Versa Hatchback', NULL, NULL),
(4151, 94, 'Round Box Concept', NULL, NULL),
(4152, 94, 'Sentra', NULL, NULL),
(4153, 94, 'Sentra SE-R', NULL, NULL),
(4154, 94, 'NV200 Concept', NULL, NULL),
(4155, 94, 'Mixim Concept', NULL, NULL),
(4156, 94, 'Sport Concept', NULL, NULL),
(4157, 94, 'Intima Concept', NULL, NULL),
(4158, 94, 'Sunny', NULL, NULL),
(4159, 94, 'Sylphy Concept', NULL, NULL),
(4160, 94, 'Terrano', NULL, NULL),
(4161, 94, 'Tiida', NULL, NULL),
(4162, 94, 'Terranaut Concept', NULL, NULL),
(4163, 94, 'Townpod Concept', NULL, NULL),
(4164, 94, 'Urge Concept', NULL, NULL),
(4165, 94, 'Xterra', NULL, NULL),
(4166, 94, 'X-Trail', NULL, NULL),
(4167, 94, 'Pivo Concept', NULL, NULL),
(4168, 94, 'Zaroot Concept', NULL, NULL),
(4169, 94, 'Zaroot Concept 2', NULL, NULL),
(4170, 94, 'Pathfinder EUR', NULL, NULL),
(4171, 94, 'Micra C+C', NULL, NULL),
(4172, 94, 'Micra 160SR', NULL, NULL),
(4173, 94, 'Lafesta', NULL, NULL),
(4174, 94, 'GT-R PROTO Concept', NULL, NULL),
(4175, 94, 'Foria Concept', NULL, NULL),
(4176, 94, 'Amenio Concept', NULL, NULL),
(4177, 94, 'Altima SER', NULL, NULL),
(4178, 94, 'Almera Tino', NULL, NULL),
(4179, 94, 'AZEAL Concept', NULL, NULL),
(4180, 94, '350Z Roadster EUR', NULL, NULL),
(4181, 94, '350Z EUR', NULL, NULL),
(4182, 94, '350Z 35th Anniversary', NULL, NULL),
(4183, 94, 'Tone Concept', NULL, NULL),
(4184, 94, 'Titan', NULL, NULL),
(4185, 94, 'Qashqai Concept', NULL, NULL),
(4186, 94, 'Pathfinder Armada SE', NULL, NULL),
(4187, 94, 'Pathfinder Armada', NULL, NULL),
(4188, 94, 'Fuga 350GT', NULL, NULL),
(4189, 94, 'Fairlady Z Roadster', NULL, NULL),
(4190, 94, 'Actic Concept', NULL, NULL),
(4191, 94, '350Z Roadster', NULL, NULL),
(4192, 94, 'Teana', NULL, NULL),
(4193, 94, 'Skyline', NULL, NULL),
(4194, 94, 'Jikoo Concept', NULL, NULL),
(4195, 94, 'Fuga Concept', NULL, NULL),
(4196, 94, 'Effis Concept', NULL, NULL),
(4197, 94, 'Dunehawk Concept', NULL, NULL),
(4198, 94, '350Z', NULL, NULL),
(4199, 94, 'Yanya Concept', NULL, NULL),
(4200, 94, 'XTrail S', NULL, NULL),
(4201, 94, 'XTrail GT', NULL, NULL),
(4202, 94, 'XTrail', NULL, NULL),
(4203, 94, 'Quest Concept', NULL, NULL),
(4204, 94, 'Micra C+C Concept', NULL, NULL),
(4205, 94, 'Beeline Concept', NULL, NULL),
(4206, 94, 'GT-R Concept', NULL, NULL),
(4207, 94, 'Chappo Concept', NULL, NULL),
(4208, 94, 'Skyline GT-R V-spec II', NULL, NULL),
(4209, 94, 'Fusion Concept', NULL, NULL),
(4210, 94, '240Z', NULL, NULL),
(4211, 95, 'M600', NULL, NULL),
(4212, 95, 'M15', NULL, NULL),
(4213, 95, 'M400', NULL, NULL),
(4214, 95, 'M14', NULL, NULL),
(4215, 95, 'M12 GTO 3R', NULL, NULL),
(4216, 96, 'C113 Prototype', NULL, NULL),
(4217, 97, '442', NULL, NULL),
(4218, 97, 'Aerotech Concept', NULL, NULL),
(4219, 97, 'Intrigue', NULL, NULL),
(4220, 97, 'Bravada Indy Pace Car', NULL, NULL),
(4221, 97, 'Alero', NULL, NULL),
(4222, 97, 'Alero GL', NULL, NULL),
(4223, 97, 'Alero Concept', NULL, NULL),
(4224, 97, 'Alero OSV', NULL, NULL),
(4225, 97, 'Aurora', NULL, NULL),
(4226, 97, 'Aurora Indy Pace Car', NULL, NULL),
(4227, 97, 'Intrigue OSV', NULL, NULL),
(4228, 97, 'Bravada', NULL, NULL),
(4229, 97, 'Cutlass', NULL, NULL),
(4230, 97, 'Cutlass S', NULL, NULL),
(4231, 97, 'Profile Concept', NULL, NULL),
(4232, 97, 'Recon Concept', NULL, NULL),
(4233, 97, 'Silhouette', NULL, NULL),
(4234, 97, 'Silhouette OSV', NULL, NULL),
(4235, 98, 'Adam', NULL, NULL),
(4236, 98, 'Agila', NULL, NULL),
(4237, 98, 'Ampera', NULL, NULL),
(4238, 98, 'Antara', NULL, NULL),
(4239, 98, 'Antara GTC Concept', NULL, NULL),
(4240, 98, 'Astra', NULL, NULL),
(4241, 98, 'Astra GTC', NULL, NULL),
(4242, 98, 'Astra GTC with Panoramic Roof', NULL, NULL),
(4243, 98, 'Astra High Performance Concept', NULL, NULL),
(4244, 98, 'Astra OPC', NULL, NULL),
(4245, 98, 'Astra Sedan', NULL, NULL),
(4246, 98, 'Astra Sports Tourer', NULL, NULL),
(4247, 98, 'Astra Station Wagon', NULL, NULL),
(4248, 98, 'Astra TwinTop', NULL, NULL),
(4249, 98, 'Cascada', NULL, NULL),
(4250, 98, 'Combo', NULL, NULL),
(4251, 98, 'Concept M', NULL, NULL),
(4252, 98, 'Corsa', NULL, NULL),
(4253, 98, 'Corsa 5-door', NULL, NULL),
(4254, 98, 'Corsa GSi', NULL, NULL),
(4255, 98, 'Corsa Hybrid Concept', NULL, NULL),
(4256, 98, 'Corsa OPC', NULL, NULL),
(4257, 98, 'Corsa OPC Nurburgring Edition', NULL, NULL),
(4258, 98, 'CorsaVan Concept', NULL, NULL),
(4259, 98, 'Eco Speedster Concept', NULL, NULL),
(4260, 98, 'Flextreme Concept', NULL, NULL),
(4261, 98, 'Flextreme GT-E Concept', NULL, NULL),
(4262, 98, 'GT', NULL, NULL),
(4263, 98, 'GTC Concept', NULL, NULL),
(4264, 98, 'GTC Geneva Concept', NULL, NULL),
(4265, 98, 'GTC Paris Concept', NULL, NULL),
(4266, 98, 'GTW Geneve Concept', NULL, NULL),
(4267, 98, 'Insignia', NULL, NULL),
(4268, 98, 'Insignia Concept', NULL, NULL),
(4269, 98, 'Insignia Hatchback', NULL, NULL),
(4270, 98, 'Insignia OPC', NULL, NULL),
(4271, 98, 'Insignia OPC Sports Tourer', NULL, NULL),
(4272, 98, 'Insignia Sports Tourer', NULL, NULL),
(4273, 98, 'Kadett Roadster', NULL, NULL),
(4274, 98, 'Kapitan', NULL, NULL),
(4275, 98, 'Meriva', NULL, NULL),
(4276, 98, 'Meriva Concept', NULL, NULL),
(4277, 98, 'Meriva OPC', NULL, NULL),
(4278, 98, 'Mokka', NULL, NULL),
(4279, 98, 'RAK e Concept', NULL, NULL),
(4280, 98, 'Signum', NULL, NULL),
(4281, 98, 'Signum 3.0 DTI', NULL, NULL),
(4282, 98, 'Signum 3.2 V6', NULL, NULL),
(4283, 98, 'Signum V6 CDTI', NULL, NULL),
(4284, 98, 'Speedster Turbo', NULL, NULL),
(4285, 98, 'Tigra Twin Top 1.8', NULL, NULL),
(4286, 98, 'TRIXX Concept', NULL, NULL),
(4287, 98, 'Vectra', NULL, NULL),
(4288, 98, 'Vectra Caravan', NULL, NULL),
(4289, 98, 'Vectra Caravan OPC', NULL, NULL),
(4290, 98, 'Vectra GTS', NULL, NULL),
(4291, 98, 'Vectra OPC', NULL, NULL),
(4292, 98, 'Vectra OPC Twin Turbo', NULL, NULL),
(4293, 98, 'Zafira', NULL, NULL),
(4294, 98, 'Zafira CNG', NULL, NULL),
(4295, 98, 'Zafira OPC', NULL, NULL),
(4296, 98, 'Zafira Tourer', NULL, NULL),
(4297, 98, 'Zafira Tourer Concept', NULL, NULL),
(4298, 99, 'Speedster II', NULL, NULL),
(4299, 99, 'Hemera', NULL, NULL),
(4300, 99, 'Cevennes Ultimate Black', NULL, NULL),
(4301, 99, 'Roadster', NULL, NULL),
(4302, 99, 'Hemera', NULL, NULL),
(4303, 99, 'Cevennes', NULL, NULL),
(4304, 100, 'Huayra', NULL, NULL),
(4305, 100, 'Zonda Tricolore', NULL, NULL),
(4306, 100, 'Zonda Cinque Roadster', NULL, NULL),
(4307, 100, 'Zonda R', NULL, NULL),
(4308, 100, 'Zonda Cinque', NULL, NULL),
(4309, 100, 'Zonda R', NULL, NULL),
(4310, 100, 'Zonda Roadster F', NULL, NULL),
(4311, 100, 'Zonda F', NULL, NULL),
(4312, 100, 'Zonda C12-S Roadster', NULL, NULL),
(4313, 101, 'Esperante Jan Magnussen Edition', NULL, NULL),
(4314, 102, '107', NULL, NULL),
(4315, 102, '107', NULL, NULL),
(4316, 102, '206', NULL, NULL),
(4317, 102, '207', NULL, NULL),
(4318, 102, '301', NULL, NULL),
(4319, 102, '208', NULL, NULL),
(4320, 102, '107 3-door', NULL, NULL),
(4321, 102, '307', NULL, NULL),
(4322, 102, 'RCZ R Concept', NULL, NULL),
(4323, 102, 'Onyx Concept', NULL, NULL),
(4324, 102, '308', NULL, NULL),
(4325, 102, '407', NULL, NULL),
(4326, 102, '3008 HYbrid4', NULL, NULL),
(4327, 102, '408', NULL, NULL),
(4328, 102, '208 GTi Concept', NULL, NULL),
(4329, 102, '508', NULL, NULL),
(4330, 102, '607', NULL, NULL),
(4331, 102, 'SXC Concept', NULL, NULL),
(4332, 102, '807', NULL, NULL),
(4333, 102, 'Hoggar', NULL, NULL),
(4334, 102, '1007', NULL, NULL),
(4335, 102, '3008', NULL, NULL),
(4336, 102, '508 China', NULL, NULL),
(4337, 102, '4007', NULL, NULL),
(4338, 102, '4008', NULL, NULL),
(4339, 102, '308 GTi', NULL, NULL),
(4340, 102, 'SR1 Concept', NULL, NULL),
(4341, 102, '5008', NULL, NULL),
(4342, 102, '1007 D-Day Concept', NULL, NULL),
(4343, 102, '1007 RC Concept', NULL, NULL),
(4344, 102, '2008 Concept', NULL, NULL),
(4345, 102, '407 Coupe', NULL, NULL),
(4346, 102, '206 CC', NULL, NULL),
(4347, 102, '206 HDi', NULL, NULL),
(4348, 102, '206 Plus', NULL, NULL),
(4349, 102, '206 Sedan', NULL, NULL),
(4350, 102, '206 SW', NULL, NULL),
(4351, 102, 'Ion Concept', NULL, NULL),
(4352, 102, '206 SW Concept', NULL, NULL),
(4353, 102, '206 SW HDi', NULL, NULL),
(4354, 102, '207 CC', NULL, NULL),
(4355, 102, '207 epure Concept', NULL, NULL),
(4356, 102, '207 RC', NULL, NULL),
(4357, 102, '207 Serie 64', NULL, NULL),
(4358, 102, '207 Spider Concept', NULL, NULL),
(4359, 102, '207 SW', NULL, NULL),
(4360, 102, '207 SW Outdoor Concept', NULL, NULL),
(4361, 102, '908HY', NULL, NULL),
(4362, 102, '207 SW RC', NULL, NULL),
(4363, 102, '208 GTi', NULL, NULL),
(4364, 102, '208 R5 Rally car', NULL, NULL),
(4365, 102, '208 XY Concept', NULL, NULL),
(4366, 102, '20Cup Concept', NULL, NULL),
(4367, 102, '307 Cameleo Concept', NULL, NULL),
(4368, 102, '307 CC', NULL, NULL),
(4369, 102, '307 CC Hybride HDi Concept', NULL, NULL),
(4370, 102, '307 Sedan 2.0', NULL, NULL),
(4371, 102, '307 SW', NULL, NULL),
(4372, 102, '307 SW Concept', NULL, NULL),
(4373, 102, '307CC Concept', NULL, NULL),
(4374, 102, '308 CC', NULL, NULL),
(4375, 102, '308 GT THP 175', NULL, NULL),
(4376, 102, '308 RC Z Concept', NULL, NULL),
(4377, 102, '308 SW', NULL, NULL),
(4378, 102, '308 SW Prologue Concept', NULL, NULL),
(4379, 102, '4002 Concept', NULL, NULL),
(4380, 102, '207 RCup Concept', NULL, NULL),
(4381, 102, '4007 Holland and Holland Concept', NULL, NULL),
(4382, 102, '406 CC', NULL, NULL),
(4383, 102, '406 Coupe', NULL, NULL),
(4384, 102, '406 Estate', NULL, NULL),
(4385, 102, '406 Rapier', NULL, NULL),
(4386, 102, '406 Sedan', NULL, NULL),
(4387, 102, '407 Elixir Concept', NULL, NULL),
(4388, 102, '407 Prologue Concept', NULL, NULL),
(4389, 102, '407 Silhouette Concept', NULL, NULL),
(4390, 102, '407 SW', NULL, NULL),
(4391, 102, '5 Concept', NULL, NULL),
(4392, 102, '508 RXH', NULL, NULL),
(4393, 102, '508 SW', NULL, NULL),
(4394, 102, '607 Feline Concept', NULL, NULL),
(4395, 102, '607 Paladine Concept', NULL, NULL),
(4396, 102, '607 Pescarolo Concept', NULL, NULL),
(4397, 102, '807 Grand Tourisme Concept', NULL, NULL),
(4398, 102, '907 Concept', NULL, NULL),
(4399, 102, '908 RC Concept', NULL, NULL),
(4400, 102, '908 V12 HDi DPFS', NULL, NULL),
(4401, 102, 'BB1 Concept', NULL, NULL),
(4402, 102, 'Bipper Tepee', NULL, NULL),
(4403, 102, 'EX1 Concept', NULL, NULL),
(4404, 102, 'Flux Concept', NULL, NULL),
(4405, 102, 'Hoggar Concept', NULL, NULL),
(4406, 102, 'HR1 Concept', NULL, NULL),
(4407, 102, 'HX1 Concept', NULL, NULL),
(4408, 102, 'HYbrid3 Evolution Concept', NULL, NULL),
(4409, 102, 'HYmotion3 Compressor Concept', NULL, NULL),
(4410, 102, 'iOn', NULL, NULL),
(4411, 102, 'Moonster Concept', NULL, NULL),
(4412, 102, 'Moovie Concept', NULL, NULL),
(4413, 102, 'Prologue HYmotion4 Concept', NULL, NULL),
(4414, 102, 'Promethee Concept', NULL, NULL),
(4415, 102, 'Quark Concept', NULL, NULL),
(4416, 102, 'RC Concept', NULL, NULL),
(4417, 102, 'RCZ', NULL, NULL),
(4418, 102, 'RCZ Coupe', NULL, NULL),
(4419, 102, 'RD Concept', NULL, NULL),
(4420, 102, 'Sesame Concept', NULL, NULL),
(4421, 102, 'Urban Crossover Concept', NULL, NULL),
(4422, 103, 'Cambiano', NULL, NULL),
(4423, 103, 'Nido EV', NULL, NULL),
(4424, 103, 'B0', NULL, NULL),
(4425, 103, 'Sintesi Concept', NULL, NULL),
(4426, 103, 'Rolls-Royce Hyperion', NULL, NULL),
(4427, 103, 'Ferrari P4-5', NULL, NULL),
(4428, 103, 'Enjoy', NULL, NULL),
(4429, 104, 'Hemi Barracuda', NULL, NULL),
(4430, 105, 'Aztek', NULL, NULL),
(4431, 105, 'Aztek Rally', NULL, NULL),
(4432, 105, 'Banshee', NULL, NULL),
(4433, 105, 'Bonneville', NULL, NULL),
(4434, 105, 'Bonneville GXP', NULL, NULL),
(4435, 105, 'G6 Convertible', NULL, NULL),
(4436, 105, 'Firebird', NULL, NULL),
(4437, 105, 'G8 GT Show Car', NULL, NULL),
(4438, 105, 'G3', NULL, NULL),
(4439, 105, 'G6', NULL, NULL),
(4440, 105, 'G6 Concept', NULL, NULL),
(4441, 105, 'G6 Coupe', NULL, NULL),
(4442, 105, 'Solstice', NULL, NULL),
(4443, 105, 'G6 GT', NULL, NULL),
(4444, 105, 'G6 GTP Convertible', NULL, NULL),
(4445, 105, 'G6 GTP Coupe', NULL, NULL),
(4446, 105, 'G6 GXP Show Car', NULL, NULL),
(4447, 105, 'G8 GT', NULL, NULL),
(4448, 105, 'G8 GXP', NULL, NULL),
(4449, 105, 'G8 Sport Truck', NULL, NULL),
(4450, 105, 'Grand Am GT Coupe', NULL, NULL),
(4451, 105, 'Grand Am GXP', NULL, NULL),
(4452, 105, 'Grand Prix', NULL, NULL),
(4453, 105, 'Grand Prix G-Force Concept', NULL, NULL),
(4454, 105, 'Grand Prix GTP', NULL, NULL),
(4455, 105, 'Grand Prix GXP', NULL, NULL),
(4456, 105, 'GTO', NULL, NULL),
(4457, 105, 'Grand Am SE Sedan', NULL, NULL),
(4458, 105, 'GTO 5.7', NULL, NULL),
(4459, 105, 'GTO Concept', NULL, NULL),
(4460, 105, 'Montana', NULL, NULL),
(4461, 105, 'Firebird Trans Am Edition', NULL, NULL),
(4462, 105, 'Montana SV6', NULL, NULL),
(4463, 105, 'Sunfire HO', NULL, NULL),
(4464, 105, 'Montana Thunder', NULL, NULL),
(4465, 105, 'Rageous Concept', NULL, NULL),
(4466, 105, 'REV Concept', NULL, NULL),
(4467, 105, 'Grand Am', NULL, NULL),
(4468, 105, 'Solstice Concept', NULL, NULL),
(4469, 105, 'Aztek SRV', NULL, NULL),
(4470, 105, 'Solstice Coupe', NULL, NULL),
(4471, 105, 'Piranha Concept', NULL, NULL),
(4472, 105, 'Solstice GXP', NULL, NULL),
(4473, 105, 'Solstice SD-290 Concept', NULL, NULL),
(4474, 105, 'Stinger', NULL, NULL),
(4475, 105, 'Sunfire', NULL, NULL),
(4476, 105, 'Sunfire Accessorized', NULL, NULL),
(4477, 105, 'Sunfire American Tuner', NULL, NULL),
(4478, 105, 'Sunfire Coupe', NULL, NULL),
(4479, 105, 'Sunfire GXP', NULL, NULL),
(4480, 105, 'Torrent', NULL, NULL),
(4481, 105, 'Vibe', NULL, NULL),
(4482, 105, 'Vibe GT', NULL, NULL),
(4483, 106, '356', NULL, NULL),
(4484, 106, '901', NULL, NULL),
(4485, 106, '959', NULL, NULL),
(4486, 106, '356 No 1', NULL, NULL),
(4487, 106, '550 Spyder', NULL, NULL),
(4488, 106, '911 Black Edition', NULL, NULL),
(4489, 106, '911 Carrera', NULL, NULL),
(4490, 106, '911 Carrera 2 Cabrio', NULL, NULL),
(4491, 106, '911 Carrera 4', NULL, NULL),
(4492, 106, '911 Carrera 4 Cabriolet', NULL, NULL),
(4493, 106, '911 Carrera 4 Coupe', NULL, NULL),
(4494, 106, '911 Carrera 4 GTS', NULL, NULL),
(4495, 106, '911 Carrera 4S', NULL, NULL),
(4496, 106, '911 Carrera 4S Cabriolet', NULL, NULL),
(4497, 106, '911 Carrera 4S Coupe', NULL, NULL),
(4498, 106, '911 Carrera Cabriolet', NULL, NULL),
(4499, 106, '911 Carrera Coupe', NULL, NULL),
(4500, 106, '911 Carrera GTS', NULL, NULL),
(4501, 106, '911 Carrera GTS Cabriolet', NULL, NULL),
(4502, 106, '911 Carrera RS', NULL, NULL),
(4503, 106, '911 Carrera S', NULL, NULL),
(4504, 106, '911 Carrera S Cabriolet', NULL, NULL),
(4505, 106, '911 Carrera S Coupe', NULL, NULL),
(4506, 106, '911 GT2', NULL, NULL),
(4507, 106, '911 GT2 RS', NULL, NULL),
(4508, 106, '911 GT3', NULL, NULL),
(4509, 106, '911 GT3 Cup', NULL, NULL),
(4510, 106, '911 GT3 R', NULL, NULL),
(4511, 106, '911 GT3 R Hybrid', NULL, NULL),
(4512, 106, '911 GT3 R Hybrid 2.0', NULL, NULL),
(4513, 106, '911 GT3 RS', NULL, NULL),
(4514, 106, '911 GT3 RS 4.0', NULL, NULL),
(4515, 106, '911 GT3 RSR', NULL, NULL),
(4516, 106, '911 Speedster', NULL, NULL),
(4517, 106, '911 Sport Classic', NULL, NULL),
(4518, 106, '911 Targa', NULL, NULL),
(4519, 106, '911 Targa 4', NULL, NULL),
(4520, 106, '911 Targa 4S', NULL, NULL),
(4521, 106, '911 Turbo', NULL, NULL),
(4522, 106, '911 Turbo Cabriolet', NULL, NULL),
(4523, 106, '911 Turbo Coupe', NULL, NULL),
(4524, 106, '911 Turbo S', NULL, NULL),
(4525, 106, '911 Turbo S Cabriolet', NULL, NULL),
(4526, 106, '918 RSR Concept', NULL, NULL),
(4527, 106, '918 Spyder Concept', NULL, NULL),
(4528, 106, '918 Spyder Prototype', NULL, NULL),
(4529, 106, '930 Turbo', NULL, NULL),
(4530, 106, '964 Speedster', NULL, NULL),
(4531, 106, '968 Cabriolet', NULL, NULL),
(4532, 106, '968 Sport', NULL, NULL),
(4533, 106, 'Boxster', NULL, NULL),
(4534, 106, 'Boxster RS 60 Spyder', NULL, NULL),
(4535, 106, 'Boxster S', NULL, NULL),
(4536, 106, 'Boxster S Black Edition', NULL, NULL),
(4537, 106, 'Boxster Spyder', NULL, NULL),
(4538, 106, 'Carrera GT', NULL, NULL),
(4539, 106, 'Cayenne', NULL, NULL),
(4540, 106, 'Cayenne Diesel', NULL, NULL),
(4541, 106, 'Cayenne GTS', NULL, NULL),
(4542, 106, 'Cayenne Hybrid', NULL, NULL),
(4543, 106, 'Cayenne S', NULL, NULL),
(4544, 106, 'Cayenne S Diesel', NULL, NULL),
(4545, 106, 'Cayenne S Hybrid', NULL, NULL),
(4546, 106, 'Cayenne S Titanium', NULL, NULL),
(4547, 106, 'Cayenne S Transsyberia', NULL, NULL),
(4548, 106, 'Cayenne Turbo', NULL, NULL),
(4549, 106, 'Cayenne Turbo S', NULL, NULL),
(4550, 106, 'Cayman', NULL, NULL),
(4551, 106, 'Cayman R', NULL, NULL),
(4552, 106, 'Cayman S', NULL, NULL),
(4553, 106, 'Cayman S Black Edition', NULL, NULL),
(4554, 106, 'Cayman S Design Edition 1', NULL, NULL),
(4555, 106, 'Cayman S Sport', NULL, NULL),
(4556, 106, 'GT3 RSR', NULL, NULL),
(4557, 106, 'Panamera', NULL, NULL),
(4558, 106, 'Panamera Diesel', NULL, NULL),
(4559, 106, 'Panamera GTS', NULL, NULL),
(4560, 106, 'Panamera Platinum Edition', NULL, NULL),
(4561, 106, 'Panamera S Hybrid', NULL, NULL),
(4562, 106, 'Panamera Sport Turismo Concept', NULL, NULL),
(4563, 106, 'Panamera Turbo S', NULL, NULL),
(4564, 107, 'Savvy', NULL, NULL),
(4565, 107, 'Satria Neo', NULL, NULL),
(4566, 107, 'GEN-2 Persona', NULL, NULL),
(4567, 107, 'GEN-2', NULL, NULL),
(4568, 107, 'Impian', NULL, NULL),
(4569, 107, 'GEN-2', NULL, NULL),
(4570, 108, 'ZOE', NULL, NULL),
(4571, 108, '6', NULL, NULL),
(4572, 108, '8', NULL, NULL),
(4573, 108, '16', NULL, NULL),
(4574, 108, '10 Automatic', NULL, NULL),
(4575, 108, '11 TSE Electronic', NULL, NULL),
(4576, 108, 'Twingo', NULL, NULL),
(4577, 108, 'Megane RS Trophy', NULL, NULL),
(4578, 108, 'Koleos', NULL, NULL),
(4579, 108, 'Alpine A 110-50 Concept', NULL, NULL),
(4580, 108, 'Wind', NULL, NULL),
(4581, 108, 'R-Space Concept', NULL, NULL),
(4582, 108, '11 Turbo', NULL, NULL),
(4583, 108, '12 TL', NULL, NULL),
(4584, 108, 'Megane GT', NULL, NULL),
(4585, 108, '12 TL Wagon', NULL, NULL),
(4586, 108, 'Megane Estate GT', NULL, NULL),
(4587, 108, 'Megane Coupe GT Line', NULL, NULL),
(4588, 108, 'Megane Coupe GT', NULL, NULL),
(4589, 108, 'Megane Coupe-Cabriolet', NULL, NULL),
(4590, 108, 'Latitude', NULL, NULL),
(4591, 108, '14 L', NULL, NULL),
(4592, 108, 'Laguna', NULL, NULL),
(4593, 108, '14 TL', NULL, NULL),
(4594, 108, '14 TS', NULL, NULL),
(4595, 108, 'Scenic', NULL, NULL),
(4596, 108, '15 GTL', NULL, NULL),
(4597, 108, 'Megane Estate', NULL, NULL),
(4598, 108, 'Grand Scenic', NULL, NULL),
(4599, 108, '15 TL', NULL, NULL),
(4600, 108, 'DeZir Concept', NULL, NULL),
(4601, 108, 'Clio RS', NULL, NULL),
(4602, 108, '16 TX', NULL, NULL),
(4603, 108, 'Zoe ZE Concept', NULL, NULL),
(4604, 108, 'Twizy ZE Concept', NULL, NULL),
(4605, 108, 'Twingo RS', NULL, NULL),
(4606, 108, 'Symbol', NULL, NULL),
(4607, 108, '17 TS', NULL, NULL),
(4608, 108, 'Megane Trophy', NULL, NULL),
(4609, 108, 'Megane R26.R', NULL, NULL),
(4610, 108, '18 GTD 4X4 Wagon', NULL, NULL),
(4611, 108, '18 GTL', NULL, NULL),
(4612, 108, '18 TL Type 2', NULL, NULL),
(4613, 108, '18 TL Wagon', NULL, NULL),
(4614, 108, '18 Turbo', NULL, NULL),
(4615, 108, 'Kangoo ZE Concept', NULL, NULL),
(4616, 108, '19 16S 3-door', NULL, NULL),
(4617, 108, '19 Chamade Prima', NULL, NULL),
(4618, 108, 'Clio', NULL, NULL),
(4619, 108, 'ZE Concept', NULL, NULL),
(4620, 108, '19 Convertible 16S', NULL, NULL),
(4621, 108, '19 TS Europa', NULL, NULL),
(4622, 108, 'Sand-up Concept', NULL, NULL),
(4623, 108, 'Ondelios Concept', NULL, NULL),
(4624, 108, 'Megane Coupe Concept', NULL, NULL),
(4625, 108, '20 TL', NULL, NULL),
(4626, 108, 'Kangoo', NULL, NULL),
(4627, 108, '20 Turbo Diesel', NULL, NULL),
(4628, 108, '20 TX', NULL, NULL),
(4629, 108, '21 2.0 Turbo Quadra 4-door', NULL, NULL),
(4630, 108, '21 Turbo D', NULL, NULL),
(4631, 108, 'Laguna Coupe Concept', NULL, NULL),
(4632, 108, 'Kangoo Compact Concept', NULL, NULL),
(4633, 108, '25 V6 Injection', NULL, NULL),
(4634, 108, '25 V6 Turbo', NULL, NULL),
(4635, 108, '30 TS', NULL, NULL),
(4636, 108, '30 TX', NULL, NULL),
(4637, 108, '4 Clan', NULL, NULL),
(4638, 108, 'Koleos Concept', NULL, NULL),
(4639, 108, '4 CV', NULL, NULL),
(4640, 108, 'Clio Sport', NULL, NULL),
(4641, 108, '4 CV Luxe', NULL, NULL),
(4642, 108, 'Altica Concept', NULL, NULL),
(4643, 108, '4 CV Sport', NULL, NULL),
(4644, 108, 'Vel Satis', NULL, NULL),
(4645, 108, 'Modus Initiale', NULL, NULL),
(4646, 108, 'Laguna GT Estate', NULL, NULL),
(4647, 108, 'Egeus Concept Car', NULL, NULL),
(4648, 108, '4 GTL', NULL, NULL),
(4649, 108, 'Clio III 3door', NULL, NULL),
(4650, 108, 'Wind Concept', NULL, NULL),
(4651, 108, '4 Luxe', NULL, NULL),
(4652, 108, '4 Parisienne', NULL, NULL),
(4653, 108, 'Megane RS 5-door', NULL, NULL),
(4654, 108, '4 Van', NULL, NULL),
(4655, 108, '5 Alpine', NULL, NULL),
(4656, 108, '5 GT Turbo', NULL, NULL),
(4657, 108, '5 GTL 5-door', NULL, NULL),
(4658, 108, '5 TL', NULL, NULL),
(4659, 108, '5 Turbo', NULL, NULL),
(4660, 108, '6 L', NULL, NULL),
(4661, 108, '8 Gordini 1300', NULL, NULL),
(4662, 108, '8 Major', NULL, NULL),
(4663, 108, 'Megane II Hatch', NULL, NULL),
(4664, 108, 'Megane II Estate', NULL, NULL),
(4665, 108, 'Megane II CoupeCabriolet 2.0 Dynmaique Version', NULL, NULL),
(4666, 108, 'Megane II CoupeCabriolet 1.6 Privilege Version', NULL, NULL),
(4667, 108, 'Megane II CoupeCabriolet', NULL, NULL),
(4668, 108, 'Clio V6 Sport', NULL, NULL),
(4669, 108, 'Be Bop SUV Concept', NULL, NULL),
(4670, 108, 'Be Bop Sport Concept', NULL, NULL),
(4671, 108, '8 S', NULL, NULL),
(4672, 108, '9 GT', NULL, NULL),
(4673, 108, 'Espace IV 2.2 dCi', NULL, NULL),
(4674, 108, 'Ellypse Concept', NULL, NULL),
(4675, 108, 'Avantime', NULL, NULL),
(4676, 108, 'Talisman Concept', NULL, NULL),
(4677, 108, 'Vel Satis 3.5 V6 Initiale', NULL, NULL),
(4678, 108, 'Modus Concept', NULL, NULL),
(4679, 108, 'Laguna Initiale 3.0 V6 24V', NULL, NULL),
(4680, 108, '9 GTL', NULL, NULL),
(4681, 108, '9 Turbo', NULL, NULL),
(4682, 108, '9 TXE', NULL, NULL),
(4683, 108, 'Alpine A 110', NULL, NULL),
(4684, 108, 'Scenic RX4', NULL, NULL),
(4685, 108, 'Megane Hatchback', NULL, NULL),
(4686, 108, 'Megane Convertible', NULL, NULL),
(4687, 108, 'Alpine A 310 V6 Group 4', NULL, NULL),
(4688, 108, 'Captur Concept', NULL, NULL),
(4689, 108, 'Vel Satis Concept', NULL, NULL),
(4690, 108, 'Clio 1.5 dCi', NULL, NULL),
(4691, 108, 'Clio 1.6 16V', NULL, NULL),
(4692, 108, 'Clio 1.7 RT 5-door', NULL, NULL),
(4693, 108, 'Clio Campus', NULL, NULL),
(4694, 108, 'Clio Estate', NULL, NULL),
(4695, 108, 'Fiftie Concept', NULL, NULL),
(4696, 108, 'Initiale Concept', NULL, NULL),
(4697, 108, 'Espace', NULL, NULL),
(4698, 108, 'Argos Concept', NULL, NULL),
(4699, 108, '19 Baccara 5-door', NULL, NULL),
(4700, 108, 'Clio Grand Tour Concept', NULL, NULL),
(4701, 108, 'Clio III 5door', NULL, NULL),
(4702, 108, 'Alpine A 610', NULL, NULL),
(4703, 108, 'Clio RS 200', NULL, NULL),
(4704, 108, 'Clio RS Concept', NULL, NULL),
(4705, 108, 'Clio RS Luxe', NULL, NULL),
(4706, 108, 'Clio S', NULL, NULL),
(4707, 108, 'Clio Sport 2.0 16V', NULL, NULL),
(4708, 108, 'Dauphine', NULL, NULL),
(4709, 108, 'Espace 2.2 dCI 16V', NULL, NULL),
(4710, 108, 'Espace Initiale 2.2 dCI 16V', NULL, NULL),
(4711, 108, 'Espace Quadra', NULL, NULL),
(4712, 108, 'Floride', NULL, NULL),
(4713, 108, 'Fluence', NULL, NULL),
(4714, 108, 'Fluence Concept', NULL, NULL),
(4715, 108, 'Fluence ZE Concept', NULL, NULL),
(4716, 108, 'Fregate', NULL, NULL),
(4717, 108, 'Frendzy Concept', NULL, NULL),
(4718, 108, 'Fuego', NULL, NULL),
(4719, 108, 'Fuego Turbo', NULL, NULL),
(4720, 108, 'Grand Espace IV 3.0 dCi', NULL, NULL),
(4721, 108, 'Grand Modus', NULL, NULL),
(4722, 108, 'Kangoo be bop', NULL, NULL),
(4723, 108, 'Laguna 2.0 T', NULL, NULL),
(4724, 108, 'Laguna Concept', NULL, NULL),
(4725, 108, 'Laguna Coupe', NULL, NULL),
(4726, 108, 'Laguna Estate', NULL, NULL),
(4727, 108, 'Laguna Estate 1.9 dCI', NULL, NULL),
(4728, 108, 'Laguna GT', NULL, NULL),
(4729, 108, 'Laguna Nevada RXE 1.6 16V', NULL, NULL),
(4730, 108, 'Ludo Concept', NULL, NULL),
(4731, 108, 'Megane', NULL, NULL),
(4732, 108, 'Megane Concept', NULL, NULL),
(4733, 108, 'Megane Coupe', NULL, NULL),
(4734, 108, 'Megane Estate GT Line', NULL, NULL),
(4735, 108, 'Megane GT Line', NULL, NULL),
(4736, 108, 'Megane II Saloon', NULL, NULL),
(4737, 108, 'Megane II Sport Hatch', NULL, NULL),
(4738, 108, 'Megane RS', NULL, NULL),
(4739, 108, 'Megane RS 3-door', NULL, NULL),
(4740, 108, 'Megane RS N4', NULL, NULL),
(4741, 108, 'Modus', NULL, NULL),
(4742, 108, 'Nepta Concept', NULL, NULL),
(4743, 108, 'Pangea Concept', NULL, NULL),
(4744, 108, 'Racoon Concept', NULL, NULL),
(4745, 108, 'Safrane', NULL, NULL),
(4746, 108, 'Sandero', NULL, NULL),
(4747, 108, 'Scenic Concept', NULL, NULL),
(4748, 108, 'Scenic Conquest', NULL, NULL),
(4749, 108, 'Scenic II', NULL, NULL),
(4750, 108, 'Scenic RXI 2.0', NULL, NULL),
(4751, 108, 'Talisman', NULL, NULL),
(4752, 108, 'Thalia', NULL, NULL),
(4753, 108, 'Twingo Concept', NULL, NULL),
(4754, 108, 'Twingo Oasis', NULL, NULL),
(4755, 108, 'Z17 Concept', NULL, NULL),
(4756, 108, 'ZO Concept', NULL, NULL),
(4757, 109, 'Advantige R one Concept', NULL, NULL),
(4758, 109, 'BamBoo Concept', NULL, NULL),
(4759, 109, 'Chopster', NULL, NULL),
(4760, 109, 'Dock-Go Concept', NULL, NULL),
(4761, 109, 'Dodge Viper Veleno Concept', NULL, NULL),
(4762, 109, 'E2', NULL, NULL),
(4763, 109, 'E-Go Rocket Concept', NULL, NULL),
(4764, 109, 'Mono Ego Concept', NULL, NULL),
(4765, 109, 'Porsche 997 Turbo Le Mans 600', NULL, NULL),
(4766, 109, 'Porsche Bedouin 996 Turbo', NULL, NULL),
(4767, 109, 'Porsche Imola Cayman 987', NULL, NULL),
(4768, 109, 'Porsche Indy 4S 997', NULL, NULL),
(4769, 109, 'Porsche Indy 997 Carrera S', NULL, NULL),
(4770, 109, 'Presto Concept', NULL, NULL),
(4771, 109, 'Roadster Concept', NULL, NULL),
(4772, 109, 'Senso Concept', NULL, NULL),
(4773, 109, 'Splash Concept', NULL, NULL),
(4774, 109, 'sQuba Concept', NULL, NULL),
(4775, 109, 'Tatooo.com Concept', NULL, NULL),
(4776, 109, 'UC Concept', NULL, NULL),
(4777, 109, 'X-Trem Concept', NULL, NULL),
(4778, 109, 'Yello Talbo Concept', NULL, NULL),
(4779, 109, 'zaZen Concept', NULL, NULL),
(4780, 110, '100EX Centenary Concept', NULL, NULL),
(4781, 110, '100EX Experimental Centenary Car', NULL, NULL),
(4782, 110, '101EX', NULL, NULL),
(4783, 110, 'Phantom', NULL, NULL),
(4784, 110, '101EX Concept', NULL, NULL),
(4785, 110, '102EX Electric Concept', NULL, NULL),
(4786, 110, '200EX Concept', NULL, NULL),
(4787, 110, 'Centenary Phantom', NULL, NULL),
(4788, 110, 'Ghost', NULL, NULL),
(4789, 110, 'Ghost Extended Wheelbase', NULL, NULL),
(4790, 110, 'Ghost Six Senses Concept', NULL, NULL),
(4791, 110, 'Phantom Coupe', NULL, NULL),
(4792, 110, 'Phantom Drophead Coupe', NULL, NULL),
(4793, 110, 'Phantom Extetnded Wheelbase', NULL, NULL),
(4794, 110, 'Phantom GCC Limited Edition', NULL, NULL),
(4795, 110, 'Phantom in Madrid', NULL, NULL),
(4796, 110, 'Phantom Naples Winter Wine Festival Auction', NULL, NULL),
(4797, 110, 'Phantom Silver', NULL, NULL),
(4798, 110, 'Phantom Tungsten', NULL, NULL),
(4799, 110, 'Phantom with Extended Wheelbase', NULL, NULL),
(4800, 110, 'RR4', NULL, NULL),
(4801, 111, '75 V8', NULL, NULL),
(4802, 111, '25', NULL, NULL),
(4803, 111, '45', NULL, NULL),
(4804, 111, '75', NULL, NULL),
(4805, 111, '100', NULL, NULL),
(4806, 111, '200', NULL, NULL),
(4807, 111, '600', NULL, NULL),
(4808, 111, '800', NULL, NULL),
(4809, 111, '75 Coupe Concept', NULL, NULL),
(4810, 111, '75 Limousine', NULL, NULL),
(4811, 111, '75 Tourer', NULL, NULL),
(4812, 111, '75 Vanden Plas', NULL, NULL),
(4813, 111, 'CityRover', NULL, NULL),
(4814, 111, 'Streetwise', NULL, NULL),
(4815, 111, 'TCV Concept', NULL, NULL),
(4816, 112, '9-5 SportWagon', NULL, NULL),
(4817, 112, '9-4X', NULL, NULL),
(4818, 112, '90', NULL, NULL),
(4819, 112, '92', NULL, NULL),
(4820, 112, '93', NULL, NULL),
(4821, 112, '95', NULL, NULL),
(4822, 112, '96', NULL, NULL),
(4823, 112, '99', NULL, NULL),
(4824, 112, '900', NULL, NULL),
(4825, 112, '9000', NULL, NULL),
(4826, 112, '9-3', NULL, NULL),
(4827, 112, '900 Convertible', NULL, NULL),
(4828, 112, '900 Coupe', NULL, NULL),
(4829, 112, '900 Turbo 16S', NULL, NULL),
(4830, 112, '9-2X', NULL, NULL),
(4831, 112, '9-3 Aero', NULL, NULL),
(4832, 112, '9-3 Aero Convertible', NULL, NULL),
(4833, 112, '9-3 Aero Coupe', NULL, NULL),
(4834, 112, '93 Convertible', NULL, NULL),
(4835, 112, '9-3 Convertible', NULL, NULL),
(4836, 112, '9-3 Convertible 20 Years Edition', NULL, NULL),
(4837, 112, '9-3 Convertible BioPower', NULL, NULL),
(4838, 112, '9-3 Coupe', NULL, NULL),
(4839, 112, '9-3 ePower Concept', NULL, NULL),
(4840, 112, '9-3 Sport Sedan', NULL, NULL),
(4841, 112, '93 SportCombi', NULL, NULL),
(4842, 112, '9-3 SportCombi', NULL, NULL),
(4843, 112, '93 SportHatch Concept', NULL, NULL),
(4844, 112, '9-3 SportSedan Aero', NULL, NULL),
(4845, 112, '9-3X', NULL, NULL),
(4846, 112, '9-3X Concept Car', NULL, NULL),
(4847, 112, '9-4X BioPower Concept', NULL, NULL),
(4848, 112, '95 Aero', NULL, NULL),
(4849, 112, '95 Aero Sedan', NULL, NULL),
(4850, 112, '95 Aero Wagon', NULL, NULL),
(4851, 112, '9-5 Estate BioPower', NULL, NULL),
(4852, 112, '9-5 Saloon BioPower', NULL, NULL),
(4853, 112, '9-5 Sedan', NULL, NULL),
(4854, 112, '9-5 SportCombi', NULL, NULL),
(4855, 112, '9-5 SportWagon', NULL, NULL),
(4856, 112, '97X', NULL, NULL),
(4857, 112, '9-7X', NULL, NULL),
(4858, 112, '9-7X Aero', NULL, NULL),
(4859, 112, '9-X Air BioHybrid Concept', NULL, NULL),
(4860, 112, '9-X BioHybrid Concept', NULL, NULL),
(4861, 112, '9X Concept Car', NULL, NULL),
(4862, 112, 'Aero X Concept', NULL, NULL),
(4863, 112, 'BioPower 100 Concept', NULL, NULL),
(4864, 112, 'EV-1 Concept Car', NULL, NULL),
(4865, 112, 'PhoeniX Concept', NULL, NULL),
(4866, 112, 'Sonett I', NULL, NULL),
(4867, 112, 'Sonett II', NULL, NULL),
(4868, 112, 'Sonett III', NULL, NULL),
(4869, 112, 'Turbo X', NULL, NULL),
(4870, 112, 'UrSaab', NULL, NULL),
(4871, 113, 'Ford Mustang S281 Speedster', NULL, NULL),
(4872, 113, 'Ford Mustang S281 Scenic Roof', NULL, NULL),
(4873, 113, 'Ford Mustang 302 Parnelli Jones', NULL, NULL),
(4874, 113, 'Ford F-150 S331 Sport Truck', NULL, NULL),
(4875, 113, 'S7 Twin Turbo', NULL, NULL),
(4876, 113, 'Ford Mustang S281 Supercharged', NULL, NULL),
(4877, 113, 'Ford Mustang S281 Extreme', NULL, NULL),
(4878, 113, 'Ford Mustang S281 3 Valve', NULL, NULL),
(4879, 113, 'Ford Focus S121 N2O', NULL, NULL),
(4880, 113, 'S7', NULL, NULL),
(4881, 114, 'Vue', NULL, NULL),
(4882, 114, 'Flextreme Concept', NULL, NULL),
(4883, 114, 'Astra 5-door', NULL, NULL),
(4884, 114, 'Astra', NULL, NULL),
(4885, 114, 'Sky Red Line', NULL, NULL),
(4886, 114, 'Sky', NULL, NULL),
(4887, 114, 'Outlook', NULL, NULL),
(4888, 114, 'Vue Red Line', NULL, NULL),
(4889, 114, 'Relay', NULL, NULL),
(4890, 114, 'Ion Red Line', NULL, NULL),
(4891, 114, 'Aura Concept', NULL, NULL),
(4892, 114, 'CV1 Concept', NULL, NULL),
(4893, 115, 'FR-S', NULL, NULL),
(4894, 115, '5 Axis Widebody DJ xB', NULL, NULL),
(4895, 115, 'FR-S Concept', NULL, NULL),
(4896, 115, 'FR-S Race car', NULL, NULL),
(4897, 115, 'FUSE Concept', NULL, NULL),
(4898, 115, 'Hako Coupe Concept', NULL, NULL),
(4899, 115, 'iQ', NULL, NULL),
(4900, 115, 'iQ Concept', NULL, NULL),
(4901, 115, 't2B Concept', NULL, NULL),
(4902, 115, 'tC', NULL, NULL),
(4903, 115, 'tC Release Series 1.0', NULL, NULL),
(4904, 115, 'tC RS 2.0', NULL, NULL),
(4905, 115, 'tC RS 3.0', NULL, NULL),
(4906, 115, 'tC Sport Coupe', NULL, NULL),
(4907, 115, 'TRDEquipped xA', NULL, NULL),
(4908, 115, 'TRDEquipped xA Release Series 1.0', NULL, NULL),
(4909, 115, 'TRDEquipped xB', NULL, NULL),
(4910, 115, 'xA Release Series 1.0', NULL, NULL),
(4911, 115, 'xB', NULL, NULL),
(4912, 115, 'xB RS 4.0', NULL, NULL),
(4913, 115, 'xB RS 5.0', NULL, NULL),
(4914, 115, 'xD', NULL, NULL),
(4915, 116, 'Alhambra', NULL, NULL),
(4916, 116, 'Alhambra 4WD', NULL, NULL),
(4917, 116, 'Alhambra TDI', NULL, NULL),
(4918, 116, 'Altea', NULL, NULL),
(4919, 116, 'Altea 1.6', NULL, NULL),
(4920, 116, 'Altea Concept', NULL, NULL),
(4921, 116, 'Altea FR', NULL, NULL),
(4922, 116, 'Altea FR Prototype', NULL, NULL),
(4923, 116, 'Altea Freetrack', NULL, NULL),
(4924, 116, 'Altea Freetrack Concept', NULL, NULL),
(4925, 116, 'Altea TDI', NULL, NULL),
(4926, 116, 'Altea XL', NULL, NULL),
(4927, 116, 'Arosa', NULL, NULL),
(4928, 116, 'Bocanegra SportCoupe Concept', NULL, NULL),
(4929, 116, 'Bolero 330 BT Concept', NULL, NULL),
(4930, 116, 'Cordoba', NULL, NULL),
(4931, 116, 'Cupra GT Concept', NULL, NULL),
(4932, 116, 'Exeo', NULL, NULL),
(4933, 116, 'Exeo ST', NULL, NULL),
(4934, 116, 'Formula Concept', NULL, NULL),
(4935, 116, 'IBE Concept', NULL, NULL),
(4936, 116, 'IBE Paris Concept', NULL, NULL),
(4937, 116, 'Ibiza', NULL, NULL),
(4938, 116, 'Ibiza 1.4 TDI', NULL, NULL),
(4939, 116, 'Ibiza 2.0', NULL, NULL),
(4940, 116, 'Ibiza Bocanegra', NULL, NULL),
(4941, 116, 'Ibiza Cupra', NULL, NULL),
(4942, 116, 'Ibiza Cupra 1.9 TDI', NULL, NULL),
(4943, 116, 'Ibiza Cupra Concept', NULL, NULL),
(4944, 116, 'Ibiza Ecomotive', NULL, NULL),
(4945, 116, 'Ibiza FR', NULL, NULL),
(4946, 116, 'Ibiza FR TDI', NULL, NULL),
(4947, 116, 'Ibiza FR TDI SC', NULL, NULL),
(4948, 116, 'Ibiza IBZ Concept', NULL, NULL),
(4949, 116, 'Ibiza SportCoupe', NULL, NULL),
(4950, 116, 'Ibiza ST', NULL, NULL),
(4951, 116, 'Ibiza Vaillante Concept', NULL, NULL),
(4952, 116, 'IBL Concept', NULL, NULL),
(4953, 116, 'IBX Concept', NULL, NULL),
(4954, 116, 'Leon', NULL, NULL),
(4955, 116, 'Leon 1.9 TDI', NULL, NULL),
(4956, 116, 'Leon Cupra', NULL, NULL),
(4957, 116, 'Leon Cupra R', NULL, NULL),
(4958, 116, 'Leon Ecomotive', NULL, NULL),
(4959, 116, 'Leon FR', NULL, NULL),
(4960, 116, 'Leon FR Supercopa', NULL, NULL),
(4961, 116, 'Leon Linea R', NULL, NULL),
(4962, 116, 'Leon Prototype', NULL, NULL),
(4963, 116, 'Leon Sport FR', NULL, NULL),
(4964, 116, 'Leon WTCC', NULL, NULL),
(4965, 116, 'Mii', NULL, NULL),
(4966, 116, 'Mii Vibora Negra', NULL, NULL),
(4967, 116, 'Salsa Concept', NULL, NULL),
(4968, 116, 'Salsa Emocion Concept', NULL, NULL),
(4969, 116, 'Tango Concept', NULL, NULL),
(4970, 116, 'Toledo', NULL, NULL),
(4971, 116, 'Toledo Concept', NULL, NULL),
(4972, 116, 'Toledo Prototype', NULL, NULL),
(4973, 116, 'Tribu Concept', NULL, NULL),
(4974, 117, '911', NULL, NULL),
(4975, 118, 'Citigo', NULL, NULL),
(4976, 118, 'Citigo 5-door', NULL, NULL),
(4977, 118, 'Design Concept', NULL, NULL),
(4978, 118, 'Fabia', NULL, NULL),
(4979, 118, 'Roomster', NULL, NULL),
(4980, 118, 'Fabia Combi', NULL, NULL),
(4981, 118, 'Fabia Combi RS', NULL, NULL),
(4982, 118, 'Fabia Combi Scout', NULL, NULL),
(4983, 118, 'Fabia Combi Scout Concept', NULL, NULL),
(4984, 118, 'Fabia GreenLine', NULL, NULL),
(4985, 118, 'Superb Combi 4x4', NULL, NULL),
(4986, 118, 'Fabia Paris Concept', NULL, NULL),
(4987, 118, 'Fabia RS', NULL, NULL),
(4988, 118, 'Fabia Scout', NULL, NULL),
(4989, 118, 'Fabia Sedan', NULL, NULL),
(4990, 118, 'Superb GreenLine', NULL, NULL),
(4991, 118, 'Superb', NULL, NULL),
(4992, 118, 'Fabia Sketches', NULL, NULL),
(4993, 118, 'Fabia Super 2000', NULL, NULL),
(4994, 118, 'Fabia WRC 05', NULL, NULL),
(4995, 118, 'Felicia', NULL, NULL),
(4996, 118, 'Fabia Combi GreenLine', NULL, NULL),
(4997, 118, 'Roomster Scout', NULL, NULL),
(4998, 118, 'Felicia Combi', NULL, NULL),
(4999, 118, 'Felicia Fun', NULL, NULL),
(5000, 118, 'Felicia Pickup', NULL, NULL),
(5001, 118, 'Joyster Concept', NULL, NULL),
(5002, 118, 'MissionL Concept', NULL, NULL),
(5003, 118, 'Octavia', NULL, NULL),
(5004, 118, 'Yeti Concept', NULL, NULL),
(5005, 118, 'Octavia Combi 4x4', NULL, NULL),
(5006, 118, 'Octavia Business', NULL, NULL),
(5007, 118, 'Octavia Combi', NULL, NULL),
(5008, 118, 'Octavia Combi L and K', NULL, NULL),
(5009, 118, 'Octavia Combi RS', NULL, NULL),
(5010, 118, 'Octavia Design', NULL, NULL),
(5011, 118, 'Octavia Green E Line Concept', NULL, NULL),
(5012, 118, 'Octavia L and K', NULL, NULL),
(5013, 118, 'Tudor Concept', NULL, NULL),
(5014, 118, 'Octavia RS', NULL, NULL),
(5015, 118, 'Fabia Praktik', NULL, NULL),
(5016, 118, 'Octavia RS Combi', NULL, NULL),
(5017, 118, 'Octavia RS WRC Limited Edition', NULL, NULL),
(5018, 118, 'Octavia Scout', NULL, NULL),
(5019, 118, 'Octavia SLX', NULL, NULL),
(5020, 118, 'Octavia TAXI', NULL, NULL),
(5021, 118, 'Rapid', NULL, NULL),
(5022, 118, 'Roomster Concept', NULL, NULL),
(5023, 118, 'Octavia Elongated L and K', NULL, NULL),
(5024, 118, 'Superb 4x4', NULL, NULL),
(5025, 118, 'Superb Combi', NULL, NULL),
(5026, 118, 'Superb Design', NULL, NULL),
(5027, 118, 'Yeti', NULL, NULL),
(5028, 118, 'Yeti 2 Concept', NULL, NULL),
(5029, 118, 'Yeti 4x4', NULL, NULL),
(5030, 119, 'Crosstown Showcar', NULL, NULL),
(5031, 119, 'eScooter Concept', NULL, NULL),
(5032, 119, 'forfour', NULL, NULL),
(5033, 119, 'forfun2', NULL, NULL),
(5034, 119, 'forspeed Concept', NULL, NULL),
(5035, 119, 'forstars Concept', NULL, NULL),
(5036, 119, 'fortwo', NULL, NULL),
(5037, 119, 'fortwo cabrio', NULL, NULL),
(5038, 119, 'fortwo cdi', NULL, NULL),
(5039, 119, 'fortwo coupe', NULL, NULL),
(5040, 119, 'fortwo edition red', NULL, NULL),
(5041, 119, 'fortwo electric drive', NULL, NULL),
(5042, 119, 'fortwo EV Concept', NULL, NULL),
(5043, 119, 'fortwo sharpred', NULL, NULL),
(5044, 119, 'for-us Concept', NULL, NULL),
(5045, 119, 'forvision Concept', NULL, NULL),
(5046, 119, 'Roadster', NULL, NULL),
(5047, 119, 'Roadster Coupe', NULL, NULL),
(5048, 120, 'Codatronca Monza', NULL, NULL),
(5049, 121, 'C8 Aileron Spyder', NULL, NULL),
(5050, 121, 'C8 Laviolette LM85', NULL, NULL),
(5051, 121, 'C8 Aileron', NULL, NULL),
(5052, 121, 'C12 Zagato', NULL, NULL),
(5053, 121, 'D12 Peking to Paris', NULL, NULL),
(5054, 121, 'C8 Laviolette', NULL, NULL),
(5055, 121, 'C12 LaTurbie', NULL, NULL),
(5056, 121, 'Aeroblade', NULL, NULL),
(5057, 121, 'C8 Spyder', NULL, NULL),
(5058, 121, 'C8 Double 12 S Spyder', NULL, NULL),
(5059, 121, 'C8 Double 12', NULL, NULL),
(5060, 122, 'Korando Sports', NULL, NULL),
(5061, 122, 'Actyon Sports', NULL, NULL),
(5062, 122, 'e-XIV Concept', NULL, NULL),
(5063, 122, 'XIV-2 Concept', NULL, NULL),
(5064, 122, 'XIV-1 Concept', NULL, NULL),
(5065, 122, 'SUT 1 Concept', NULL, NULL),
(5066, 122, 'Korando', NULL, NULL),
(5067, 122, 'KEV2 Concept', NULL, NULL),
(5068, 122, 'Rexton R-Line', NULL, NULL),
(5069, 122, 'C200 Concept', NULL, NULL),
(5070, 122, 'Actyon Sports', NULL, NULL),
(5071, 122, 'Actyon', NULL, NULL);
INSERT INTO `car_model` (`id`, `make_id`, `name`, `created_on`, `created_by`) VALUES
(5072, 122, 'Rexton', NULL, NULL),
(5073, 122, 'Musso Sports', NULL, NULL),
(5074, 122, 'Kyron', NULL, NULL),
(5075, 122, 'Rodius', NULL, NULL),
(5076, 123, 'Jeep Grand Cherokee', NULL, NULL),
(5077, 123, 'Chrysler Crossfire Roadster', NULL, NULL),
(5078, 123, 'Chrysler 300C', NULL, NULL),
(5079, 124, 'GTS Concept', NULL, NULL),
(5080, 125, 'Nissan 350Z', NULL, NULL),
(5081, 125, 'Porsche Cayenne', NULL, NULL),
(5082, 126, 'Maserati Cinqueporte', NULL, NULL),
(5083, 126, 'CoupeTorino', NULL, NULL),
(5084, 126, 'RKcoupe', NULL, NULL),
(5085, 126, 'RKspyder', NULL, NULL),
(5086, 127, '360', NULL, NULL),
(5087, 127, '1000', NULL, NULL),
(5088, 127, 'Alcyone', NULL, NULL),
(5089, 127, 'Alcyone SVX', NULL, NULL),
(5090, 127, 'B5-TPH Concept', NULL, NULL),
(5091, 127, 'B9 Tribeca', NULL, NULL),
(5092, 127, 'Baja Turbo', NULL, NULL),
(5093, 127, 'XV Concept', NULL, NULL),
(5094, 127, 'Outback', NULL, NULL),
(5095, 127, 'Impreza WRX STI', NULL, NULL),
(5096, 127, 'BRZ', NULL, NULL),
(5097, 127, 'Impreza STI Cosworth CS400', NULL, NULL),
(5098, 127, 'BRZ STI Concept', NULL, NULL),
(5099, 127, 'Domingo', NULL, NULL),
(5100, 127, 'Advanced Tourer Concept', NULL, NULL),
(5101, 127, 'Exiga', NULL, NULL),
(5102, 127, 'Exiga Concept', NULL, NULL),
(5103, 127, 'Legacy Tourer', NULL, NULL),
(5104, 127, 'Forester', NULL, NULL),
(5105, 127, 'Forester Cross Sports', NULL, NULL),
(5106, 127, 'Forester STI', NULL, NULL),
(5107, 127, 'G3X Justy 1.5L AWD Plus', NULL, NULL),
(5108, 127, 'G4e Concept', NULL, NULL),
(5109, 127, 'Hybrid Tourer Concept', NULL, NULL),
(5110, 127, 'Impreza', NULL, NULL),
(5111, 127, 'Impreza 5-door', NULL, NULL),
(5112, 127, 'Impreza Concept', NULL, NULL),
(5113, 127, 'Impreza Japanese Version', NULL, NULL),
(5114, 127, 'Impreza R205', NULL, NULL),
(5115, 127, 'Impreza Sedan WRX', NULL, NULL),
(5116, 127, 'Impreza Sports Wagon', NULL, NULL),
(5117, 127, 'Impreza WRC Prototype', NULL, NULL),
(5118, 127, 'Impreza WRX', NULL, NULL),
(5119, 127, 'Impreza WRX 300', NULL, NULL),
(5120, 127, 'Impreza WRX 4-Door', NULL, NULL),
(5121, 127, 'Impreza WRX STI 20th Anniversary', NULL, NULL),
(5122, 127, 'Impreza WRX STI Carbon Concept', NULL, NULL),
(5123, 127, 'Impreza WRX STI Special Edition', NULL, NULL),
(5124, 127, 'Impreza XV', NULL, NULL),
(5125, 127, 'Justy', NULL, NULL),
(5126, 127, 'Legacy', NULL, NULL),
(5127, 127, 'Legacy 2.5 GT spec B', NULL, NULL),
(5128, 127, 'Legacy 3.0 R', NULL, NULL),
(5129, 127, 'Legacy Concept', NULL, NULL),
(5130, 127, 'Legacy Sedan', NULL, NULL),
(5131, 127, 'Legacy Station Wagon', NULL, NULL),
(5132, 127, 'Legacy Wagon JDM', NULL, NULL),
(5133, 127, 'Leone', NULL, NULL),
(5134, 127, 'Outback 3.0 R', NULL, NULL),
(5135, 127, 'Pleo', NULL, NULL),
(5136, 127, 'R1', NULL, NULL),
(5137, 127, 'R-2', NULL, NULL),
(5138, 127, 'Traviq', NULL, NULL),
(5139, 127, 'Tribeca', NULL, NULL),
(5140, 127, 'VIVIO', NULL, NULL),
(5141, 127, 'WRC Concept', NULL, NULL),
(5142, 127, 'XV', NULL, NULL),
(5143, 127, 'XV Crosstrek', NULL, NULL),
(5144, 128, 'Alto', NULL, NULL),
(5145, 128, 'A-Star Concept', NULL, NULL),
(5146, 128, 'Equator RMZ-4 Concept', NULL, NULL),
(5147, 128, 'G70 Concept', NULL, NULL),
(5148, 128, 'Grand Vitara', NULL, NULL),
(5149, 128, 'Grand Vitara 3-door', NULL, NULL),
(5150, 128, 'Grand Vitara V6', NULL, NULL),
(5151, 128, 'Kizashi', NULL, NULL),
(5152, 128, 'Kizashi 2 Concept', NULL, NULL),
(5153, 128, 'Kizashi 3 Concept', NULL, NULL),
(5154, 128, 'Kizashi Apex Concept', NULL, NULL),
(5155, 128, 'Kizashi Concept', NULL, NULL),
(5156, 128, 'Kizashi EcoCharge Concept', NULL, NULL),
(5157, 128, 'Kizashi Sport', NULL, NULL),
(5158, 128, 'S-Cross Concept', NULL, NULL),
(5159, 128, 'Splash', NULL, NULL),
(5160, 128, 'Swift', NULL, NULL),
(5161, 128, 'Equator Quay Concept', NULL, NULL),
(5162, 128, 'Equator Quad Concept', NULL, NULL),
(5163, 128, 'Swift Rally Car', NULL, NULL),
(5164, 128, 'Swift S Concept', NULL, NULL),
(5165, 128, 'Swift Sport', NULL, NULL),
(5166, 128, 'SX4', NULL, NULL),
(5167, 128, 'SX4 Sedan', NULL, NULL),
(5168, 128, 'Swift VVT', NULL, NULL),
(5169, 128, 'SXForce Concept', NULL, NULL),
(5170, 128, 'XL7', NULL, NULL),
(5171, 129, 'Tuscan Convertible', NULL, NULL),
(5172, 129, 'Tuscan', NULL, NULL),
(5173, 129, 'Sagaris', NULL, NULL),
(5174, 129, 'T350C', NULL, NULL),
(5175, 129, 'V8S', NULL, NULL),
(5176, 129, 'Chimaera', NULL, NULL),
(5177, 129, 'S4C', NULL, NULL),
(5178, 129, 'Griffith 500', NULL, NULL),
(5179, 129, 'Cerbera', NULL, NULL),
(5180, 130, 'Concept One', NULL, NULL),
(5181, 130, 'Porsche 911 Aerokit I', NULL, NULL),
(5182, 130, 'Porsche 911 Cabrio Aerokit I', NULL, NULL),
(5183, 130, 'Porsche 911 Carrera', NULL, NULL),
(5184, 130, 'Porsche 911 Carrera 4 997', NULL, NULL),
(5185, 130, 'Porsche 911 Turbo', NULL, NULL),
(5186, 130, 'Porsche 911 Turbo 997', NULL, NULL),
(5187, 130, 'Porsche 911 Turbo Aerokit II', NULL, NULL),
(5188, 130, 'Porsche 911 Turbo Cabriolet', NULL, NULL),
(5189, 130, 'Porsche 911 Turbo GTstreet Cabrio', NULL, NULL),
(5190, 130, 'Porsche 911 Turbo GTstreet R', NULL, NULL),
(5191, 130, 'Porsche Boxster', NULL, NULL),
(5192, 130, 'Porsche Carrera GT', NULL, NULL),
(5193, 130, 'Porsche Cayenne', NULL, NULL),
(5194, 130, 'Porsche 911 GT2 GTstreet RS', NULL, NULL),
(5195, 130, 'Porsche 911 Turbo GTstreet', NULL, NULL),
(5196, 130, 'Porsche Cayenne Magnum', NULL, NULL),
(5197, 130, 'Porsche Cayman', NULL, NULL),
(5198, 130, 'Porsche Cayman S', NULL, NULL),
(5199, 130, 'Porsche Panamera', NULL, NULL),
(5200, 130, 'Porsche 911 Carrera S Police Car', NULL, NULL),
(5201, 130, 'Porsche Panamera Black Edition', NULL, NULL),
(5202, 130, 'GTsport', NULL, NULL),
(5203, 130, 'Porsche Panamera GrandGT', NULL, NULL),
(5204, 131, 'Roadster 2.5', NULL, NULL),
(5205, 131, 'Roadster UK-Version', NULL, NULL),
(5206, 131, 'Roadster TAG Heuer', NULL, NULL),
(5207, 131, 'Roadster Sport', NULL, NULL),
(5208, 131, 'Model S Concept', NULL, NULL),
(5209, 131, 'Roadster', NULL, NULL),
(5210, 132, 'city', NULL, NULL),
(5211, 133, '1X Concept', NULL, NULL),
(5212, 133, '4Runner', NULL, NULL),
(5213, 133, 'A-BAT Concept', NULL, NULL),
(5214, 133, 'Alessandro Volta Concept ItalDesign', NULL, NULL),
(5215, 133, 'Aurion', NULL, NULL),
(5216, 133, 'Prius Plus', NULL, NULL),
(5217, 133, 'Auris', NULL, NULL),
(5218, 133, 'Auris HSD Full Hybrid Concept', NULL, NULL),
(5219, 133, 'Auris Space Concept', NULL, NULL),
(5220, 133, 'Auris Touring Sports', NULL, NULL),
(5221, 133, 'Avalon', NULL, NULL),
(5222, 133, 'Avalon Limited', NULL, NULL),
(5223, 133, 'Avalon Touring', NULL, NULL),
(5224, 133, 'Avalon XLS', NULL, NULL),
(5225, 133, 'Avensis', NULL, NULL),
(5226, 133, 'Tacoma', NULL, NULL),
(5227, 133, 'Avensis Estate', NULL, NULL),
(5228, 133, 'NS4 Advanced Plug-in Hybrid Concept', NULL, NULL),
(5229, 133, 'Avensis Liftback', NULL, NULL),
(5230, 133, 'Avensis Sedan', NULL, NULL),
(5231, 133, 'Avensis Tourer', NULL, NULL),
(5232, 133, 'Avensis Wagon', NULL, NULL),
(5233, 133, 'Aygo', NULL, NULL),
(5234, 133, 'Aygo Crazy Concept', NULL, NULL),
(5235, 133, '86 GTS', NULL, NULL),
(5236, 133, 'Yaris HSD Concept', NULL, NULL),
(5237, 133, 'Sienna', NULL, NULL),
(5238, 133, 'Sequoia', NULL, NULL),
(5239, 133, 'RAV4', NULL, NULL),
(5240, 133, 'Prius C Concept', NULL, NULL),
(5241, 133, 'Matrix', NULL, NULL),
(5242, 133, 'Highlander Hybrid', NULL, NULL),
(5243, 133, 'Highlander', NULL, NULL),
(5244, 133, 'Fun Vii Concept', NULL, NULL),
(5245, 133, 'FT-86 II Concept', NULL, NULL),
(5246, 133, 'Corolla', NULL, NULL),
(5247, 133, 'Auris HSD', NULL, NULL),
(5248, 133, 'iQ3', NULL, NULL),
(5249, 133, 'Yaris', NULL, NULL),
(5250, 133, 'Verso', NULL, NULL),
(5251, 133, 'Tundra Regular Cab', NULL, NULL),
(5252, 133, 'Tundra CrewMax', NULL, NULL),
(5253, 133, 'Tundra', NULL, NULL),
(5254, 133, 'RAV4 EV Concept', NULL, NULL),
(5255, 133, 'Prius', NULL, NULL),
(5256, 133, 'Land Cruiser V8', NULL, NULL),
(5257, 133, 'Land Cruiser', NULL, NULL),
(5258, 133, 'FT-EV II Concept', NULL, NULL),
(5259, 133, 'FT-CH Concept', NULL, NULL),
(5260, 133, 'FT-86G Sports Concept', NULL, NULL),
(5261, 133, 'Camry', NULL, NULL),
(5262, 133, 'iQ', NULL, NULL),
(5263, 133, 'Yaris Sedan', NULL, NULL),
(5264, 133, 'Yaris 5-door', NULL, NULL),
(5265, 133, 'Yaris 3-door', NULL, NULL),
(5266, 133, 'Venza', NULL, NULL),
(5267, 133, 'Urban Cruiser', NULL, NULL),
(5268, 133, 'Aygo for Sport Concept', NULL, NULL),
(5269, 133, 'Camry AU Version', NULL, NULL),
(5270, 133, 'Camry CNG Hybrid Concept', NULL, NULL),
(5271, 133, 'Camry Daytona 500 Pace Car', NULL, NULL),
(5272, 133, 'Camry Hybrid', NULL, NULL),
(5273, 133, 'Camry SE', NULL, NULL),
(5274, 133, 'Camry Solara Convertible V6 SE', NULL, NULL),
(5275, 133, 'Camry Solara Coupe', NULL, NULL),
(5276, 133, 'Camry XLE', NULL, NULL),
(5277, 133, 'Celica', NULL, NULL),
(5278, 133, 'Celica GTS', NULL, NULL),
(5279, 133, 'Celica T Sport', NULL, NULL),
(5280, 133, 'Corolla Sedan', NULL, NULL),
(5281, 133, 'Corolla Verso D4D', NULL, NULL),
(5282, 133, 'Corolla Verso VVTi', NULL, NULL),
(5283, 133, 'Crown Hybrid Concept', NULL, NULL),
(5284, 133, 'CSandS Concept', NULL, NULL),
(5285, 133, 'Endo Concept', NULL, NULL),
(5286, 133, 'F3R Concept', NULL, NULL),
(5287, 133, 'FCV-R Concept', NULL, NULL),
(5288, 133, 'FINES FuelCell Concept', NULL, NULL),
(5289, 133, 'Fine-T Fuel Cell Hybrid Concept', NULL, NULL),
(5290, 133, 'FJ Cruiser', NULL, NULL),
(5291, 133, 'FJ Cruiser Concept', NULL, NULL),
(5292, 133, 'FT-86 Concept', NULL, NULL),
(5293, 133, 'FT-Bh Concept', NULL, NULL),
(5294, 133, 'FT-EV Concept', NULL, NULL),
(5295, 133, 'FT-HS Concept', NULL, NULL),
(5296, 133, 'FT-MV Concept', NULL, NULL),
(5297, 133, 'FTX Concept', NULL, NULL),
(5298, 133, 'GT 86', NULL, NULL),
(5299, 133, 'Hi-CT Concept', NULL, NULL),
(5300, 133, 'Hilux', NULL, NULL),
(5301, 133, 'Hilux High Power', NULL, NULL),
(5302, 133, 'Hybrid X Concept', NULL, NULL),
(5303, 133, 'iQ Concept', NULL, NULL),
(5304, 133, 'iQ EV', NULL, NULL),
(5305, 133, 'i-Real Concept', NULL, NULL),
(5306, 133, 'ist Concept', NULL, NULL),
(5307, 133, 'Land Cruiser 3d', NULL, NULL),
(5308, 133, 'Land Cruiser 5d', NULL, NULL),
(5309, 133, 'Land Cruiser Amazon', NULL, NULL),
(5310, 133, 'Motor Triathlon Race Car Concept', NULL, NULL),
(5311, 133, 'MR2', NULL, NULL),
(5312, 133, 'Prius C', NULL, NULL),
(5313, 133, 'Prius Plug-in Hybrid', NULL, NULL),
(5314, 133, 'Prius Plug-in Hybrid Concept', NULL, NULL),
(5315, 133, 'Prius V', NULL, NULL),
(5316, 133, 'RAV4 3door', NULL, NULL),
(5317, 133, 'RAV4 D4D', NULL, NULL),
(5318, 133, 'RAV4 EU Version', NULL, NULL),
(5319, 133, 'RAV4 EV', NULL, NULL),
(5320, 133, 'RAV4 Sports Concept', NULL, NULL),
(5321, 133, 'RAV4 X', NULL, NULL),
(5322, 133, 'RiN Concept', NULL, NULL),
(5323, 133, 'Supra', NULL, NULL),
(5324, 133, 'Tacoma XRunner', NULL, NULL),
(5325, 133, 'TRD Aurion', NULL, NULL),
(5326, 133, 'Tundra NASCAR Craftsman Series Truck', NULL, NULL),
(5327, 133, 'Verso-S', NULL, NULL),
(5328, 133, 'Yaris Cabrio Concept', NULL, NULL),
(5329, 133, 'Yaris Hybrid', NULL, NULL),
(5330, 133, 'Yaris T Sport', NULL, NULL),
(5331, 133, 'Yaris Trend', NULL, NULL),
(5332, 133, 'Yaris TS', NULL, NULL),
(5333, 133, 'Yaris TS Concept', NULL, NULL),
(5334, 133, 'Yaris Verso', NULL, NULL),
(5335, 134, 'R', NULL, NULL),
(5336, 134, 'Tramontanat', NULL, NULL),
(5337, 135, 'Thunderbird Glass Roof Concept', NULL, NULL),
(5338, 136, 'Adam', NULL, NULL),
(5339, 136, 'Agila', NULL, NULL),
(5340, 136, 'Antara', NULL, NULL),
(5341, 136, 'Astra', NULL, NULL),
(5342, 136, 'Ampera', NULL, NULL),
(5343, 136, 'Astra 5-door', NULL, NULL),
(5344, 136, 'Astra Convertible', NULL, NULL),
(5345, 136, 'Astra Coupe', NULL, NULL),
(5346, 136, 'Astra Coupe 888', NULL, NULL),
(5347, 136, 'Astra Estate', NULL, NULL),
(5348, 136, 'Astra GTC', NULL, NULL),
(5349, 136, 'Astra Sport Hatch', NULL, NULL),
(5350, 136, 'Insignia VXR Sports Tourer', NULL, NULL),
(5351, 136, 'Astra Sports Tourer', NULL, NULL),
(5352, 136, 'Astra TwinTop', NULL, NULL),
(5353, 136, 'Astra VXR', NULL, NULL),
(5354, 136, 'Corsa', NULL, NULL),
(5355, 136, 'VXR8 Bathurst S', NULL, NULL),
(5356, 136, 'Insignia', NULL, NULL),
(5357, 136, 'Corsa 3-door', NULL, NULL),
(5358, 136, 'Corsa 5-door', NULL, NULL),
(5359, 136, 'Corsa VXR', NULL, NULL),
(5360, 136, 'Corsa VXR Nurburgring Edition', NULL, NULL),
(5361, 136, 'GTC Paris Concept', NULL, NULL),
(5362, 136, 'Vectra Estate', NULL, NULL),
(5363, 136, 'Insignia Sports Tourer', NULL, NULL),
(5364, 136, 'Signum', NULL, NULL),
(5365, 136, 'Meriva VXR', NULL, NULL),
(5366, 136, 'Insignia VXR', NULL, NULL),
(5367, 136, 'Meriva', NULL, NULL),
(5368, 136, 'Astra Panoramic', NULL, NULL),
(5369, 136, 'Mokka', NULL, NULL),
(5370, 136, 'Monaro V8', NULL, NULL),
(5371, 136, 'Monaro VXR', NULL, NULL),
(5372, 136, 'Omega', NULL, NULL),
(5373, 136, 'Tigra', NULL, NULL),
(5374, 136, 'Union Jack VX220', NULL, NULL),
(5375, 136, 'Vectra', NULL, NULL),
(5376, 136, 'Vectra VXR', NULL, NULL),
(5377, 136, 'Vectra VXR Estate', NULL, NULL),
(5378, 136, 'VX Lightning Concept', NULL, NULL),
(5379, 136, 'VX220', NULL, NULL),
(5380, 136, 'VX220 Turbo', NULL, NULL),
(5381, 136, 'VXR220', NULL, NULL),
(5382, 136, 'VXR8', NULL, NULL),
(5383, 136, 'Zafira', NULL, NULL),
(5384, 136, 'Zafira Tourer', NULL, NULL),
(5385, 136, 'Frontera', NULL, NULL),
(5386, 136, 'Zafira Tourer Concept', NULL, NULL),
(5387, 136, 'Zafira VXR', NULL, NULL),
(5388, 137, 'Fetish', NULL, NULL),
(5389, 137, 'America', NULL, NULL),
(5390, 137, 'Volage Concept', NULL, NULL),
(5391, 137, 'Eclectic', NULL, NULL),
(5392, 137, 'Astrolab', NULL, NULL),
(5393, 138, '411', NULL, NULL),
(5394, 138, '1500', NULL, NULL),
(5395, 138, '1-Litre Car Concept', NULL, NULL),
(5396, 138, 'Scirocco GTS', NULL, NULL),
(5397, 138, 'AAC Concept', NULL, NULL),
(5398, 138, 'Amarok', NULL, NULL),
(5399, 138, 'Beetle', NULL, NULL),
(5400, 138, 'Beetle Convertible', NULL, NULL),
(5401, 138, 'Beetle Fender Edition', NULL, NULL),
(5402, 138, 'Beetle Last Edition', NULL, NULL),
(5403, 138, 'Beetle R-Line', NULL, NULL),
(5404, 138, 'Beetle TDI', NULL, NULL),
(5405, 138, 'Bora', NULL, NULL),
(5406, 138, 'Bora Variant', NULL, NULL),
(5407, 138, 'Buggy Up Concept', NULL, NULL),
(5408, 138, 'Caddy Cross', NULL, NULL),
(5409, 138, 'CC', NULL, NULL),
(5410, 138, 'Concept D', NULL, NULL),
(5411, 138, 'Concept R', NULL, NULL),
(5412, 138, 'Polo R WRC Street Concept', NULL, NULL),
(5413, 138, 'Polo R WRC Concept', NULL, NULL),
(5414, 138, 'Corrado SLC', NULL, NULL),
(5415, 138, 'Cross Coupe Concept', NULL, NULL),
(5416, 138, 'Cross Coupe TDI Concept', NULL, NULL),
(5417, 138, 'Cross Up Concept', NULL, NULL),
(5418, 138, 'CrossGolf', NULL, NULL),
(5419, 138, 'CrossPolo', NULL, NULL),
(5420, 138, 'Derby', NULL, NULL),
(5421, 138, 'E-Bugster Concept', NULL, NULL),
(5422, 138, 'E-Bugster Speedster Concept', NULL, NULL),
(5423, 138, 'Eos', NULL, NULL),
(5424, 138, 'eT Concept', NULL, NULL),
(5425, 138, 'e-Up Concept', NULL, NULL),
(5426, 138, 'Touran', NULL, NULL),
(5427, 138, 'Touareg', NULL, NULL),
(5428, 138, 'Sharan', NULL, NULL),
(5429, 138, 'Gol 2-door', NULL, NULL),
(5430, 138, 'Golf', NULL, NULL),
(5431, 138, 'Golf BlueMotion Concept', NULL, NULL),
(5432, 138, 'Phaeton', NULL, NULL),
(5433, 138, 'Golf Cabrio', NULL, NULL),
(5434, 138, 'Passat', NULL, NULL),
(5435, 138, 'Golf Cabriolet', NULL, NULL),
(5436, 138, 'Jetta EU Version', NULL, NULL),
(5437, 138, 'Golf Cabriolet Last Edition', NULL, NULL),
(5438, 138, 'Golf eGeneration', NULL, NULL),
(5439, 138, 'Golf GTI 25th Anniversary', NULL, NULL),
(5440, 138, 'Golf GTI Cabriolet', NULL, NULL),
(5441, 138, 'Golf GTI Cabriolet Concept', NULL, NULL),
(5442, 138, 'CrossTouran', NULL, NULL),
(5443, 138, 'Golf GTI Concept', NULL, NULL),
(5444, 138, 'Bulli Concept', NULL, NULL),
(5445, 138, 'Golf GTI Edition 35', NULL, NULL),
(5446, 138, 'Beetle R Concept', NULL, NULL),
(5447, 138, 'Golf GTI Pirelli', NULL, NULL),
(5448, 138, 'Golf I', NULL, NULL),
(5449, 138, 'Golf I GTI', NULL, NULL),
(5450, 138, 'Polo 3-Door', NULL, NULL),
(5451, 138, 'Polo', NULL, NULL),
(5452, 138, 'Golf II', NULL, NULL),
(5453, 138, 'Golf II GTI', NULL, NULL),
(5454, 138, 'Milano Taxi Concept', NULL, NULL),
(5455, 138, 'London Taxi Concept', NULL, NULL),
(5456, 138, 'Golf blue-e-motion Concept', NULL, NULL),
(5457, 138, 'Golf Variant', NULL, NULL),
(5458, 138, 'Golf R', NULL, NULL),
(5459, 138, 'Golf GTI US-Version', NULL, NULL),
(5460, 138, 'Golf GTI', NULL, NULL),
(5461, 138, 'Golf GTD', NULL, NULL),
(5462, 138, 'Berlin Taxi Concept', NULL, NULL),
(5463, 138, 'Up Lite Concept', NULL, NULL),
(5464, 138, 'Touareg North Sails', NULL, NULL),
(5465, 138, 'Scirocco', NULL, NULL),
(5466, 138, 'Routan', NULL, NULL),
(5467, 138, 'Polo BlueMotion Concept', NULL, NULL),
(5468, 138, 'Passat CC', NULL, NULL),
(5469, 138, 'L1 Concept', NULL, NULL),
(5470, 138, 'Golf Plus', NULL, NULL),
(5471, 138, 'Gol', NULL, NULL),
(5472, 138, 'BlueSport Concept', NULL, NULL),
(5473, 138, 'Touareg R50', NULL, NULL),
(5474, 138, 'Touareg BlueTDI', NULL, NULL),
(5475, 138, 'Tiguan R-Line', NULL, NULL),
(5476, 138, 'Tiguan Prototype', NULL, NULL),
(5477, 138, 'Tiguan', NULL, NULL),
(5478, 138, 'Scirocco Studie R Concept', NULL, NULL),
(5479, 138, 'Pickup Concept', NULL, NULL),
(5480, 138, 'Passat Variant BlueMotion', NULL, NULL),
(5481, 138, 'Passat CC Performance Concept', NULL, NULL),
(5482, 138, 'Golf BlueMotion', NULL, NULL),
(5483, 138, 'Up Concept', NULL, NULL),
(5484, 138, 'Space Up Concept', NULL, NULL),
(5485, 138, 'Space Up Blue Concept', NULL, NULL),
(5486, 138, 'Passat R36', NULL, NULL),
(5487, 138, 'Multivan Startline', NULL, NULL),
(5488, 138, 'Golf Variant RaVe 270 Concept', NULL, NULL),
(5489, 138, 'Golf GTI W12 650 Concept', NULL, NULL),
(5490, 138, 'Tiguan Concept', NULL, NULL),
(5491, 138, 'Thunder Bunny Concept', NULL, NULL),
(5492, 138, 'Rabbit', NULL, NULL),
(5493, 138, 'R GTI Concept', NULL, NULL),
(5494, 138, 'Polo GTI', NULL, NULL),
(5495, 138, 'Polo BlueMotion', NULL, NULL),
(5496, 138, 'Passat Variant', NULL, NULL),
(5497, 138, 'Neeza Concept', NULL, NULL),
(5498, 138, 'Jetta GLI', NULL, NULL),
(5499, 138, 'Jetta 2.5', NULL, NULL),
(5500, 138, 'Jetta', NULL, NULL),
(5501, 138, 'IROC Concept', NULL, NULL),
(5502, 138, 'Golf GTI Edition 30', NULL, NULL),
(5503, 138, 'Golf GT', NULL, NULL),
(5504, 138, 'GX3 Concept', NULL, NULL),
(5505, 138, 'Concept A', NULL, NULL),
(5506, 138, 'Touareg V6 TDI with Exclusive Equipment', NULL, NULL),
(5507, 138, 'Touareg V6 TDI', NULL, NULL),
(5508, 138, 'Touareg R GT', NULL, NULL),
(5509, 138, 'Touareg Expedition', NULL, NULL),
(5510, 138, 'Polo Fun', NULL, NULL),
(5511, 138, 'Passat R GT', NULL, NULL),
(5512, 138, 'New Beetle Ragster Concept', NULL, NULL),
(5513, 138, 'New Beetle', NULL, NULL),
(5514, 138, 'Jetta R GT', NULL, NULL),
(5515, 138, 'Golf Speed', NULL, NULL),
(5516, 138, 'Golf R32', NULL, NULL),
(5517, 138, 'Fox 1.6', NULL, NULL),
(5518, 138, 'Fox 1.4', NULL, NULL),
(5519, 138, 'Fox 1.2', NULL, NULL),
(5520, 138, 'Fox', NULL, NULL),
(5521, 138, 'EcoRacer Prototype', NULL, NULL),
(5522, 138, 'Touareg W12 Sport', NULL, NULL),
(5523, 138, 'Sharan Special', NULL, NULL),
(5524, 138, 'RaceTouareg', NULL, NULL),
(5525, 138, 'Phaeton with Long Wheelbase', NULL, NULL),
(5526, 138, 'Phaeton V8 4.2 4MOTION', NULL, NULL),
(5527, 138, 'New Beetle Cabriolet Dark Flint Limited Edition', NULL, NULL),
(5528, 138, 'Golf GTI 5-door', NULL, NULL),
(5529, 138, 'Concept T', NULL, NULL),
(5530, 138, 'Concept C', NULL, NULL),
(5531, 138, 'Tarek', NULL, NULL),
(5532, 138, 'Polo Sedan', NULL, NULL),
(5533, 138, 'Phaeton V10 TDI', NULL, NULL),
(5534, 138, 'New Beetle Sport Edition', NULL, NULL),
(5535, 138, 'Golf III', NULL, NULL),
(5536, 138, 'Golf III GTI', NULL, NULL),
(5537, 138, 'Golf III VR6', NULL, NULL),
(5538, 138, 'Golf IV', NULL, NULL),
(5539, 138, 'Golf IV GTI', NULL, NULL),
(5540, 138, 'Golf R Cabriolet Concept', NULL, NULL),
(5541, 138, 'Jetta Hybrid', NULL, NULL),
(5542, 138, 'K70', NULL, NULL),
(5543, 138, 'Lavida', NULL, NULL),
(5544, 138, 'Lupo', NULL, NULL),
(5545, 138, 'Lupo 3L TDI', NULL, NULL),
(5546, 138, 'Lupo GTI', NULL, NULL),
(5547, 138, 'Magellan Concept', NULL, NULL),
(5548, 138, 'Microbus Concept', NULL, NULL),
(5549, 138, 'New Beetle Cabriolet', NULL, NULL),
(5550, 138, 'New Beetle Dune Concept', NULL, NULL),
(5551, 138, 'New Beetle USA Version', NULL, NULL),
(5552, 138, 'New Compact Coupe Concept', NULL, NULL),
(5553, 138, 'NILS Concept', NULL, NULL),
(5554, 138, 'Noah', NULL, NULL),
(5555, 138, 'Passat Alltrack', NULL, NULL),
(5556, 138, 'Passat CC R-Line', NULL, NULL),
(5557, 138, 'Passat Estate', NULL, NULL),
(5558, 138, 'Passat US Version', NULL, NULL),
(5559, 138, 'Passat W8', NULL, NULL),
(5560, 138, 'Passat W8 Variant', NULL, NULL),
(5561, 138, 'Polo BlueGT', NULL, NULL),
(5562, 138, 'Polo Classic', NULL, NULL),
(5563, 138, 'Polo Saloon', NULL, NULL),
(5564, 138, 'Polo Variant', NULL, NULL),
(5565, 138, 'Race Touareg 3 Qatar Concept', NULL, NULL),
(5566, 138, 'Santana new', NULL, NULL),
(5567, 138, 'Scirocco R', NULL, NULL),
(5568, 138, 'Taigun Concept', NULL, NULL),
(5569, 138, 'Touareg Edition X', NULL, NULL),
(5570, 138, 'Up', NULL, NULL),
(5571, 138, 'Up 4-door', NULL, NULL),
(5572, 138, 'Vento', NULL, NULL),
(5573, 138, 'Vento VR6', NULL, NULL),
(5574, 138, 'W12 Concept', NULL, NULL),
(5575, 138, 'W12 Coupe Concept', NULL, NULL),
(5576, 138, 'XL1 Concept', NULL, NULL),
(5577, 139, '780', NULL, NULL),
(5578, 139, '3CC Concept', NULL, NULL),
(5579, 139, 'ACC 2 Concept', NULL, NULL),
(5580, 139, 'Air Motion Concept', NULL, NULL),
(5581, 139, 'C30', NULL, NULL),
(5582, 139, 'C30 BEV', NULL, NULL),
(5583, 139, 'C30 Design Concept', NULL, NULL),
(5584, 139, 'XC90', NULL, NULL),
(5585, 139, 'C30 DRIVe', NULL, NULL),
(5586, 139, 'C30 Heico Concept', NULL, NULL),
(5587, 139, 'C30 Polestar Concept', NULL, NULL),
(5588, 139, 'C70', NULL, NULL),
(5589, 139, 'C70 Convertible', NULL, NULL),
(5590, 139, 'C70 Coupe', NULL, NULL),
(5591, 139, 'Caresto C70', NULL, NULL),
(5592, 139, 'Caresto V8 Speedster Concept', NULL, NULL),
(5593, 139, 'Evolve S40 Concept', NULL, NULL),
(5594, 139, 'Heico C30 SEMA Concept', NULL, NULL),
(5595, 139, 'Heico S80 SEMA Concept', NULL, NULL),
(5596, 139, 'PCC 2 Concept', NULL, NULL),
(5597, 139, 'PV36 Carioca', NULL, NULL),
(5598, 139, 'ReCharge Concept', NULL, NULL),
(5599, 139, 'S40', NULL, NULL),
(5600, 139, 'S40 DRIVe', NULL, NULL),
(5601, 139, 'S60', NULL, NULL),
(5602, 139, 'S60 AWD', NULL, NULL),
(5603, 139, 'S60 Concept', NULL, NULL),
(5604, 139, 'S60 Polestar Concept', NULL, NULL),
(5605, 139, 'S60 R', NULL, NULL),
(5606, 139, 'S60 R-Design', NULL, NULL),
(5607, 139, 'S80', NULL, NULL),
(5608, 139, 'S80 Heico Concept', NULL, NULL),
(5609, 139, 'S80L', NULL, NULL),
(5610, 139, 'SCC Concept', NULL, NULL),
(5611, 139, 'T6 Roadster Concept', NULL, NULL),
(5612, 139, 'Universe Concept', NULL, NULL),
(5613, 139, 'XC90 Sport', NULL, NULL),
(5614, 139, 'V40', NULL, NULL),
(5615, 139, 'V40 Cross Country', NULL, NULL),
(5616, 139, 'V40 R-Design', NULL, NULL),
(5617, 139, 'V50', NULL, NULL),
(5618, 139, 'V50 DRIVe', NULL, NULL),
(5619, 139, 'V50 Romero Britto', NULL, NULL),
(5620, 139, 'V50 SV Concept', NULL, NULL),
(5621, 139, 'V60', NULL, NULL),
(5622, 139, 'V60 Plug-in Hybrid', NULL, NULL),
(5623, 139, 'V60 R-Design', NULL, NULL),
(5624, 139, 'V70', NULL, NULL),
(5625, 139, 'V70 Police car', NULL, NULL),
(5626, 139, 'V70 R', NULL, NULL),
(5627, 139, 'V70 R-Design', NULL, NULL),
(5628, 139, 'V70 XC', NULL, NULL),
(5629, 139, 'VCC Concept', NULL, NULL),
(5630, 139, 'XC60', NULL, NULL),
(5631, 139, 'XC60 Concept', NULL, NULL),
(5632, 139, 'XC60 Plug-in Hybrid Concept', NULL, NULL),
(5633, 139, 'XC60 R-Design', NULL, NULL),
(5634, 139, 'XC70', NULL, NULL),
(5635, 139, 'XC70 AT Concept', NULL, NULL),
(5636, 139, 'XC70 Surf Rescue Concept', NULL, NULL),
(5637, 139, 'XC90 Lego Replica', NULL, NULL),
(5638, 139, 'ACC Concept', NULL, NULL),
(5639, 139, 'XC90 PUV Concept', NULL, NULL),
(5640, 139, 'PCC Concept', NULL, NULL),
(5641, 139, 'XC90 Supercharged V8', NULL, NULL),
(5642, 139, 'XC90 V8 AWD', NULL, NULL),
(5643, 139, 'YCC Concept', NULL, NULL),
(5644, 139, 'You Concept', NULL, NULL),
(5645, 140, 'Bentley Continental Flying Spur', NULL, NULL),
(5646, 140, 'Bentley Continental GT', NULL, NULL),
(5647, 140, 'Bentley Continental GT Black Bison', NULL, NULL),
(5648, 140, 'Bentley Flying Spur Black Bison', NULL, NULL),
(5649, 140, 'BMW 3-Series', NULL, NULL),
(5650, 140, 'BMW 5-Series F10', NULL, NULL),
(5651, 140, 'BMW 7-Series F01 Black Bison', NULL, NULL),
(5652, 140, 'BMW M5', NULL, NULL),
(5653, 140, 'Infiniti G Sedan V36', NULL, NULL),
(5654, 140, 'Jaguar XJ X350', NULL, NULL),
(5655, 140, 'Land Rover Range Rover', NULL, NULL),
(5656, 140, 'Land Rover Range Rover Mk II', NULL, NULL),
(5657, 140, 'Mercedes-Benz R-Class W251', NULL, NULL),
(5658, 140, 'Lexus IS-F', NULL, NULL),
(5659, 140, 'Lexus IS', NULL, NULL),
(5660, 140, 'Nissan GT-R', NULL, NULL),
(5661, 140, 'Lexus LS', NULL, NULL),
(5662, 140, 'Lexus LS460', NULL, NULL),
(5663, 140, 'Lexus LS600h', NULL, NULL),
(5664, 140, 'Lexus LS600h Black Bison', NULL, NULL),
(5665, 140, 'Lexus LX570', NULL, NULL),
(5666, 140, 'Lexus RX', NULL, NULL),
(5667, 140, 'Maserati Quattroporte Black Bison', NULL, NULL),
(5668, 140, 'Mercedes-Benz C-Class', NULL, NULL),
(5669, 140, 'Mercedes-Benz C-Class Wagon', NULL, NULL),
(5670, 140, 'Mercedes-Benz CL-Class', NULL, NULL),
(5671, 140, 'Lexus SC', NULL, NULL),
(5672, 140, 'Lexus GS', NULL, NULL),
(5673, 140, 'Mercedes-Benz CL-Class Monster', NULL, NULL),
(5674, 140, 'Mercedes-Benz CL-Class W140', NULL, NULL),
(5675, 140, 'Mercedes-Benz CL-Class W215', NULL, NULL),
(5676, 140, 'Mercedes-Benz CLS-Class', NULL, NULL),
(5677, 140, 'Mercedes-Benz E-Class', NULL, NULL),
(5678, 140, 'BMW 7-Series', NULL, NULL),
(5679, 140, 'BMW 6-Series', NULL, NULL),
(5680, 140, 'Aston Martin DB7', NULL, NULL),
(5681, 140, 'Mercedes-Benz E-Class W212 Black Bison', NULL, NULL),
(5682, 140, 'Mercedes-Benz E-Class Wagon', NULL, NULL),
(5683, 140, 'Mercedes-Benz M-Class', NULL, NULL),
(5684, 140, 'Mercedes-Benz S-Class', NULL, NULL),
(5685, 140, 'Nissan March', NULL, NULL),
(5686, 140, 'Mercedes-Benz S-Class W220 Black Bison', NULL, NULL),
(5687, 140, 'Mercedes-Benz S-Class W140', NULL, NULL),
(5688, 140, 'Mercedes-Benz S-Class W220', NULL, NULL),
(5689, 140, 'Lamborghini Murcielago', NULL, NULL),
(5690, 140, 'Toyota Celsior', NULL, NULL),
(5691, 140, 'Mercedes-Benz S-Class W221', NULL, NULL),
(5692, 140, 'Mercedes-Benz S-Class W221 Black Bison', NULL, NULL),
(5693, 140, 'Mercedes-Benz SL-Class', NULL, NULL),
(5694, 140, 'Mercedes-Benz SL-Class R129', NULL, NULL),
(5695, 140, 'Mercedes-Benz SL-Class R230', NULL, NULL),
(5696, 140, 'Mercedes-Benz Viano', NULL, NULL),
(5697, 140, 'Mercedes-Benz Vito', NULL, NULL),
(5698, 140, 'Mercedes-Benz W124 E', NULL, NULL),
(5699, 140, 'Mercedes-Benz W124 TE', NULL, NULL),
(5700, 140, 'Nissan Z33', NULL, NULL),
(5701, 140, 'Rolls-Royce Phantom Black Bison', NULL, NULL),
(5702, 140, 'Toyota Alphard', NULL, NULL),
(5703, 140, 'Toyota Altezza', NULL, NULL),
(5704, 140, 'Mercedes-Benz W126 SEL', NULL, NULL),
(5705, 140, 'Mercedes-Benz W126 SEC', NULL, NULL),
(5706, 140, 'Toyota Land Cruiser', NULL, NULL),
(5707, 140, 'Toyota Vellfire', NULL, NULL),
(5708, 140, 'Mercedes-Benz W124 CE', NULL, NULL),
(5709, 140, 'Nissan Primera', NULL, NULL),
(5710, 141, 'Spyder Concept', NULL, NULL),
(5711, 141, 'Roadster MF5', NULL, NULL),
(5712, 141, 'GT MF5', NULL, NULL),
(5713, 141, 'Roadster', NULL, NULL),
(5714, 141, 'GT', NULL, NULL),
(5715, 142, 'Roadster 3.2', NULL, NULL),
(5716, 142, 'Roadster', NULL, NULL),
(5717, 142, 'Clubsport', NULL, NULL),
(5718, 143, 'Z-One', NULL, NULL),
(5719, 144, 'Z-One', NULL, NULL);

-- --------------------------------------------------------

--
-- Table structure for table `car_showroom`
--

CREATE TABLE IF NOT EXISTS `car_showroom` (
  `id` int(11) NOT NULL,
  `dealer_id` int(11) DEFAULT NULL,
  `name` varchar(250) DEFAULT NULL,
  `tax` varchar(250) DEFAULT NULL,
  `logo` varchar(250) DEFAULT NULL,
  `email` varchar(250) DEFAULT NULL,
  `website` varchar(250) DEFAULT NULL,
  `phone` varchar(250) DEFAULT NULL,
  `address` varchar(250) DEFAULT NULL,
  `city` varchar(250) DEFAULT NULL,
  `state` varchar(250) DEFAULT NULL,
  `country` varchar(250) DEFAULT NULL,
  `zip` int(11) DEFAULT NULL,
  `latitude` varchar(250) DEFAULT NULL,
  `longitude` varchar(250) DEFAULT NULL,
  `short_address` varchar(255) DEFAULT NULL,
  `location_id` varchar(255) DEFAULT NULL,
  `sub_location_id` int(11) DEFAULT NULL
) ENGINE=MyISAM AUTO_INCREMENT=9 DEFAULT CHARSET=latin1;

--
-- Dumping data for table `car_showroom`
--

INSERT INTO `car_showroom` (`id`, `dealer_id`, `name`, `tax`, `logo`, `email`, `website`, `phone`, `address`, `city`, `state`, `country`, `zip`, `latitude`, `longitude`, `short_address`, `location_id`, `sub_location_id`) VALUES
(1, 1, 'chola', '89788888888', 'uploads/1493269517_1489983121_logo_48a42b1c530d3afb05177c1b30c8dde1.jpg', 'chola@gmail.com', 'www.chola.com', '9578656943', 'Hyderabad, Telangana, India', 'Hyderabad', 'Telangana', 'India', 0, '17.385044', '78.486671', 'Hyderabad', '2', 13),
(2, 3, 'Presto ', '89788888888', 'uploads/1493723253_logo_75ce8978ac7a2a1d9ad996ae7a464924.jpg', 'presto@gmail.com', 'www.presto.com', '4534345345345', 'Canary Wharf, Stratford, London, United Kingdom', 'London', 'England', 'United Kingdom', 0, '51.5054306', '-0.023533300000053714', 'Canary Wharf', '2', 13),
(3, 3, 'Audi', '89788888888', 'uploads/1493723239_logo_f454bc513e29a440253838b7013ab76b.jpg', 'milan@gmail.com', 'www.milan.com', '4534345345345', 'Bangalore Cantonment, Cantonment Railway Station Road, Cantonment Railway Quarters, Bengaluru, Karnataka, India', 'Bengaluru', 'Karnataka', 'India', 560046, '12.9936898', '77.59814219999998', 'Bangalore Cantonment', '1', 8),
(4, 2, ' Milan Chica', '89788888888', 'uploads/1493724601_logo_48a42b1c530d3afb05177c1b30c8dde1.jpg', 'ferrari@gmail.com', 'www.milan.com', '4534345345345', 'Hyderabad - Warangal Highway, Sudha Nagar, Raganna Darwaja, Hanamkonda, Telangana, India', 'Hanamkonda', 'Telangana', 'India', 506011, '17.6736978', '79.09625970000002', 'Hyderabad - Warangal Highway', '2', 13),
(5, 2, ' Tulip ', '89788888888', 'uploads/1493785736_logo_48a42b1c530d3afb05177c1b30c8dde1.jpg', 'forstulip@gmail.com', 'www.ford.com', '4534345345345', 'Delhi Noida Direct Flyway, Okhla Bird Sanctury, Noida, Delhi, India', 'Noida', 'Delhi', 'India', 201301, '28.5760255', '77.30330189999995', 'Delhi Noida Direct Flyway', '4', 14),
(6, 3, '  Class Pretty', '89788888888', 'uploads/1493785726_logo_f454bc513e29a440253838b7013ab76b.jpg', 'jesse@gmail.com', 'www.cityride.com', '4534345345345', 'Chennai Central, Station Road, Kannappar Thidal, Chennai, Tamil Nadu, India', 'Chennai', 'Tamil Nadu', 'India', 600003, '13.0823353', '80.2754473', 'Chennai Central', '11', 15),
(7, 2, '  Simona', '89788888888', 'uploads/1493785717_logo_75ce8978ac7a2a1d9ad996ae7a464924.jpg', 'jessehundayi@gmail.com', 'www.jessehundayi.com', '4534345345345', 'Coimbatore Junction, State Bank Road, Gopalapuram, Coimbatore, Tamil Nadu, India', 'Coimbatore', 'Tamil Nadu', 'India', 641001, '10.9963653', '76.96722180000006', 'Coimbatore Junction', '13', 16),
(8, 3, ' volvo Lila', '89788888888', 'uploads/1493726653_logo_48a42b1c530d3afb05177c1b30c8dde1.jpg', 'cadal@gmail.com', 'www.cadalvolvo.com', '4534345345345', 'kochi', '', NULL, NULL, NULL, '', '', 'kochi', '14', 17);

-- --------------------------------------------------------

--
-- Table structure for table `commute`
--

CREATE TABLE IF NOT EXISTS `commute` (
  `id` int(11) NOT NULL,
  `name` varchar(255) DEFAULT NULL,
  `from_date` varchar(255) DEFAULT NULL,
  `to_date` varchar(255) DEFAULT NULL,
  `from_time` varchar(255) DEFAULT NULL,
  `to_time` varchar(255) DEFAULT NULL,
  `created_by` varchar(255) DEFAULT NULL,
  `created_on` varchar(255) DEFAULT NULL
) ENGINE=MyISAM AUTO_INCREMENT=7 DEFAULT CHARSET=latin1;

--
-- Dumping data for table `commute`
--

INSERT INTO `commute` (`id`, `name`, `from_date`, `to_date`, `from_time`, `to_time`, `created_by`, `created_on`) VALUES
(4, 'June Third', '18-06-2017', '24-06-2017', '08:00 AM', '03:00 PM', '1', '2017-04-28  13:38:58'),
(6, 'June First', '04-06-2017', '10-06-2017', '01:00 AM', '01:00 PM', '1', '2017-04-27  09:23:36'),
(5, 'June Second', '11-06-2017', '17-06-2017', '04:00 AM', '03:00 PM', '1', '2017-04-28  12:50:11');

-- --------------------------------------------------------

--
-- Table structure for table `commute_package`
--

CREATE TABLE IF NOT EXISTS `commute_package` (
  `id` int(11) NOT NULL,
  `commute_id` int(11) DEFAULT NULL,
  `listing_id` int(11) DEFAULT NULL,
  `limit_start_km` varchar(255) DEFAULT NULL,
  `limit_start_price` varchar(255) DEFAULT NULL,
  `limit_end_km` varchar(255) DEFAULT NULL,
  `limit_end_price` varchar(255) DEFAULT NULL,
  `created_by` varchar(255) DEFAULT NULL,
  `created_on` varchar(255) DEFAULT NULL
) ENGINE=MyISAM AUTO_INCREMENT=9 DEFAULT CHARSET=latin1;

--
-- Dumping data for table `commute_package`
--

INSERT INTO `commute_package` (`id`, `commute_id`, `listing_id`, `limit_start_km`, `limit_start_price`, `limit_end_km`, `limit_end_price`, `created_by`, `created_on`) VALUES
(4, 5, 4, '200', '16800', '250', '17900', '1', '2017-05-03  06:39:34'),
(3, 6, 4, '100', '16000', '150', '16500', '1', '2017-05-03  06:38:50'),
(5, 4, 4, '300', '16900', '350', '18000', '1', '2017-05-03  06:37:52'),
(6, 6, 5, '400', '17000', '500', '17800', '1', '2017-05-03  07:00:59'),
(7, 5, 5, '550', '18000', '600', '18500', '1', '2017-05-03  07:01:59'),
(8, 4, 5, '600', '18500', '650', '19000', '1', '2017-05-03  07:03:17');

-- --------------------------------------------------------

--
-- Table structure for table `deal`
--

CREATE TABLE IF NOT EXISTS `deal` (
  `duration_id` int(11) DEFAULT NULL,
  `listing_id` int(11) NOT NULL,
  `id` int(11) NOT NULL,
  `from_date` varchar(255) NOT NULL,
  `to_date` varchar(255) NOT NULL,
  `from_time` varchar(255) NOT NULL,
  `to_time` varchar(255) NOT NULL,
  `time_diff` varchar(255) DEFAULT NULL COMMENT 'orderby->days->hours>minutes',
  `percentage` varchar(255) DEFAULT NULL,
  `original_price_normal` varchar(255) NOT NULL,
  `original_price_special` varchar(255) DEFAULT NULL,
  `original_price_super` varchar(255) DEFAULT NULL,
  `offer_price_normal` varchar(255) NOT NULL,
  `offer_price_special` varchar(255) DEFAULT NULL,
  `offer_price_super` varchar(255) DEFAULT NULL,
  `free_km_normal` varchar(255) NOT NULL,
  `free_km_special` varchar(255) DEFAULT NULL,
  `free_km_super` varchar(255) DEFAULT NULL,
  `created_on` varchar(255) NOT NULL,
  `created_by` varchar(255) NOT NULL
) ENGINE=MyISAM AUTO_INCREMENT=5 DEFAULT CHARSET=latin1;

--
-- Dumping data for table `deal`
--

INSERT INTO `deal` (`duration_id`, `listing_id`, `id`, `from_date`, `to_date`, `from_time`, `to_time`, `time_diff`, `percentage`, `original_price_normal`, `original_price_special`, `original_price_super`, `offer_price_normal`, `offer_price_special`, `offer_price_super`, `free_km_normal`, `free_km_special`, `free_km_super`, `created_on`, `created_by`) VALUES
(2, 5, 1, '04-05-2017', '05-05-2017', '01:00 AM', '02:00 AM', '5:1:0', '20', '8400', '8800', '9000', '2000', '1500', '2500', '20', '20', '20', '2017-04-27  10:44:58', '1'),
(2, 4, 2, '03-05-2017', '04-05-2017', '11:00 AM', '11:00 AM', '28:1:0', '20', '3000', '3500', '3500', '2400', '3200', '40', '25', '30', '50', '2017-04-27  13:02:14', '1'),
(2, 7, 3, '05-05-2017', '06-05-2017', '05:00 AM', '07:00 AM', '1:2:0', '20', '8400', '8500', '9000', '200', '300', '400', '20', '30', '40', '2017-05-03  10:38:13', '1'),
(2, 6, 4, '07-05-2017', '08-05-2017', '04:00 AM', '05:00 AM', '1:1:0', '20', '9000', '9500', '10000', '500', '600', '1000', '20', '30', '50', '2017-05-03  10:40:51', '1');

-- --------------------------------------------------------

--
-- Table structure for table `dealers`
--

CREATE TABLE IF NOT EXISTS `dealers` (
  `package_enddate` varchar(250) NOT NULL,
  `status` int(1) DEFAULT '0',
  `id` int(11) NOT NULL,
  `first_name` varchar(250) NOT NULL,
  `last_name` varchar(250) NOT NULL,
  `profile_picture` varchar(255) NOT NULL,
  `email` varchar(250) NOT NULL,
  `password` varchar(250) NOT NULL,
  `website` varchar(250) NOT NULL,
  `company` varchar(250) NOT NULL,
  `about_me` longtext NOT NULL,
  `comments` longtext NOT NULL,
  `phone` varchar(250) NOT NULL,
  `address` varchar(250) NOT NULL,
  `short_address` varchar(255) DEFAULT NULL,
  `city` varchar(250) NOT NULL,
  `state` varchar(250) NOT NULL,
  `country` varchar(250) NOT NULL,
  `zip` int(11) NOT NULL,
  `latitude` varchar(250) DEFAULT NULL,
  `longitude` varchar(250) DEFAULT NULL,
  `created_by` varchar(250) NOT NULL,
  `created_on` varchar(250) NOT NULL
) ENGINE=MyISAM AUTO_INCREMENT=5 DEFAULT CHARSET=latin1;

--
-- Dumping data for table `dealers`
--

INSERT INTO `dealers` (`package_enddate`, `status`, `id`, `first_name`, `last_name`, `profile_picture`, `email`, `password`, `website`, `company`, `about_me`, `comments`, `phone`, `address`, `short_address`, `city`, `state`, `country`, `zip`, `latitude`, `longitude`, `created_by`, `created_on`) VALUES
('2018-04-27', 1, 1, 'sivaraj', 'soman', 'uploads/1493268765_46.png', 'sivaraj@gmail.com', 'd41d8cd98f00b204e9800998ecf8427e', 'www.sivaraj.com', 'sivaraj', 'testtesttesttesttesttesttesttesttesttesttesttesttesttesttesttesttesttesttesttesttesttesttesttesttesttesttesttesttesttesttesttesttesttesttesttesttesttesttesttesttesttest', 'testtesttesttesttesttesttesttesttesttesttesttesttesttesttesttesttesttesttesttesttesttesttesttesttesttesttesttesttesttesttesttesttesttesttesttesttesttesttesttesttesttesttest', '9578656943', 'Chennai, Tamil Nadu, India', 'Chennai', 'Chennai', 'Tamil Nadu', 'India', 0, '13.0826802', '80.27071840000008', '1', '2017-04-27  06:51:27'),
('', 0, 2, 'Richard', 'Bach', 'uploads/1493721132_av1.jpg', 'richard@gmail.com', 'd41d8cd98f00b204e9800998ecf8427e', 'www.cityride.com', 'CityRide', 'Lorem ipsum dolor sit amet, amet in erat montes, habitant lacus vel laoreet, wisi arcu ad quis risus eu, vehicula curabitur erat praesent ut justo, amet cras magna neque condimentum erat. Ut ultricies per wisi ut, molestie non vitae. Integer sapien augue lorem rutrum, risus etiam, nunc mauris ipsum et auctor. Egestas faucibus integer dolor. Risus ipsum, venenatis mauris mauris cursus lectus justo. Elit aenean arcu amet adipiscing vel, cras vel sapien luctus quis, in nulla phasellus ac, vestibulum orci nec mattis blandit in dolor, autem in. Eget felis leo aliquam, sed placerat pellentesque, eleifend sed morbi erat a debitis, feugiat id duis et. Eget lectus duis neque velit.', 'Lorem ipsum dolor sit amet, amet in erat montes, habitant lacus vel laoreet, wisi arcu ad quis risus eu, vehicula curabitur erat praesent ut justo, amet cras magna neque condimentum erat. Ut ultricies per wisi ut, molestie non vitae. Integer sapien augue lorem rutrum, risus etiam, nunc mauris ipsum et auctor. Egestas faucibus integer dolor. Risus ipsum, venenatis mauris mauris cursus lectus justo. Elit aenean arcu amet adipiscing vel, cras vel sapien luctus quis, in nulla phasellus ac, vestibulum orci nec mattis blandit in dolor, autem in. Eget felis leo aliquam, sed placerat pellentesque, eleifend sed morbi erat a debitis, feugiat id duis et. Eget lectus duis neque velit.', '4534345345345', 'California Street, San Francisco, CA, United States', 'California Street', 'San Francisco', 'California', 'United States', 0, '37.7875445', '-122.44492709999997', '1', '2017-05-02  12:27:23'),
('', 0, 3, 'Cadal', 'Evans', 'uploads/1493721333_av2.jpg', 'cadal@gmail.com', 'd41d8cd98f00b204e9800998ecf8427e', 'www.cityride.com', 'CityRide', 'Lorem ipsum dolor sit amet, amet in erat montes, habitant lacus vel laoreet, wisi arcu ad quis risus eu, vehicula curabitur erat praesent ut justo, amet cras magna neque condimentum erat. Ut ultricies per wisi ut, molestie non vitae. Integer sapien augue lorem rutrum, risus etiam, nunc mauris ipsum et auctor. Egestas faucibus integer dolor. Risus ipsum, venenatis mauris mauris cursus lectus justo. Elit aenean arcu amet adipiscing vel, cras vel sapien luctus quis, in nulla phasellus ac, vestibulum orci nec mattis blandit in dolor, autem in. Eget felis leo aliquam, sed placerat pellentesque, eleifend sed morbi erat a debitis, feugiat id duis et. Eget lectus duis neque velit.', 'Lorem ipsum dolor sit amet, amet in erat montes, habitant lacus vel laoreet, wisi arcu ad quis risus eu, vehicula curabitur erat praesent ut justo, amet cras magna neque condimentum erat. Ut ultricies per wisi ut, molestie non vitae. Integer sapien augue lorem rutrum, risus etiam, nunc mauris ipsum et auctor. Egestas faucibus integer dolor. Risus ipsum, venenatis mauris mauris cursus lectus justo. Elit aenean arcu amet adipiscing vel, cras vel sapien luctus quis, in nulla phasellus ac, vestibulum orci nec mattis blandit in dolor, autem in. Eget felis leo aliquam, sed placerat pellentesque, eleifend sed morbi erat a debitis, feugiat id duis et. Eget lectus duis neque velit.', '4534345345345', 'Universal Boulevard, Orlando, FL, United States', 'Universal Boulevard', 'Orlando', 'Florida', 'United States', 0, '28.4535481', '-81.46455349999997', '1', '2017-05-02  12:32:54');

-- --------------------------------------------------------

--
-- Table structure for table `dealers_packages`
--

CREATE TABLE IF NOT EXISTS `dealers_packages` (
  `status` int(1) NOT NULL DEFAULT '1',
  `id` int(11) NOT NULL,
  `package_name` varchar(250) NOT NULL,
  `price` varchar(250) NOT NULL,
  `period` varchar(250) NOT NULL,
  `created_on` varchar(250) NOT NULL,
  `created_by` varchar(250) NOT NULL
) ENGINE=MyISAM AUTO_INCREMENT=5 DEFAULT CHARSET=latin1;

--
-- Dumping data for table `dealers_packages`
--

INSERT INTO `dealers_packages` (`status`, `id`, `package_name`, `price`, `period`, `created_on`, `created_by`) VALUES
(1, 1, 'lite', '100', '1 year', '2017-04-27  07:25:36', '1');

-- --------------------------------------------------------

--
-- Table structure for table `dealers_payments`
--

CREATE TABLE IF NOT EXISTS `dealers_payments` (
  `payment_status` varchar(250) NOT NULL,
  `id` int(11) NOT NULL,
  `dealer_id` int(11) NOT NULL,
  `package_id` int(11) NOT NULL,
  `package_name` varchar(255) DEFAULT NULL,
  `package_period` varchar(255) DEFAULT NULL,
  `payment_gross` varchar(250) NOT NULL,
  `payment_date` varchar(250) NOT NULL,
  `expiry_date` varchar(255) DEFAULT NULL
) ENGINE=MyISAM AUTO_INCREMENT=4 DEFAULT CHARSET=latin1;

--
-- Dumping data for table `dealers_payments`
--

INSERT INTO `dealers_payments` (`payment_status`, `id`, `dealer_id`, `package_id`, `package_name`, `package_period`, `payment_gross`, `payment_date`, `expiry_date`) VALUES
('completed', 1, 1, 1, 'lite', '1 year', '100', '2017-04-27  11:00:16', '2018-04-27'),
('completed', 2, 1, 1, 'lite', '1 year', '100', '2017-04-27  10:59:46', '2018-04-27'),
('completed', 3, 1, 1, 'lite', '1 year', '100', '2017-05-02  11:20:57', '2018-05-02');

-- --------------------------------------------------------

--
-- Table structure for table `deal_durations`
--

CREATE TABLE IF NOT EXISTS `deal_durations` (
  `id` int(11) NOT NULL,
  `name` varchar(255) NOT NULL,
  `total_duration` varchar(255) NOT NULL,
  `created_on` varchar(255) NOT NULL,
  `created_by` varchar(255) NOT NULL
) ENGINE=MyISAM AUTO_INCREMENT=6 DEFAULT CHARSET=latin1;

--
-- Dumping data for table `deal_durations`
--

INSERT INTO `deal_durations` (`id`, `name`, `total_duration`, `created_on`, `created_by`) VALUES
(2, 'Short', '<12hrs', '2017-03-23  08:30:05', '1'),
(3, 'Medium', '12-24hrs', '2017-03-23  08:30:31', '1'),
(4, 'Long', ' 24-48hrs', '2017-03-23  08:30:48', '1');

-- --------------------------------------------------------

--
-- Table structure for table `general_faq`
--

CREATE TABLE IF NOT EXISTS `general_faq` (
  `position` varchar(250) DEFAULT NULL,
  `id` int(11) NOT NULL,
  `question` varchar(250) DEFAULT NULL,
  `answer` longtext NOT NULL
) ENGINE=MyISAM AUTO_INCREMENT=7 DEFAULT CHARSET=latin1;

--
-- Dumping data for table `general_faq`
--

INSERT INTO `general_faq` (`position`, `id`, `question`, `answer`) VALUES
('1', 1, 'What we do and why we do it?', 'Class aptent taciti sociosqu ad litora torquent per conubia nostra, per inceptos himenaeos. Sed molestie augue sit amet leo consequat posuere. Vestibulum ante ipsum primis in faucibus orci luctus et ultrices posuere cubilia Curae; Proin vel ante a orci tempus eleifend ut et magna. Lorem ipsum dolor sit amet, consectetur adipiscing elit. Vivamus luctus urna sed urna ultricies ac tempor dui sagittis. In condimentum facilisis porta. Sed nec diam eu diam mattis viverra. Nulla fringilla, orci ac euismod semper, magna diam porttitor mauris, quis sollicitudin sapien justo in libero. Vestibulum mollis mauris enim. Morbi euismod magna ac lorem rutrum elementum. Donec viverra auctor lobortis. Pellentesque eu est a nulla placerat dignissim.'),
('2', 2, 'Sed Molestie Augue Sit Amet Leo Messi?', 'Vestibulum ante ipsum primis in faucibus orci luctus et ultrices posuere cubilia Curae; Proin vel ante a orci tempus eleifend ut et magna. Lorem ipsum dolor sit amet, consectetur adipiscing elit. Vivamus luctus urna sed urna ultricies ac tempor dui sagittis. In condimentum facilisis porta. Sed nec diam eu diam mattis viverra. Nulla fringilla, orci ac euismod semper, magna diam.Vestibulum mollismauris enim. Morbi euismod magna ac lorem rutrum elementum. Donec viverra auctor lobortis. Pellentesque eu est a nulla placerat dignissim.'),
('3', 3, 'In Condimentum Facilisis Porta. Sed Nec Diam Lorem Ipsum Dolor', 'In condimentum facilisis porta. Sed nec diam eu diam mattis viverra. Nulla fringilla, orci ac euismod semper, magna diam. Vestibulum mollis mauris enim. Morbi euismod magna ac lorem rutrum elementum. Donec viverra auctor lobortis. Pellentesque eu est a nulla placerat dignissim.'),
('4', 4, 'Duis Aliquet Egestas Purus In Blandit. Curabitur?', 'Proin vel ante a orci tempus eleifend ut et magna. Lorem ipsum dolor sit amet, consectetur adipiscing elit. Vivamus luctus urna sed urna ultricies ac tempor dui sagittis. In condimentum facilisis porta. Sed nec diam eu diam mattis viverra. Nulla fringilla, orci ac euismod semper, magna diam.Vestibulum mollismauris enim. Morbi euismod magna ac lorem rutrum elementum. Donec viverra auctor lobortis. Pellentesque eu est a nulla placerat dignissim'),
('5', 5, 'ivamus luctus urna sed urna ultricies?', '                             Class aptent taciti sociosqu ad litora torquent per conubia nostra, per inceptos himenaeos. Sed molestie augue sit amet leo consequat posuere. Vestibulum ante ipsum primis in faucibus orci luctus et ultrices posuere cubilia Curae. Proin vel ante a orci tempus eleifend ut et magna. Lorem ipsum dolor sit amet, consectetur adipiscing elit. Vivamus luctus urna sed urna ultricies ac tempor dui sagittis.');

-- --------------------------------------------------------

--
-- Table structure for table `general_languages`
--

CREATE TABLE IF NOT EXISTS `general_languages` (
  `id` int(11) NOT NULL,
  `name` varchar(255) DEFAULT NULL,
  `created_date` varchar(255) DEFAULT NULL,
  `created_by` varchar(255) DEFAULT NULL,
  `updated_on` varchar(255) DEFAULT NULL,
  `updated_by` varchar(255) DEFAULT NULL
) ENGINE=MyISAM AUTO_INCREMENT=2 DEFAULT CHARSET=latin1;

--
-- Dumping data for table `general_languages`
--

INSERT INTO `general_languages` (`id`, `name`, `created_date`, `created_by`, `updated_on`, `updated_by`) VALUES
(1, 'english', NULL, NULL, '2017-04-28  14:14:11', '1');

-- --------------------------------------------------------

--
-- Table structure for table `general_locations`
--

CREATE TABLE IF NOT EXISTS `general_locations` (
  `id` int(11) NOT NULL,
  `name` varchar(255) DEFAULT NULL,
  `picture` varchar(255) DEFAULT NULL,
  `address` varchar(255) DEFAULT NULL,
  `city` varchar(255) DEFAULT NULL,
  `zip` varchar(255) DEFAULT NULL,
  `latitude` varchar(255) DEFAULT NULL,
  `longitude` varchar(255) DEFAULT NULL,
  `short_lat` varchar(255) DEFAULT NULL,
  `short_lon` varchar(255) DEFAULT NULL,
  `created_by` varchar(255) DEFAULT NULL,
  `created_on` varchar(255) DEFAULT NULL
) ENGINE=MyISAM AUTO_INCREMENT=23 DEFAULT CHARSET=latin1;

--
-- Dumping data for table `general_locations`
--

INSERT INTO `general_locations` (`id`, `name`, `picture`, `address`, `city`, `zip`, `latitude`, `longitude`, `short_lat`, `short_lon`, `created_by`, `created_on`) VALUES
(1, 'Bengaluru', 'uploads/places/bangalore.png', 'Bengaluru, Karnataka, India', 'Bengaluru', '', '12.9715987', '77.59456269999998', '12', '77', NULL, NULL),
(2, 'Hyderabad', 'uploads/places/hydrabad.png', 'Hyderabad, Telangana, India', 'Hyderabad', '', '17.385044', '78.486671', '17', '78', NULL, NULL),
(3, 'Pune', 'uploads/places/pune.png', 'Pune, Maharashtra, India', 'Pune', '', '18.5204303', '73.85674369999992', '18', '73', NULL, NULL),
(4, 'Delhi', 'uploads/places/delhi.png', 'Delhi, India', 'Delhi', '', '28.6618976', '77.22739580000007', '28', '77', NULL, NULL),
(5, 'Mumbai', 'uploads/places/mumbai.png', 'Mumbai, Maharashtra, India', 'Mumbai', '', '19.0759837', '72.87765590000004', '19', '72', NULL, NULL),
(11, 'Chennai', 'uploads/1493354062_bangalore.png', 'Chennai, Tamil Nadu, India', 'Chennai', '', '13.0826802', '80.27071840000008', '13', '80', '1', '2017-04-28  06:34:05'),
(13, 'Coimbatore', 'uploads/1493362936_11.png', 'Coimbatore, Tamil Nadu, India', 'Coimbatore', '', '11.0168445', '76.95583209999995', '11', '76', '1', '2017-04-28  08:36:31'),
(14, 'Kochi', 'uploads/1493362960_10.png', 'Kochi, Kerala, India', 'Kochi', '', '9.9312328', '76.26730410000005', '9', '76', '1', '2017-04-28  09:02:16'),
(12, 'Madurai', 'uploads/1493361391_11.png', 'Madurai, Tamil Nadu, India', 'Madurai', '', '9.9252007', '78.11977539999998', '9', '78', '1', '2017-04-28  08:36:17');

-- --------------------------------------------------------

--
-- Table structure for table `general_settings`
--

CREATE TABLE IF NOT EXISTS `general_settings` (
  `id` int(11) NOT NULL,
  `title` varchar(255) DEFAULT NULL,
  `mini_title` varchar(255) DEFAULT NULL,
  `logo` varchar(255) DEFAULT NULL,
  `favicon` varchar(255) DEFAULT NULL,
  `refund_amount` varchar(255) DEFAULT NULL,
  `smtp_username` varchar(255) DEFAULT NULL,
  `smtp_host` varchar(255) DEFAULT NULL,
  `smtp_password` varchar(255) DEFAULT NULL,
  `admin_email` varchar(255) DEFAULT NULL,
  `facebookid` varchar(250) DEFAULT NULL,
  `twitterid` varchar(250) NOT NULL,
  `apikey` varchar(250) DEFAULT NULL
) ENGINE=InnoDB AUTO_INCREMENT=2 DEFAULT CHARSET=latin1;

--
-- Dumping data for table `general_settings`
--

INSERT INTO `general_settings` (`id`, `title`, `mini_title`, `logo`, `favicon`, `refund_amount`, `smtp_username`, `smtp_host`, `smtp_password`, `admin_email`, `facebookid`, `twitterid`, `apikey`) VALUES
(1, 'City Drive', 'CD', 'assets/images/1.png', 'uploads/1493357786_21.png', '1500', 'root', 'localhost', 'root1!', 'drive@example.com', 'citydrive', 'citydrive', 'AIzaSyAPkwBOzGBH1V1sRBzmCWQS-7XoTgPghT0');

-- --------------------------------------------------------

--
-- Table structure for table `general_sub_locations`
--

CREATE TABLE IF NOT EXISTS `general_sub_locations` (
  `location_id` int(11) DEFAULT NULL,
  `id` int(11) NOT NULL,
  `address` varchar(255) DEFAULT NULL,
  `city` varchar(255) DEFAULT NULL,
  `zip` int(11) DEFAULT NULL,
  `latitude` varchar(255) DEFAULT NULL,
  `longitude` varchar(255) DEFAULT NULL,
  `short_lat` varchar(255) DEFAULT NULL,
  `short_lon` varchar(255) DEFAULT NULL,
  `created_on` varchar(255) DEFAULT NULL,
  `created_by` varchar(255) DEFAULT NULL,
  `short_address` varchar(255) DEFAULT NULL
) ENGINE=MyISAM AUTO_INCREMENT=29 DEFAULT CHARSET=latin1;

--
-- Dumping data for table `general_sub_locations`
--

INSERT INTO `general_sub_locations` (`location_id`, `id`, `address`, `city`, `zip`, `latitude`, `longitude`, `short_lat`, `short_lon`, `created_on`, `created_by`, `short_address`) VALUES
(2, 13, 'Baba Nagar, Hyderabad, Telangana, India', 'Hyderabad', 500053, '17.3346639', '78.48786110000003', '17', '78', '2017-04-26  14:41:17', '1', 'Baba Nagar'),
(4, 14, 'Delhi Noida Direct Flyway, Okhla Bird Sanctury, Noida, Delhi, India', 'Noida', 201301, '28.5760255', '77.30330189999995', '28', '77', '2017-05-02  13:36:58', '1', 'Delhi Noida Direct Flyway'),
(11, 15, 'Chennai Central, Station Road, Kannappar Thidal, Chennai, Tamil Nadu, India', 'Chennai', 600003, '13.0823353', '80.2754473', '13', '80', '2017-05-02  13:46:06', '1', 'Chennai Central'),
(13, 16, 'Coimbatore Junction, State Bank Road, Gopalapuram, Coimbatore, Tamil Nadu, India', 'Coimbatore', 641001, '10.9963653', '76.96722180000006', '10', '76', '2017-05-02  13:46:20', '1', 'Coimbatore Junction'),
(14, 17, 'Palarivattom, Kochi, Kerala, India', 'Kochi', 0, '9.998480199999998', '76.31193639999992', '9', '76', '2017-05-02  13:50:12', '1', 'Palarivattom'),
(3, 18, 'Pune University, Pune, Maharashtra, India', 'Pune', 0, '18.5544976', '73.82573249999996', '18', '73', '2017-05-02  14:19:26', '1', 'Pune University'),
(1, 19, 'Bangalore City Station, M.G. Railway Colony, Bengaluru, Karnataka, India', 'Bengaluru', 560023, '12.9783484', '77.56839830000001', '12', '77', '2017-05-02  14:19:46', '1', 'Bangalore City Station'),
(2, 20, 'SCERT Road, Fateh Maidan, Hyderabad, Telangana, India', 'Hyderabad', 500001, '17.3977618', '78.4736633', '17', '78', '2017-05-02  14:20:06', '1', 'SCERT Road'),
(4, 21, 'Delhi Cantt, New Delhi, Delhi, India', 'New Delhi', 110010, '28.6119222', '77.11564240000007', '28', '77', '2017-05-02  14:20:47', '1', 'Delhi Cantt'),
(11, 22, 'Chennai Theni Highway, Ganapathipuram, Chennai, Tamil Nadu, India', 'Chennai', 0, '12.9207073', '80.11196359999997', '12', '80', '2017-05-02  14:21:05', '1', 'Chennai Theni Highway'),
(13, 23, 'Coimbatore-Ooty-Gundlupet Highway, Daniel Nagar, Thoppampatti Pirivu, Kurudampalayam, Tamil Nadu, India', 'Kurudampalayam', 641017, '11.0973864', '76.93860410000002', '11', '76', '2017-05-02  14:21:49', '1', 'Coimbatore-Ooty-Gundlupet Highway'),
(14, 24, 'Kaloor - Kadavanthara Road, Kathrikadavu, Kochi, Kerala, India', 'Kochi', 682017, '9.981070299999999', '76.29616090000002', '9', '76', '2017-05-02  14:22:01', '1', 'Kaloor - Kadavanthara Road'),
(5, 25, 'Mumbai Central Local Station, Tulsiwadi Path, Dadal Estate, Mumbai, Maharashtra, India', 'Mumbai', 400034, '18.9707028', '72.81942409999999', '18', '72', '2017-05-02  14:22:30', '1', 'Mumbai Central Local Station'),
(5, 26, 'Mumbai Central Railway Station Building, Mumbai Central, Mumbai, Maharashtra, India', 'Mumbai', 400008, '18.969539', '72.81932899999993', '18', '72', '2017-05-02  14:23:05', '1', 'Mumbai Central Railway Station Building'),
(12, 27, 'Madurai Main, Madurai, Tamil Nadu, India', 'Madurai', 0, '9.921193599999999', '78.11938229999998', '9', '78', '2017-05-02  14:23:16', '1', 'Madurai Main'),
(12, 28, 'Madurai Junction Railway Station, Junction Overpass, Southern Railway Colony, Madurai, Tamil Nadu, India', 'Madurai', 625016, '9.920354499999998', '78.1102932', '9', '78', '2017-05-02  14:23:52', '1', 'Madurai Junction Railway Station');

-- --------------------------------------------------------

--
-- Table structure for table `offers`
--

CREATE TABLE IF NOT EXISTS `offers` (
  `status` int(1) NOT NULL DEFAULT '0',
  `id` int(11) NOT NULL,
  `category_id` int(11) NOT NULL,
  `coupon_for` varchar(250) DEFAULT NULL,
  `image` varchar(255) DEFAULT NULL,
  `location_id` int(11) DEFAULT NULL,
  `coupon_code` int(11) DEFAULT NULL,
  `percentage` varchar(250) DEFAULT NULL,
  `expiry_date` varchar(255) DEFAULT NULL,
  `created_on` varchar(250) DEFAULT NULL,
  `created_by` varchar(250) DEFAULT NULL
) ENGINE=MyISAM AUTO_INCREMENT=3 DEFAULT CHARSET=latin1;

--
-- Dumping data for table `offers`
--

INSERT INTO `offers` (`status`, `id`, `category_id`, `coupon_for`, `image`, `location_id`, `coupon_code`, `percentage`, `expiry_date`, `created_on`, `created_by`) VALUES
(1, 1, 12, 'luxury', 'uploads/1493369146_717e1bd41c444105955b41eba920dfec.jpg', 2, 234568, '12', '18-05-2017 10:00 AM', '2017-04-27  07:13:24', '1'),
(0, 2, 14, 'Van', 'uploads/1493369923_ICON_F0AFBB-A2D191-8FD2BD-310214-E4DD9E-69885B.jpg', 4, 987654, '20', '28-04-2017 01:00 PM', '2017-04-28  09:03:44', '1');

-- --------------------------------------------------------

--
-- Table structure for table `renter`
--

CREATE TABLE IF NOT EXISTS `renter` (
  `status` int(1) DEFAULT '1',
  `id` int(11) NOT NULL,
  `rentee` varchar(250) DEFAULT NULL,
  `gender` varchar(250) DEFAULT NULL,
  `dob` varchar(250) DEFAULT NULL,
  `email` varchar(250) DEFAULT NULL,
  `phone` varchar(255) DEFAULT NULL,
  `password` varchar(250) DEFAULT NULL,
  `aboutme` varchar(80) DEFAULT NULL,
  `address` varchar(250) DEFAULT NULL,
  `city` varchar(250) DEFAULT NULL,
  `state` varchar(250) DEFAULT NULL,
  `country` varchar(250) DEFAULT NULL,
  `zip` int(11) DEFAULT NULL,
  `latitude` varchar(250) DEFAULT NULL,
  `longitude` varchar(250) DEFAULT NULL,
  `profile_picture` varchar(255) DEFAULT NULL,
  `license_number` varchar(255) DEFAULT NULL,
  `short_address` varchar(255) DEFAULT NULL,
  `created_on` varchar(255) DEFAULT NULL,
  `created_by` varchar(255) DEFAULT NULL
) ENGINE=MyISAM AUTO_INCREMENT=4 DEFAULT CHARSET=latin1;

--
-- Dumping data for table `renter`
--

INSERT INTO `renter` (`status`, `id`, `rentee`, `gender`, `dob`, `email`, `phone`, `password`, `aboutme`, `address`, `city`, `state`, `country`, `zip`, `latitude`, `longitude`, `profile_picture`, `license_number`, `short_address`, `created_on`, `created_by`) VALUES
(1, 1, 'charles', 'male', '2-2-1993', 'charles@gmail.com', '9578656943', 'e10adc3949ba59abbe56e057f20f883e', 'testtesttesttesttesttesttesttesttesttesttesttesttesttesttesttesttesttesttesttest', 'Chennai Central, Station Road, Kannappar Thidal, Chennai, Tamil Nadu, India', 'Chennai', 'Tamil Nadu', 'India', 600003, '13.0823353', '80.2754473', 'uploads/rentee/46.png', '5578945612338', 'Chennai Central, Station Road, Kannappar Thidal, Chennai, Tamil Nadu, India', '2017-04-27  06:52:52', '1'),
(1, 2, 'sivan', 'male', '06-04-2017', 'sivan@gmail.com', '9578656943', '3e70e35ae353643e595ed4f83d6983f9', 'ddddddddd', 'Dubai - United Arab Emirates', 'Dubai', 'Dubai', 'United Arab Emirates', 0, '25.2048493', '55.270782800000006', 'uploads/1493385983_46.png', '124578965412', 'Dubai - United Arab Emirates', '2017-04-28  15:25:43', '1'),
(1, 3, 'kim', 'male', '03-05-2017', 'kim@gmail.com', '9578656943', 'a8b522ed7a4990a16a1098832d29dd21', '145454', '126 Princes Highway, Bolwarra, Victoria, Australia', 'Bolwarra', 'Victoria', 'Australia', 3305, '-38.2911794', '141.60870610000006', 'uploads/1493702079_46.png', '123456789', '126 Princes Highway', '2017-05-02  07:13:54', '1');

-- --------------------------------------------------------

--
-- Table structure for table `renter_co_jockeys`
--

CREATE TABLE IF NOT EXISTS `renter_co_jockeys` (
  `renter_id` int(11) DEFAULT NULL,
  `id` int(11) NOT NULL,
  `name` varchar(250) DEFAULT NULL,
  `email` varchar(250) DEFAULT NULL,
  `created_by` varchar(250) DEFAULT NULL,
  `created_on` varchar(250) DEFAULT NULL
) ENGINE=MyISAM AUTO_INCREMENT=2 DEFAULT CHARSET=latin1;

--
-- Dumping data for table `renter_co_jockeys`
--

INSERT INTO `renter_co_jockeys` (`renter_id`, `id`, `name`, `email`, `created_by`, `created_on`) VALUES
(1, 1, 'ranjith', 'ranjith@gmail.com', '1', '2017-04-27  07:01:38');

-- --------------------------------------------------------

--
-- Table structure for table `renter_license`
--

CREATE TABLE IF NOT EXISTS `renter_license` (
  `status` varchar(250) DEFAULT NULL,
  `renter_id` int(11) DEFAULT NULL,
  `id` int(11) NOT NULL,
  `license` varchar(250) DEFAULT NULL,
  `created_on` varchar(250) DEFAULT NULL,
  `created_by` varchar(250) DEFAULT NULL
) ENGINE=MyISAM AUTO_INCREMENT=2 DEFAULT CHARSET=latin1;

--
-- Dumping data for table `renter_license`
--

INSERT INTO `renter_license` (`status`, `renter_id`, `id`, `license`, `created_on`, `created_by`) VALUES
('1', 1, 1, 'uploads/1493269292_mclovin_license.jpg', '2017-04-27  07:01:25', '1');

-- --------------------------------------------------------

--
-- Table structure for table `tariff`
--

CREATE TABLE IF NOT EXISTS `tariff` (
  `id` int(11) NOT NULL,
  `name` varchar(255) DEFAULT NULL,
  `free_km` varchar(255) DEFAULT NULL,
  `created_by` varchar(255) DEFAULT NULL,
  `created_on` varchar(255) DEFAULT NULL
) ENGINE=MyISAM AUTO_INCREMENT=6 DEFAULT CHARSET=latin1;

--
-- Dumping data for table `tariff`
--

INSERT INTO `tariff` (`id`, `name`, `free_km`, `created_by`, `created_on`) VALUES
(1, 'LITE', '100', '1', '2017-04-27  07:18:28'),
(4, 'XL', '200', '1', '2017-04-27  10:41:15'),
(5, 'CLASIC', '300', '1', '2017-04-28  10:36:48');

-- --------------------------------------------------------

--
-- Table structure for table `tariff_package`
--

CREATE TABLE IF NOT EXISTS `tariff_package` (
  `tariff_id` int(11) DEFAULT NULL,
  `id` int(11) NOT NULL,
  `listing_id` int(11) DEFAULT NULL,
  `price_normal` varchar(255) DEFAULT NULL,
  `price_weekend` varchar(255) DEFAULT NULL,
  `price_peak` varchar(255) DEFAULT NULL
) ENGINE=MyISAM AUTO_INCREMENT=12 DEFAULT CHARSET=latin1;

--
-- Dumping data for table `tariff_package`
--

INSERT INTO `tariff_package` (`tariff_id`, `id`, `listing_id`, `price_normal`, `price_weekend`, `price_peak`) VALUES
(1, 9, 5, '350', '400', '450'),
(5, 8, 4, '200', '300', '400'),
(4, 5, 4, '150', '250', '300'),
(1, 7, 4, '100', '20', '20'),
(4, 10, 5, '400', '450', '500'),
(5, 11, 5, '500', '550', '560');

--
-- Indexes for dumped tables
--

--
-- Indexes for table `admin`
--
ALTER TABLE `admin`
  ADD PRIMARY KEY (`id`);

--
-- Indexes for table `admin_role`
--
ALTER TABLE `admin_role`
  ADD PRIMARY KEY (`id`);

--
-- Indexes for table `admin_role_pages`
--
ALTER TABLE `admin_role_pages`
  ADD PRIMARY KEY (`p_id`);

--
-- Indexes for table `admin_role_permission`
--
ALTER TABLE `admin_role_permission`
  ADD PRIMARY KEY (`id`);

--
-- Indexes for table `car_booking`
--
ALTER TABLE `car_booking`
  ADD PRIMARY KEY (`id`);

--
-- Indexes for table `car_category`
--
ALTER TABLE `car_category`
  ADD PRIMARY KEY (`id`);

--
-- Indexes for table `car_color`
--
ALTER TABLE `car_color`
  ADD PRIMARY KEY (`id`);

--
-- Indexes for table `car_feature`
--
ALTER TABLE `car_feature`
  ADD PRIMARY KEY (`id`);

--
-- Indexes for table `car_fuel`
--
ALTER TABLE `car_fuel`
  ADD PRIMARY KEY (`id`);

--
-- Indexes for table `car_gallery`
--
ALTER TABLE `car_gallery`
  ADD PRIMARY KEY (`id`);

--
-- Indexes for table `car_insurance`
--
ALTER TABLE `car_insurance`
  ADD PRIMARY KEY (`id`);

--
-- Indexes for table `car_listing`
--
ALTER TABLE `car_listing`
  ADD PRIMARY KEY (`id`);

--
-- Indexes for table `car_make`
--
ALTER TABLE `car_make`
  ADD PRIMARY KEY (`id`);

--
-- Indexes for table `car_model`
--
ALTER TABLE `car_model`
  ADD PRIMARY KEY (`id`), ADD KEY `make` (`make_id`);

--
-- Indexes for table `car_showroom`
--
ALTER TABLE `car_showroom`
  ADD PRIMARY KEY (`id`);

--
-- Indexes for table `commute`
--
ALTER TABLE `commute`
  ADD PRIMARY KEY (`id`);

--
-- Indexes for table `commute_package`
--
ALTER TABLE `commute_package`
  ADD PRIMARY KEY (`id`);

--
-- Indexes for table `deal`
--
ALTER TABLE `deal`
  ADD PRIMARY KEY (`id`);

--
-- Indexes for table `dealers`
--
ALTER TABLE `dealers`
  ADD PRIMARY KEY (`id`);

--
-- Indexes for table `dealers_packages`
--
ALTER TABLE `dealers_packages`
  ADD PRIMARY KEY (`id`);

--
-- Indexes for table `dealers_payments`
--
ALTER TABLE `dealers_payments`
  ADD PRIMARY KEY (`id`);

--
-- Indexes for table `deal_durations`
--
ALTER TABLE `deal_durations`
  ADD PRIMARY KEY (`id`);

--
-- Indexes for table `general_faq`
--
ALTER TABLE `general_faq`
  ADD PRIMARY KEY (`id`);

--
-- Indexes for table `general_languages`
--
ALTER TABLE `general_languages`
  ADD PRIMARY KEY (`id`);

--
-- Indexes for table `general_locations`
--
ALTER TABLE `general_locations`
  ADD PRIMARY KEY (`id`);

--
-- Indexes for table `general_settings`
--
ALTER TABLE `general_settings`
  ADD PRIMARY KEY (`id`);

--
-- Indexes for table `general_sub_locations`
--
ALTER TABLE `general_sub_locations`
  ADD PRIMARY KEY (`id`);

--
-- Indexes for table `offers`
--
ALTER TABLE `offers`
  ADD PRIMARY KEY (`id`);

--
-- Indexes for table `renter`
--
ALTER TABLE `renter`
  ADD PRIMARY KEY (`id`);

--
-- Indexes for table `renter_co_jockeys`
--
ALTER TABLE `renter_co_jockeys`
  ADD PRIMARY KEY (`id`);

--
-- Indexes for table `renter_license`
--
ALTER TABLE `renter_license`
  ADD PRIMARY KEY (`id`);

--
-- Indexes for table `tariff`
--
ALTER TABLE `tariff`
  ADD PRIMARY KEY (`id`);

--
-- Indexes for table `tariff_package`
--
ALTER TABLE `tariff_package`
  ADD PRIMARY KEY (`id`);

--
-- AUTO_INCREMENT for dumped tables
--

--
-- AUTO_INCREMENT for table `admin`
--
ALTER TABLE `admin`
  MODIFY `id` int(11) NOT NULL AUTO_INCREMENT,AUTO_INCREMENT=7;
--
-- AUTO_INCREMENT for table `admin_role`
--
ALTER TABLE `admin_role`
  MODIFY `id` int(11) NOT NULL AUTO_INCREMENT,AUTO_INCREMENT=15;
--
-- AUTO_INCREMENT for table `admin_role_pages`
--
ALTER TABLE `admin_role_pages`
  MODIFY `p_id` int(11) NOT NULL AUTO_INCREMENT,AUTO_INCREMENT=128;
--
-- AUTO_INCREMENT for table `admin_role_permission`
--
ALTER TABLE `admin_role_permission`
  MODIFY `id` int(11) NOT NULL AUTO_INCREMENT,AUTO_INCREMENT=47;
--
-- AUTO_INCREMENT for table `car_booking`
--
ALTER TABLE `car_booking`
  MODIFY `id` int(11) NOT NULL AUTO_INCREMENT,AUTO_INCREMENT=6;
--
-- AUTO_INCREMENT for table `car_category`
--
ALTER TABLE `car_category`
  MODIFY `id` int(11) NOT NULL AUTO_INCREMENT,AUTO_INCREMENT=17;
--
-- AUTO_INCREMENT for table `car_color`
--
ALTER TABLE `car_color`
  MODIFY `id` int(11) NOT NULL AUTO_INCREMENT,AUTO_INCREMENT=23;
--
-- AUTO_INCREMENT for table `car_feature`
--
ALTER TABLE `car_feature`
  MODIFY `id` int(11) NOT NULL AUTO_INCREMENT,AUTO_INCREMENT=33;
--
-- AUTO_INCREMENT for table `car_fuel`
--
ALTER TABLE `car_fuel`
  MODIFY `id` int(6) NOT NULL AUTO_INCREMENT,AUTO_INCREMENT=11;
--
-- AUTO_INCREMENT for table `car_gallery`
--
ALTER TABLE `car_gallery`
  MODIFY `id` int(11) NOT NULL AUTO_INCREMENT,AUTO_INCREMENT=12;
--
-- AUTO_INCREMENT for table `car_insurance`
--
ALTER TABLE `car_insurance`
  MODIFY `id` int(11) NOT NULL AUTO_INCREMENT,AUTO_INCREMENT=5;
--
-- AUTO_INCREMENT for table `car_listing`
--
ALTER TABLE `car_listing`
  MODIFY `id` int(11) NOT NULL AUTO_INCREMENT,AUTO_INCREMENT=12;
--
-- AUTO_INCREMENT for table `car_make`
--
ALTER TABLE `car_make`
  MODIFY `id` int(11) NOT NULL AUTO_INCREMENT,AUTO_INCREMENT=145;
--
-- AUTO_INCREMENT for table `car_model`
--
ALTER TABLE `car_model`
  MODIFY `id` int(11) NOT NULL AUTO_INCREMENT,AUTO_INCREMENT=5724;
--
-- AUTO_INCREMENT for table `car_showroom`
--
ALTER TABLE `car_showroom`
  MODIFY `id` int(11) NOT NULL AUTO_INCREMENT,AUTO_INCREMENT=9;
--
-- AUTO_INCREMENT for table `commute`
--
ALTER TABLE `commute`
  MODIFY `id` int(11) NOT NULL AUTO_INCREMENT,AUTO_INCREMENT=7;
--
-- AUTO_INCREMENT for table `commute_package`
--
ALTER TABLE `commute_package`
  MODIFY `id` int(11) NOT NULL AUTO_INCREMENT,AUTO_INCREMENT=9;
--
-- AUTO_INCREMENT for table `deal`
--
ALTER TABLE `deal`
  MODIFY `id` int(11) NOT NULL AUTO_INCREMENT,AUTO_INCREMENT=5;
--
-- AUTO_INCREMENT for table `dealers`
--
ALTER TABLE `dealers`
  MODIFY `id` int(11) NOT NULL AUTO_INCREMENT,AUTO_INCREMENT=5;
--
-- AUTO_INCREMENT for table `dealers_packages`
--
ALTER TABLE `dealers_packages`
  MODIFY `id` int(11) NOT NULL AUTO_INCREMENT,AUTO_INCREMENT=5;
--
-- AUTO_INCREMENT for table `dealers_payments`
--
ALTER TABLE `dealers_payments`
  MODIFY `id` int(11) NOT NULL AUTO_INCREMENT,AUTO_INCREMENT=4;
--
-- AUTO_INCREMENT for table `deal_durations`
--
ALTER TABLE `deal_durations`
  MODIFY `id` int(11) NOT NULL AUTO_INCREMENT,AUTO_INCREMENT=6;
--
-- AUTO_INCREMENT for table `general_faq`
--
ALTER TABLE `general_faq`
  MODIFY `id` int(11) NOT NULL AUTO_INCREMENT,AUTO_INCREMENT=7;
--
-- AUTO_INCREMENT for table `general_languages`
--
ALTER TABLE `general_languages`
  MODIFY `id` int(11) NOT NULL AUTO_INCREMENT,AUTO_INCREMENT=2;
--
-- AUTO_INCREMENT for table `general_locations`
--
ALTER TABLE `general_locations`
  MODIFY `id` int(11) NOT NULL AUTO_INCREMENT,AUTO_INCREMENT=23;
--
-- AUTO_INCREMENT for table `general_settings`
--
ALTER TABLE `general_settings`
  MODIFY `id` int(11) NOT NULL AUTO_INCREMENT,AUTO_INCREMENT=2;
--
-- AUTO_INCREMENT for table `general_sub_locations`
--
ALTER TABLE `general_sub_locations`
  MODIFY `id` int(11) NOT NULL AUTO_INCREMENT,AUTO_INCREMENT=29;
--
-- AUTO_INCREMENT for table `offers`
--
ALTER TABLE `offers`
  MODIFY `id` int(11) NOT NULL AUTO_INCREMENT,AUTO_INCREMENT=3;
--
-- AUTO_INCREMENT for table `renter`
--
ALTER TABLE `renter`
  MODIFY `id` int(11) NOT NULL AUTO_INCREMENT,AUTO_INCREMENT=4;
--
-- AUTO_INCREMENT for table `renter_co_jockeys`
--
ALTER TABLE `renter_co_jockeys`
  MODIFY `id` int(11) NOT NULL AUTO_INCREMENT,AUTO_INCREMENT=2;
--
-- AUTO_INCREMENT for table `renter_license`
--
ALTER TABLE `renter_license`
  MODIFY `id` int(11) NOT NULL AUTO_INCREMENT,AUTO_INCREMENT=2;
--
-- AUTO_INCREMENT for table `tariff`
--
ALTER TABLE `tariff`
  MODIFY `id` int(11) NOT NULL AUTO_INCREMENT,AUTO_INCREMENT=6;
--
-- AUTO_INCREMENT for table `tariff_package`
--
ALTER TABLE `tariff_package`
  MODIFY `id` int(11) NOT NULL AUTO_INCREMENT,AUTO_INCREMENT=12;
/*!40101 SET CHARACTER_SET_CLIENT=@OLD_CHARACTER_SET_CLIENT */;
/*!40101 SET CHARACTER_SET_RESULTS=@OLD_CHARACTER_SET_RESULTS */;
/*!40101 SET COLLATION_CONNECTION=@OLD_COLLATION_CONNECTION */;
